"","Row.names","PC1","PC2","PC3","StemTag","sp","previous_dbh","status_2019","DBH_2024","status_2024","wound","rot","canker","crown_living","broken_stem","defoliation","fire","insect","leaf_damage","hollow_stem","animal","lightning","fungi","crushed","uprooted","bark_beetles","unknown","armillaria","growth_time","postfire_leaf_loss","ba","ba_m","ba_m_2019","grow","bai","BAcon","BAhet","tBA","nT","idw_con","idw_het","idw_tot","water"
"1","10",0.0580187440244381,0.116876198319587,-0.0398700407917774,101027,"QULA",11.6,"A",12.7,"AU",1,1,0,61,1,1,0,0,0,0,0,0,0,0,0,0,0,0,5.539726027,0,126.6768698,0.012667687,0.010568318,0.198565776,3.789662666,437.9380159,4965.727012,5403.665028,25,38.82976267,546.4675284,585.297291,11.8872
"2","1003",-0.0432144612113424,-0.0200570436837263,-0.00877080400674634,519014,"QULA",29.8,"A",32.3,"A",0,0,0,94,0,0,0,0,0,0,0,0,0,0,0,0,0,0,5.452054795,0,819.3980499,0.081939805,0.069746499,0.458542714,22.36460738,1838.664224,2407.308203,4245.972427,9,191.758749,206.1907394,397.9494884,12.192
"3","1006",0.0992518162468032,-0.0723213065808398,0.12320724701658,519018,"QULA",26.3,"A",28,"AU",2,2,0,87,0,0,0,0,0,0,0,0,0,0,0,0,0,0,5.452054795,1,615.7521601,0.061575216,0.054325206,0.311809045,13.29775785,2042.310114,1902.776276,3945.086391,9,277.0224764,144.0171659,421.0396423,12.192
"4","1009",0.106466858625705,0.0875515926963152,-0.0282807734508207,519022,"QULA",3.7,"A",3.7,"AU",2,2,0,59,0,1,0,0,0,0,0,0,0,0,0,0,0,0,5.452054795,0,10.75210086,0.00107521,0.00107521,0,0,1642.817338,3872.397791,5515.215129,13,193.035376,340.1441067,533.1794827,12.8016
"5","1010",-0.0432144612113424,-0.0200570436837263,-0.00877080400674633,519023,"QULA",8.5,"A",10,"A",0,0,0,97,0,0,0,0,0,0,0,0,0,0,0,0,0,0,5.452054795,0,78.53981634,0.007853982,0.005674502,0.275125628,3.997538516,359.0997483,4587.416425,4946.516173,13,119.6758545,384.2977068,503.9735613,12.8016
"6","1011",-0.0432144612113424,-0.0200570436837263,-0.00877080400674633,519024,"QULA",15.7,"A",16.8,"A",0,0,0,92,0,0,0,0,0,0,0,0,0,0,0,0,0,0,5.452054795,0,221.6707776,0.022167078,0.019359279,0.201758794,5.149982053,215.968787,3883.495467,4099.464254,11,54.46066233,329.6136676,384.0743299,12.8016
"7","1019",0.0719787058213117,-0.0679512900511633,-0.0555679498846145,521003,"QULA",24.4,"A",24.9,"AU",1,1,0,90,0,0,1,0,0,0,0,0,0,0,0,0,0,0,5.449315068,0,486.9547153,0.048695472,0.046759465,0.091754651,3.552751949,778.1253764,4237.128844,5015.25422,14,59.78625209,412.4748394,472.2610914,12.4968
"8","1030",0.021239545912268,-0.0333448175932699,-0.0103431934648927,521016,"QULA",41.9,"A",43.1,"AU",1,1,0,94,0,0,0,0,0,0,0,0,0,0,0,0,0,0,5.449315068,0,1458.963482,0.145896348,0.137885287,0.220211161,14.70104255,408.7054963,1639.047427,2047.752923,17,31.89119759,259.0481034,290.939301,12.8016
"9","1033",-0.0432144612113424,-0.0200570436837263,-0.00877080400674633,521020,"QULA",3.2,"A",4.6,"A",0,0,0,90,0,0,0,0,0,0,0,0,0,0,0,0,0,0,5.449315068,0,16.61902514,0.001661903,0.000804248,0.256913022,1.57387632,2671.70464,1081.336191,3753.040832,20,280.4083024,112.8804095,393.2887119,12.8016
"10","1034",0.0454466458788887,-0.0452201643511945,-0.0175697347104673,521022,"QULA",16,"A",17,"AU",1,2,0,93,0,0,0,0,0,0,0,0,0,0,0,0,0,0,5.449315068,0,226.9800692,0.022698007,0.020106193,0.183509301,4.756219647,2861.653186,962.3169537,3823.97014,21,321.1919183,113.8183905,435.0103088,11.8872
"11","1035",0.0992518162468032,-0.0723213065808398,0.12320724701658,521023,"QULA",2,"A",2.3,"AU",2,2,0,92,0,0,0,0,0,0,0,0,0,0,0,0,0,0,5.449315068,1,4.154756284,0.000415476,0.000314159,0.05505279,0.18592495,2684.168909,840.4781366,3524.647046,20,268.7242567,82.58567349,351.3099302,11.8872
"12","1036",-0.0432144612113424,-0.0200570436837263,-0.00877080400674632,521024,"QULA",2.7,"A",3.4,"A",0,0,0,99,0,0,0,0,0,0,0,0,0,0,0,0,0,0,5.449315068,0,9.079202769,0.00090792,0.000572555,0.128456511,0.615425997,2679.244463,840.4781366,3519.722599,20,248.5654746,80.95914092,329.5246155,11.8872
"13","1037",0.0740849815369313,-0.0551053752455033,-0.0227031457643078,521025,"QULA",6.4,"A",8.5,"AU",2,2,0,92,0,0,0,0,0,0,0,0,0,0,0,0,0,0,5.449315068,0,56.74501731,0.005674502,0.003216991,0.385369532,4.509760993,3031.888238,962.3169537,3994.205192,21,390.4710875,105.5228438,495.9939314,11.8872
"14","1038",0.0212395459122681,-0.0333448175932699,-0.0103431934648927,521026,"QULA",2,"A",3.6,"AU",1,1,0,97,0,0,0,0,0,0,0,0,0,0,0,0,0,0,5.449315068,0,10.1787602,0.001017876,0.000314159,0.293614882,1.291385698,2800.863368,947.1116452,3747.975014,19,324.6954213,96.0780443,420.7734656,11.8872
"15","1039",-0.0432144612113424,-0.0200570436837263,-0.00877080400674632,521027,"QULA",9.9,"A",10.4,"A",0,0,0,95,0,0,0,0,0,0,0,0,0,0,0,0,0,0,5.449315068,0,84.94866535,0.008494867,0.007697687,0.091754651,1.462897861,3003.68459,962.3169537,3966.001544,21,384.1428682,130.0629994,514.2058676,11.8872
"16","1041",-0.0432144612113424,-0.0200570436837263,-0.00877080400674631,521029,"QULA",3.3,"A",5.6,"A",0,0,0,100,0,0,0,0,0,0,0,0,0,0,0,0,0,0,5.449315068,0,24.6300864,0.002463009,0.000855299,0.422071393,2.95029746,1327.44856,931.1445006,2258.59306,18,203.6401895,89.80213399,293.4423235,11.8872
"17","1042",-0.0432144612113424,-0.0200570436837263,-0.00877080400674631,521030,"QULA",2.7,"A",3.3,"A",0,0,0,98,0,0,0,0,0,0,0,0,0,0,0,0,0,0,5.449315068,0,8.552985999,0.000855299,0.000572555,0.110105581,0.518860325,1343.52566,877.4546821,2220.980342,16,164.3421383,76.89068682,241.2328251,11.8872
"18","1043",-0.0432144612113424,-0.0200570436837263,-0.00877080400674632,521031,"QULA",2.6,"A",3.4,"A",0,0,0,100,0,0,0,0,0,0,0,0,0,0,0,0,0,0,5.449315068,0,9.079202769,0.00090792,0.000530929,0.146807441,0.691813767,1342.999443,593.116985,1936.116429,17,141.0695967,80.78010778,221.8497045,11.8872
"19","1045",0.0719787058213117,-0.0679512900511633,-0.0555679498846145,521033,"QULA",30,"A",31.2,"AU",1,1,0,89,0,0,1,0,0,0,0,0,0,0,0,0,0,0,5.449315068,0,764.5379882,0.076453799,0.070685835,0.220211161,10.58475063,865.1317849,1953.905697,2819.037482,20,116.3377106,200.1915336,316.5292442,11.8872
"20","1048",-0.0432144612113424,-0.0200570436837263,-0.00877080400674632,521037,"QULA",10.4,"A",12.5,"A",0,0,0,93,0,0,0,0,0,0,0,0,0,0,0,0,0,0,5.449315068,0,122.718463,0.012271846,0.008494867,0.385369532,6.931109177,1477.098326,2602.935177,4080.033503,19,223.3920872,245.8555338,469.247621,11.8872
"21","1051",0.0212395459122681,-0.0333448175932699,-0.0103431934648927,521042,"QULA",14.8,"A",18.8,"AU",1,1,0,92,0,0,0,0,0,0,0,0,0,0,0,0,0,0,5.449315068,0,277.5911269,0.027759113,0.017203361,0.734037205,19.37078547,1742.884918,3198.251277,4941.136195,14,169.112733,416.8927645,586.0054975,12.4968
"22","1055",-0.0390203139482904,0.122167394906561,0.131092107811761,523016,"QULA",15.8,"A",16.1,"AU",0,0,0,67,0,1,0,0,0,0,0,0,0,0,0,0,0,0,5.430136986,1,203.5830579,0.020358306,0.01960668,0.055247225,1.384175103,2196.169614,3753.229327,5949.398942,22,227.7889447,455.5452534,683.3341981,12.192
"23","1056",-0.0605241941155989,-0.0380067103928629,0.128296470681816,523017,"QULA",22.8,"A",23.5,"A",0,0,0,78,0,0,0,0,0,0,0,0,0,0,0,0,0,0,5.430136986,1,433.7361357,0.043373614,0.040828138,0.128910192,4.687681828,2037.228588,3028.149743,5065.378331,21,223.6452297,775.5966994,999.2419291,12.192
"24","106",-0.0432144612113426,-0.0200570436837264,-0.00877080400674633,109013,"QULA",12.8,"A",13.9,"A",0,0,0,95,0,0,0,0,0,0,0,0,0,0,0,0,0,0,5.542465753,0,151.7467792,0.015174678,0.012867964,0.198467622,4.161892032,831.0219427,3252.844303,4083.866246,13,92.25466572,298.6531192,390.9077849,9.7536
"25","1061",0.0642609219850701,-0.060671739529168,0.121525335991129,523023,"QULA",5.2,"A",7.5,"AU",2,1,0,9,0,0,0,0,0,0,0,0,0,0,0,0,0,0,5.430136986,1,44.17864669,0.004417865,0.002123717,0.423562059,4.224843758,2139.738756,3021.081159,5160.819916,17,210.9407751,360.4827468,571.4235219,12.4968
"26","1065",0.0212395459122681,-0.0333448175932698,-0.0103431934648927,523029,"QULA",9.7,"A",10.7,"AU",1,1,0,100,0,0,0,0,0,0,0,0,0,0,0,0,0,0,5.430136986,0,89.92023573,0.008992024,0.007389811,0.184157417,2.950592697,1660.261032,3006.182156,4666.443188,12,405.7855763,353.2387582,759.0243345,12.192
"27","1067",0.0642609219850701,-0.060671739529168,0.121525335991129,523031,"QULA",19.5,"A",21.2,"AU",2,1,0,95,0,0,0,0,0,0,0,0,0,0,0,0,0,0,5.430136986,1,352.9893506,0.035298935,0.029864765,0.313067608,10.0074269,1605.730837,3557.759432,5163.49027,16,220.7922798,482.8836455,703.6759254,12.192
"28","1068",0.0212395459122681,-0.0333448175932698,-0.0103431934648927,523032,"QULA",15.3,"A",21.6,"AU",1,1,0,97,0,0,0,0,0,0,0,0,0,0,0,0,0,0,5.430136986,0,366.4353671,0.036643537,0.018385386,1.160191726,33.62373942,1809.180377,3210.574174,5019.754552,13,275.6874201,344.1742249,619.861645,12.192
"29","1069",-0.0432144612113424,-0.0200570436837263,-0.00877080400674633,523033,"QULA",14.9,"A",16.2,"A",0,0,0,85,0,0,0,0,0,0,0,0,0,0,0,0,0,0,5.430136986,0,206.119894,0.020611989,0.017436625,0.239404642,5.847669741,1482.541135,2829.059162,4311.600298,12,249.5148752,281.9313438,531.446219,12.192
"30","1072",0.164059020201035,-0.11071758760432,0.157277151466527,523039,"QULA",27.3,"A",28.3,"AU",3,2,0,13,1,0,0,0,0,0,0,0,0,0,0,0,0,0,5.430136986,1,629.0175351,0.062901754,0.05853494,0.184157417,8.041811467,992.0207122,3235.353486,4227.374199,14,78.37474379,351.196615,429.5713587,11.8872
"31","1076",0.0168569583130087,-0.0610360343189648,-0.0401448088227311,701004,"QULA",19.7,"A",20.4,"AU",2,0,0,65,1,0,0,0,0,0,0,0,0,0,0,0,0,0,5.432876712,0,326.8512997,0.03268513,0.030480517,0.128845184,4.057910314,629.0175351,9017.666823,9646.684358,28,50.18748181,954.0710658,1004.258548,12.192
"32","1082",-0.0432144612113424,-0.0200570436837263,-0.00877080400674634,701012,"QULA",25.6,"A",28.3,"A",0,0,0,85,0,0,0,0,0,0,0,0,0,0,0,0,0,0,5.432876712,0,629.0175351,0.062901754,0.051471854,0.496974281,21.03839288,854.3011443,5823.209019,6677.510163,21,97.24663805,559.2944965,656.5411345,12.192
"33","1084",-0.0432144612113424,-0.0200570436837263,-0.00877080400674634,701017,"QULA",15.2,"A",16.6,"A",0,0,0,90,0,0,0,0,0,0,0,0,0,0,0,0,0,0,5.432876712,0,216.4243179,0.021642432,0.018145839,0.257690368,6.435987431,1479.171777,4944.686195,6423.857972,18,263.051519,476.295949,739.347468,12.192
"34","1085",-0.0432144612113424,-0.0200570436837263,-0.00877080400674634,701019,"QULA",19.4,"A",19.9,"A",0,0,0,65,0,0,0,0,0,0,0,0,0,0,0,0,0,0,5.432876712,0,311.0255267,0.031102553,0.029559245,0.092032274,2.840681784,1622.357716,4111.103854,5733.461571,19,230.1528966,393.8118348,623.9647314,12.192
"35","109",-0.0825202612398326,-0.0343082866068977,-0.0217127784423508,109019,"QULA",18.3,"A",19,"AU",0,0,1,94,0,0,0,0,0,0,0,0,0,0,0,0,0,0,5.542465753,0,283.528737,0.028352874,0.026302199,0.126297578,3.699931936,723.7522616,2174.311984,2898.064245,15,117.31624,174.8637317,292.1799717,9.7536
"36","110",-0.0432144612113426,-0.0200570436837264,-0.00877080400674633,109021,"QULA",15,"A",16.3,"A",0,0,0,90,0,0,0,0,0,0,0,0,0,0,0,0,0,0,5.542465753,0,208.672438,0.020867244,0.017671459,0.234552645,5.76599887,1134.004992,1003.935202,2137.940195,17,159.3736664,113.9200741,273.2937405,9.7536
"37","1107",-0.0383873819401652,0.10011198935303,-0.0211765268763416,703007,"QULA",23.6,"A",23.6,"AU",0,0,0,72,0,1,0,0,0,0,0,0,0,0,0,0,0,0,5.419178082,0,437.4353611,0.043743536,0.043743536,0,0,1126.575126,3389.550708,4516.125833,21,104.8868467,382.8005284,487.6873751,12.192
"38","111",-0.0432144612113426,-0.0200570436837264,-0.00877080400674634,109025,"QULA",4,"A",4.2,"A",0,0,0,95,0,0,0,0,0,0,0,0,0,0,0,0,0,0,5.542465753,0,13.8544236,0.001385442,0.001256637,0.036085022,0.232397104,993.4265749,3567.514078,4560.940653,16,169.020175,271.1462664,440.1664414,9.7536
"39","1110",-0.0432144612113424,-0.0200570436837263,-0.00877080400674634,703014,"QULA",1.8,"A",4.3,"A",0,0,0,100,0,0,0,0,0,0,0,0,0,0,0,0,0,0,5.419178082,0,14.52201204,0.001452201,0.000254469,0.46132457,2.210173168,3004.195099,2406.766278,5410.961377,26,352.1113779,235.9195879,588.0309657,12.192
"40","1111",-0.0432144612113424,-0.0200570436837263,-0.00877080400674634,703015,"QULA",18.8,"A",19.9,"A",0,0,0,97,0,0,0,0,0,0,0,0,0,0,0,0,0,0,5.419178082,0,311.0255267,0.031102553,0.027759113,0.202982811,6.169644051,2470.469923,3601.042725,6071.512648,27,338.9603624,373.330986,712.2913484,12.192
"41","1112",-0.0432144612113424,-0.0200570436837263,-0.00877080400674634,703016,"QULA",14.8,"A",17.7,"A",0,0,0,100,0,0,0,0,0,0,0,0,0,0,0,0,0,0,5.419178082,0,246.0573906,0.024605739,0.017203361,0.535136502,13.65959483,2801.342461,3614.740069,6416.08253,31,482.0633737,343.6676441,825.7310177,12.192
"42","1113",0.021239545912268,-0.0333448175932698,-0.0103431934648927,703017,"QULA",12.5,"A",13.7,"AU",1,1,0,92,0,0,0,0,0,0,0,0,0,0,0,0,0,0,5.419178082,0,147.4113813,0.014741138,0.012271846,0.221435794,4.556579962,2891.435485,4066.006292,6957.441776,31,562.334072,405.5451445,967.8792165,12.192
"43","1115",0.021239545912268,-0.0333448175932699,-0.0103431934648927,703019,"QULA",12.2,"A",13,"AU",1,1,0,91,0,0,0,0,0,0,0,0,0,0,0,0,0,0,5.419178082,0,132.7322896,0.013273229,0.011689866,0.147623862,2.921776464,2521.952773,3739.563399,6261.516172,31,737.4349376,345.5754137,1083.010351,12.192
"44","1116",-0.0432144612113424,-0.0200570436837263,-0.00877080400674634,703020,"QULA",21.9,"A",23.3,"A",0,0,0,96,0,0,0,0,0,0,0,0,0,0,0,0,0,0,5.419178082,0,426.3848089,0.042638481,0.037668481,0.258341759,9.171131678,1888.505592,4553.188773,6441.694365,31,394.0625079,419.5394916,813.6019994,12.192
"45","1119",-0.0118641267365933,-0.0286302487938526,-0.00981200096876223,703023,"QULA",14.4,"A",15.6,"AU",0,1,0,97,0,0,0,0,0,0,0,0,0,0,0,0,0,0,5.419178082,0,191.134497,0.01911345,0.016286016,0.221435794,5.217457971,2084.046173,4634.461775,6718.507947,29,293.1297806,844.5807808,1137.710561,12.192
"46","112",-0.010276078735,-0.0249701991717409,-0.00922952053995902,109032,"QULA",2.7,"A",3.2,"AU",1,0,0,95,0,0,0,0,0,0,0,0,0,0,0,0,0,0,5.542465753,0,8.042477193,0.000804248,0.000572555,0.090212556,0.418031375,1416.724769,3191.261233,4607.986003,14,143.9483969,300.9632738,444.9116707,9.7536
"47","1121",0.000253085746629055,0.0949616375296101,-0.0203896171408553,703025,"QULA",10.2,"A",10.4,"AU",0,1,0,89,0,1,0,0,0,0,0,0,0,0,0,0,0,0,5.419178082,0,84.94866535,0.008494867,0.008171282,0.036905966,0.597109079,1738.274631,5768.623846,7506.898478,33,228.2036278,675.0552833,903.2589112,12.192
"48","1122",-0.0432144612113423,-0.0200570436837263,-0.00877080400674634,703026,"QULA",17.3,"A",19,"A",0,0,0,97,0,0,0,0,0,0,0,0,0,0,0,0,0,0,5.419178082,0,283.528737,0.028352874,0.023506182,0.313700708,8.943592539,1539.69456,6060.2736,7599.96816,34,204.8414267,950.0896906,1154.931117,12.192
"49","113",-0.010276078735,-0.0249701991717409,-0.00922952053995902,109033,"QULA",3.8,"A",4.4,"AU",1,0,0,92,0,0,0,0,0,0,0,0,0,0,0,0,0,0,5.542465753,0,15.20530844,0.001520531,0.001134115,0.108255067,0.697191311,1409.561938,3191.261233,4600.823171,14,130.0119614,326.0334466,456.045408,9.7536
"50","1152",-0.0432144612113423,-0.0200570436837263,-0.00877080400674634,703065,"QULA",15.4,"A",16.6,"A",0,0,0,99,0,0,0,0,0,0,0,0,0,0,0,0,0,0,5.419178082,0,216.4243179,0.021642432,0.018626503,0.221435794,5.565288503,437.4353611,3540.04085,3977.476211,14,47.26620937,285.0345014,332.3007108,12.192
"51","1157",0.0485611169091083,-0.0430566420758162,-0.0155121250291675,705009,"QULA",16.4,"A",19.7,"AU",2,1,0,89,0,0,0,0,0,0,0,0,0,0,0,0,0,0,5.419178082,0,304.8051732,0.030480517,0.021124069,0.608948433,17.265438,901.448596,1632.332273,2533.780869,17,88.07924942,194.149541,282.2287904,11.8872
"52","1162",0.00140265207779311,0.0934709252610171,-0.0193403460192349,705015,"QULA",21.4,"A",22,"AU",1,0,0,80,0,1,0,0,0,0,0,0,0,0,0,0,0,0,5.419178082,0,380.1327111,0.038013271,0.035968094,0.110717897,3.773961266,826.1210582,2183.304792,3009.425851,19,170.2960727,219.2586037,389.5546764,11.8872
"53","1163",0.021239545912268,-0.0333448175932698,-0.0103431934648927,705016,"QULA",16.7,"A",19,"AU",1,1,0,97,0,0,0,0,0,0,0,0,0,0,0,0,0,0,5.419178082,0,283.528737,0.028352874,0.021903969,0.424418605,11.90015206,1043.487854,2119.365528,3162.853382,18,189.1144161,183.3469392,372.4613553,11.8872
"54","1165",-0.0432144612113424,-0.0200570436837263,-0.00877080400674634,705018,"QULA",15.3,"A",17.4,"A",0,0,0,98,0,0,0,0,0,0,0,0,0,0,0,0,0,0,5.419178082,0,237.787148,0.023778715,0.018385386,0.387512639,9.95230108,1083.456766,1254.068809,2337.525576,24,153.5629653,147.3961379,300.9591032,11.8872
"55","1176",0.0740849815369313,-0.0551053752455033,-0.0227031457643078,705033,"QULA",NA,"A",12.1,"AU",2,2,0,95,0,0,0,0,0,0,0,0,0,0,0,0,0,0,5.419178082,0,114.9901451,0.011499015,NA,NA,NA,532.8612379,2016.666864,2549.528102,23,37.75790682,562.3845424,600.1424492,12.192
"56","1185",0.021239545912268,-0.0333448175932698,-0.0103431934648927,705050,"QULA",13.2,"A",15.4,"AU",1,1,0,90,0,0,0,0,0,0,0,0,0,0,0,0,0,0,5.419178082,0,186.2650284,0.018626503,0.013684778,0.405965622,9.118957099,120.7628216,2103.453361,2224.216183,12,8.361163609,292.0737031,300.4348667,12.192
"57","1189",0.0562755176398164,-0.0561642704571056,-0.0219609590142199,705055,"QULA",11.8,"A",12.4,"AU",3,1,0,96,0,0,0,0,0,0,0,0,0,0,0,0,0,0,5.419178082,0,120.7628216,0.012076282,0.010935884,0.110717897,2.104374715,771.865753,2871.180066,3643.045819,10,58.2599234,238.5116941,296.7716175,11.8872
"58","1190",0.200618120643684,-0.157274703570998,0.190933059259301,705056,"QULA",16.3,"A",16.5,"AU",3,2,0,8,1,0,0,0,0,1,0,0,0,0,0,0,0,0,5.419178082,1,213.82465,0.021382465,0.020867244,0.036905966,0.950736786,209.0101592,3317.953811,3526.96397,12,20.54464198,357.0998104,377.6444524,11.8872
"59","1194",0.115450230291538,-0.0965968892291423,0.156831083582096,705065,"QULA",9.2,"A",10.6,"AU",3,1,0,15,1,0,0,0,0,0,0,0,0,0,0,0,0,0,5.419178082,1,88.24733764,0.008824734,0.00664761,0.258341759,4.017442638,334.5874716,3929.064268,4263.65174,14,36.0923672,558.6688221,594.7611893,11.8872
"60","1206",-0.0432144612113423,-0.0200570436837263,-0.0087708040067463,707012,"QULA",11.2,"A",11.9,"A",0,0,0,100,0,0,0,0,0,0,0,0,0,0,0,0,0,0,5.419178082,0,111.2202339,0.011122023,0.009852035,0.12917088,2.343508205,488.6197594,3827.370914,4315.990673,19,90.55253371,439.8063364,530.3588701,11.8872
"61","1208",-0.0432144612113423,-0.0200570436837263,-0.00877080400674631,707014,"QULA",12.2,"A",13.2,"A",0,0,0,91,0,0,0,0,0,0,0,0,0,0,0,0,0,0,5.419178082,0,136.847776,0.013684778,0.011689866,0.184529828,3.681206457,462.9922173,5150.971023,5613.96324,17,112.973235,496.9958942,609.9691292,11.8872
"62","1209",0.246121510107026,-0.139036237223009,0.130214987368751,707015,"QULA",12.4,"A",13,"AU",3,3,0,93,0,0,1,0,0,0,0,0,0,0,0,0,0,0,5.419178082,1,132.7322896,0.013273229,0.012076282,0.110717897,2.208723874,467.1077037,5992.855022,6459.962726,18,49.54973245,594.876712,644.4264445,11.8872
"63","1292",-0.0605241941155988,-0.038006710392863,0.128296470681816,709073,"QULA",2.2,"A",3.6,"A",0,0,0,100,0,0,0,0,0,0,0,0,0,0,0,0,0,0,5.416438356,1,10.1787602,0.001017876,0.000380133,0.258472433,1.17742189,191.134497,4312.534921,4503.669418,20,34.0452317,560.2054737,594.2507054,12.192
"64","1296",0.194646928581266,-0.111317008674674,0.11547999223786,709078,"QULA",12.6,"A",15.6,"AU",2,2,0,92,0,0,1,0,0,0,0,0,0,0,0,0,0,0,5.416438356,1,191.134497,0.01911345,0.012468981,0.553869499,12.26722807,10.1787602,4061.403859,4071.582619,20,1.813059677,482.9396912,484.7527508,12.192
"65","1315",-0.0432144612113423,-0.0200570436837263,-0.00877080400674632,711018,"QULA",21.5,"A",23.3,"A",0,0,0,93,0,0,0,0,0,0,0,0,0,0,0,0,0,0,5.416438356,0,426.3848089,0.042638481,0.03630503,0.3323217,11.69301739,0,5292.248444,5292.248444,25,0,544.4174813,544.4174813,12.192
"66","1320",-0.0383873819401652,0.10011198935303,-0.0211765268763416,711037,"QULA",2.3,"A",3.5,"AU",0,0,0,70,0,1,0,0,0,0,0,0,0,0,0,0,0,0,5.416438356,0,9.621127502,0.000962113,0.000415476,0.2215478,1.009218763,41.47687701,3031.471977,3072.948854,6,11.54647564,316.4663435,328.0128191,12.192
"67","1321",-0.0605241941155988,-0.0380067103928629,0.128296470681816,711038,"QULA",1.9,"A",4.1,"A",0,0,0,95,0,0,0,0,0,0,0,0,0,0,0,0,0,0,5.416438356,1,13.20254313,0.001320254,0.000283529,0.406170966,1.914035585,37.89546138,3031.471977,3069.367438,6,8.797394554,296.0134895,304.810884,12.192
"68","1330",0.0549541982933808,0.115110564286033,0.129116660419717,713012,"QULA",21.6,"A",22.8,"AU",2,0,0,79,0,1,0,0,0,0,0,0,0,0,0,0,0,0,5.430136986,1,408.2813813,0.040828138,0.036643537,0.2209889,7.706253866,903.9147463,5236.602985,6140.517731,40,89.05512969,678.1277066,767.1828362,14.0208
"69","1332",-0.0605241941155988,-0.0380067103928629,0.128296470681816,713015,"QULA",15.7,"A",17.1,"A",0,0,0,99,0,0,0,0,0,0,0,0,0,0,0,0,0,0,5.430136986,1,229.658277,0.022965828,0.019359279,0.257820383,6.641726305,1082.537851,5907.639321,6990.177172,36,114.1793116,573.4883031,687.6676147,14.0208
"70","1353",-0.0432144612113423,-0.0200570436837263,-0.00877080400674633,713040,"QULA",17.9,"A",19.3,"A",0,0,0,100,0,0,0,0,0,0,0,0,0,0,0,0,0,0,5.430136986,0,292.5529619,0.029255296,0.025164943,0.257820383,7.53268959,652.980033,5020.846255,5673.826288,18,661.8109363,507.9426835,1169.75362,13.716
"71","1355",0.0740849815369312,-0.0551053752455033,-0.0227031457643078,713043,"QULA",20.4,"A",22.2,"AU",2,2,0,100,0,0,0,0,0,0,0,0,0,0,0,0,0,0,5.430136986,0,387.0756308,0.038707563,0.03268513,0.33148335,11.09075725,558.4573641,4261.201297,4819.658662,17,509.2330038,463.1742776,972.4072814,13.716
"72","1362",-0.0383873819401652,0.10011198935303,-0.0211765268763416,715013,"QULA",10,"A",10.8,"AU",0,0,0,90,0,1,0,0,0,0,0,0,0,0,0,0,0,0,5.430136986,0,91.60884178,0.009160884,0.007853982,0.147325933,2.406757964,892.9662959,3115.70593,4008.672226,17,127.1927747,357.1609079,484.3536826,13.716
"73","1363",-0.010276078735,-0.0249701991717409,-0.009229520539959,715014,"QULA",13.2,"A",15,"AU",1,0,0,97,0,0,0,0,0,0,0,0,0,0,0,0,0,0,5.430136986,0,176.7145868,0.017671459,0.013684778,0.33148335,7.341768886,1014.844383,2651.299996,3666.144379,16,148.718159,275.5732595,424.2914184,13.716
"74","1364",0.0333540128014722,0.151835844432841,0.155506467232368,715016,"QULA",6.4,"A",6.5,"AU",1,0,0,12,1,1,0,0,0,0,0,0,0,0,0,0,0,0,5.449315068,1,33.1830724,0.003318307,0.003216991,0.01835093,0.18592495,1376.669463,2057.507569,3434.177031,18,299.991613,214.8713476,514.8629606,13.716
"75","14",0.0314978293204577,-0.0581428735463313,-0.0580116688996747,101035,"QULA",14,"A",14.8,"AU",1,0,0,91,0,0,1,0,0,0,0,0,0,0,0,0,0,0,5.542465753,0,172.0336137,0.017203361,0.015393804,0.144340089,3.264895895,352.785147,6070.703688,6423.488835,23,25.14643453,628.6450743,653.7915089,12.192
"76","1400",-0.0432144612113423,-0.0200570436837262,-0.00877080400674632,715068,"QULA",27.5,"A",29.3,"A",0,0,0,97,0,0,0,0,0,0,0,0,0,0,0,0,0,0,5.430136986,0,674.2564693,0.067425647,0.059395736,0.33148335,14.78767634,875.7268062,3907.088828,4782.815634,38,67.33514122,593.9912549,661.3263961,13.716
"77","1407",0.115656605926835,-0.0846694844887705,0.133300004509745,715076,"QULA",16.4,"A",17.4,"AU",3,2,0,80,0,0,0,0,0,0,0,0,0,0,0,0,0,0,5.430136986,1,237.787148,0.023778715,0.021124069,0.184157417,4.888727115,1385.835059,5780.97816,7166.813219,32,98.54084922,869.022511,967.5633602,14.0208
"78","1412",0.0642609219850701,-0.0606717395291677,0.121525335991128,715085,"QULA",28.9,"A",30.1,"AU",2,1,0,82,0,0,0,0,0,0,0,0,0,0,0,0,0,0,5.430136986,1,711.57859,0.071157859,0.06559724,0.2209889,10.2402923,237.787148,6579.217583,6817.004731,23,17.13985316,705.7375406,722.8773937,14.0208
"79","1426",0.0743425541222373,0.0874132750888715,-0.0223206573258998,717013,"QULA",2.7,"A",12.1,"AU",2,1,0,60,0,1,0,0,0,0,0,0,0,0,0,0,0,0,5.430136986,0,114.9901451,0.011499015,0.000572555,1.731079717,20.1218851,292.5529619,3455.885437,3748.438399,12,28.0721137,389.953543,418.0256567,13.716
"80","1433",-0.0432144612113423,-0.0200570436837263,-0.00877080400674632,717027,"QULA",11.8,"A",13.3,"A",0,0,0,100,0,0,0,0,0,0,0,0,0,0,0,0,0,0,5.430136986,0,138.9290811,0.013892908,0.010935884,0.276236125,5.445579168,766.8941827,2463.409193,3230.303376,16,120.5015243,274.7503569,395.2518812,14.0208
"81","1434",-0.0432144612113423,-0.0200570436837262,-0.00877080400674632,717028,"QULA",11.9,"A",13.7,"A",0,0,0,100,0,0,0,0,0,0,0,0,0,0,0,0,0,0,5.430136986,0,147.4113813,0.014741138,0.011122023,0.33148335,6.664868209,758.4118825,1530.646773,2289.058655,13,96.11452779,152.2352029,248.3497307,14.0208
"82","1435",-0.0432144612113423,-0.0200570436837262,-0.00877080400674632,717029,"QULA",8.3,"A",10.1,"A",0,0,0,100,0,0,0,0,0,0,0,0,0,0,0,0,0,0,5.430136986,0,80.11846665,0.008011847,0.005410608,0.33148335,4.790374025,1580.472432,1750.385471,3330.857903,15,265.6645871,246.2619239,511.9265109,14.0208
"83","1436",0.0402084099371076,0.0885191601261965,-0.0186259122466657,717030,"QULA",15.9,"A",16.5,"AU",1,1,0,93,0,1,0,0,0,0,0,0,0,0,0,0,0,0,5.430136986,0,213.82465,0.021382465,0.019855651,0.11049445,2.811741276,1446.766249,1743.316887,3190.083136,14,182.4350855,338.5065008,520.9415863,14.0208
"84","1438",-0.0383873819401652,0.10011198935303,-0.0211765268763416,717032,"QULA",10.2,"A",11.5,"AU",0,0,0,76,0,1,0,0,0,0,0,0,0,0,0,0,0,0,5.430136986,0,103.8689071,0.010386891,0.008171282,0.239404642,4.080206861,1556.721992,3259.143197,4815.865188,16,183.3548856,359.0058319,542.3607175,14.0208
"85","1439",0.0197860933961664,-0.0519415718546189,0.12255193941441,717034,"QULA",14.1,"A",16.8,"AU",2,0,0,100,0,0,0,0,0,0,0,0,0,0,0,0,0,0,5.430136986,1,221.6707776,0.022167078,0.015614501,0.497225025,12.06705631,1438.920121,786.1914155,2225.111537,13,172.1409918,83.6582727,255.7992645,14.0208
"86","1441",-0.0432144612113423,-0.0200570436837262,-0.00877080400674631,717038,"QULA",28.2,"A",31,"A",0,0,0,100,0,0,0,0,0,0,0,0,0,0,0,0,0,0,5.430136986,0,754.767635,0.075476764,0.062458004,0.515640767,23.97501203,835.9071193,3519.322046,4355.229166,16,81.8769732,262.1288786,344.0058518,14.0208
"87","1457",0.0212395459122681,-0.0333448175932699,-0.0103431934648927,719007,"QULA",28.7,"A",30.2,"AU",1,1,0,98,0,0,0,0,0,0,0,0,0,0,0,0,0,0,5.430136986,0,716.3145409,0.071631454,0.064692461,0.276236125,12.77866984,1425.128529,2447.567713,3872.696242,8,471.1165926,260.0343008,731.1508934,13.716
"88","1460",-0.0432144612113423,-0.0200570436837262,-0.00877080400674631,719010,"QULA",38,"A",38.7,"A",0,0,0,90,0,0,0,0,0,0,0,0,0,0,0,0,0,0,5.430136986,0,1176.282975,0.117628298,0.113411495,0.128910192,7.765554994,965.160095,3241.864437,4207.024532,11,296.9372579,313.4572404,610.3944983,13.716
"89","1468",-0.0432144612113423,-0.0200570436837262,-0.00877080400674631,719023,"QULA",31,"A",33.2,"A",0,0,0,94,0,0,0,0,0,0,0,0,0,0,0,0,0,0,5.430136986,0,865.6972716,0.086569727,0.075476764,0.405146317,20.42851532,63.61725124,4013.276623,4076.893874,14,9.710810712,432.1877174,441.8985281,14.0208
"90","1469",-0.010276078735,-0.0249701991717409,-0.00922952053995897,719024,"QULA",7.8,"A",9,"AU",1,0,0,98,0,0,0,0,0,0,0,0,0,0,0,0,0,0,5.430136986,0,63.61725124,0.006361725,0.004778362,0.2209889,2.915879841,865.6972716,4457.906231,5323.603503,15,132.1437531,408.7594991,540.9032522,14.0208
"91","1481",-0.0390203139482903,0.122167394906561,0.131092107811761,719042,"QULA",13,"A",13.6,"AU",0,0,0,80,0,1,0,0,0,0,0,0,0,0,0,0,0,0,5.430136986,1,145.2672443,0.014526724,0.013273229,0.11049445,2.308404874,0,2902.6117,2902.6117,7,0,410.6696752,410.6696752,13.716
"92","1484",-0.0432144612113423,-0.0200570436837262,-0.00877080400674631,721001,"QULA",21.5,"A",23.4,"A",0,0,0,95,0,0,0,0,0,0,0,0,0,0,0,0,0,0,5.421917808,0,430.0526183,0.043005262,0.03630503,0.35042951,12.35767854,2494.05543,934.1211596,3428.176589,27,362.9204733,89.0361345,451.9566078,13.1064
"93","1485",-0.0432144612113423,-0.0200570436837262,-0.00877080400674631,721003,"QULA",17.8,"A",19.6,"A",0,0,0,99,0,0,0,0,0,0,0,0,0,0,0,0,0,0,5.421917808,0,301.7185585,0.030171856,0.024884555,0.331985851,9.751716317,2713.998331,934.1211596,3648.119491,28,468.6846955,84.54378926,553.2284847,13.1064
"94","1487",-0.0432144612113423,-0.0200570436837262,-0.00877080400674631,721007,"QULA",6.8,"A",7.2,"A",0,0,0,98,0,0,0,0,0,0,0,0,0,0,0,0,0,0,5.421917808,0,40.71504079,0.004071504,0.003631681,0.073774634,0.811194465,2842.677967,1721.082265,4563.760232,25,480.6899149,250.877006,731.5669209,13.1064
"95","1488",-0.0432144612113423,-0.0200570436837262,-0.00877080400674631,721010,"QULA",11.6,"A",14,"A",0,0,0,100,0,0,0,0,0,0,0,0,0,0,0,0,0,0,5.421917808,0,153.93804,0.015393804,0.010568318,0.442647802,8.899962129,2890.563693,1690.655941,4581.219633,26,625.8258038,124.630787,750.4565908,13.1064
"96","1489",-0.0432144612113423,-0.0200570436837262,-0.00877080400674631,721011,"QULA",7.8,"A",9.2,"A",0,0,0,100,0,0,0,0,0,0,0,0,0,0,0,0,0,0,5.421917808,0,66.47610055,0.00664761,0.004778362,0.258211218,3.447576476,2978.025632,1690.655941,4668.681573,26,758.8367948,128.0081759,886.8449707,13.1064
"97","1490",-0.0399440920060565,-0.0404071526350385,-0.0219688536386251,721012,"QULA",8.5,"A",9.2,"AU",1,0,1,99,0,0,0,0,0,0,0,0,0,0,0,0,0,0,5.421917808,0,66.47610055,0.00664761,0.005674502,0.129105609,1.794767754,3069.634474,316.6175616,3386.252035,27,753.5366538,26.93116226,780.467816,13.1064
"98","1491",-0.0432144612113423,-0.0200570436837262,-0.0087708040067463,721013,"QULA",10.1,"A",11.7,"A",0,0,0,100,0,0,0,0,0,0,0,0,0,0,0,0,0,0,5.421917808,0,107.5131546,0.010751315,0.008011847,0.295098535,5.052582667,2936.988578,468.3643408,3405.352919,27,865.1428536,36.27449658,901.4173502,13.1064
"99","1492",0.0212395459122681,-0.0333448175932698,-0.0103431934648927,721014,"QULA",8.5,"A",9.6,"AU",1,1,0,100,0,0,0,0,0,0,0,0,0,0,0,0,0,0,5.421917808,0,72.38229474,0.007238229,0.005674502,0.202880243,2.884086035,2972.119438,468.3643408,3440.483779,27,1003.428801,36.11664206,1039.545443,13.1064
"100","1493",-0.0432144612113423,-0.0200570436837262,-0.0087708040067463,721015,"QULA",5.3,"A",4.4,"A",0,0,0,100,0,0,0,0,0,0,0,0,0,0,0,0,0,0,5.421917808,0,15.20530844,0.001520531,0.002206183,-0.165992926,-1.264594228,2988.581383,1620.731942,4609.313325,25,935.8939486,120.9607718,1056.85472,13.1064
"101","1494",0.0743425541222373,0.0874132750888715,-0.0223206573258999,721016,"QULA",18.1,"A",19.9,"AU",2,1,0,84,0,1,0,0,0,0,0,0,0,0,0,0,0,0,5.421917808,0,311.0255267,0.031102553,0.025730429,0.331985851,9.908160964,2692.761165,1468.985163,4161.746328,24,530.2270396,116.072329,646.2993685,13.1064
"102","1495",0.0212395459122681,-0.0333448175932698,-0.0103431934648927,721018,"QULA",9.8,"A",10.6,"AU",1,1,0,95,0,0,0,0,0,0,0,0,0,0,0,0,0,0,5.421917808,0,88.24733764,0.008824734,0.007542964,0.147549267,2.36405244,2915.539354,1620.731942,4536.271296,25,600.419046,121.5646663,721.9837122,13.1064
"103","1496",-0.0432144612113423,-0.0200570436837262,-0.0087708040067463,721019,"QULA",6.5,"A",7.7,"A",0,0,0,100,0,0,0,0,0,0,0,0,0,0,0,0,0,0,5.421917808,0,46.56625711,0.004656626,0.003318307,0.221323901,2.468348872,2957.220435,1446.082952,4403.303387,23,668.30205,175.7913231,844.0933731,13.1064
"104","1497",-0.0432144612113423,-0.0200570436837262,-0.0087708040067463,721020,"QULA",9.9,"A",10.5,"A",0,0,0,100,0,0,0,0,0,0,0,0,0,0,0,0,0,0,5.421917808,0,86.59014751,0.008659015,0.007697687,0.11066195,1.77303933,2917.196544,1446.082952,4363.279497,23,516.7233242,197.2531893,713.9765135,13.1064
"105","1498",-0.0432144612113423,-0.0200570436837262,-0.0087708040067463,721022,"QULA",20,"A",21.3,"A",0,0,0,100,0,0,0,0,0,0,0,0,0,0,0,0,0,0,5.421917808,0,356.3272928,0.035632729,0.031415927,0.239767559,7.777326932,2647.459399,1597.829732,4245.289131,24,370.7748533,189.5990298,560.3738831,13.1064
"106","1499",-0.0383873819401652,0.10011198935303,-0.0211765268763416,721026,"QULA",6.8,"A",7.3,"AU",0,0,0,87,0,1,0,0,0,0,0,0,0,0,0,0,0,0,5.421917808,0,41.85386813,0.004185387,0.003631681,0.092218292,1.021235889,2189.446606,2377.950019,4567.396625,21,358.1057191,204.0275985,562.1333176,13.1064
"107","1500",-0.0432144612113423,-0.0200570436837262,-0.0087708040067463,721027,"QULA",9.3,"A",10,"A",0,0,0,100,0,0,0,0,0,0,0,0,0,0,0,0,0,0,5.421917808,0,78.53981634,0.007853982,0.006792909,0.129105609,1.957006647,2152.760658,2377.950019,4530.710677,21,286.7160355,204.962028,491.6780634,13.1064
"108","1501",-0.0432144612113423,-0.0200570436837262,-0.0087708040067463,721028,"QULA",12.6,"A",13.3,"A",0,0,0,87,0,0,0,0,0,0,0,0,0,0,0,0,0,0,5.421917808,0,138.9290811,0.013892908,0.012468981,0.129105609,2.62624208,2781.53472,1460.220119,4241.754839,22,266.6356502,258.4276171,525.0632673,13.1064
"109","1505",-0.0432144612113423,-0.0200570436837262,-0.0087708040067463,721033,"QULA",43.8,"A",44.8,"A",0,0,0,100,0,0,0,0,0,0,0,0,0,0,0,0,0,0,5.421917808,0,1576.32553,0.157632553,0.150673925,0.184436584,12.83425528,0,1848.41887,1848.41887,7,0,582.7019789,582.7019789,13.716
"110","1522",0.0485611169091083,-0.0430566420758163,-0.0155121250291674,723016,"QULA",9.4,"A",10.3,"AU",2,1,0,92,0,0,0,0,0,0,0,0,0,0,0,0,0,0,5.421917808,0,83.32289115,0.008332289,0.006939778,0.165992926,2.568299618,2781.53472,246.6935631,3028.228283,24,392.1074106,25.45776195,417.5651726,13.1064
"111","1524",0.0625235631014814,0.110622867623045,0.12830303941008,723018,"QULA",16.5,"A",17.4,"AU",1,1,0,75,0,1,0,0,0,0,0,0,0,0,0,0,0,0,5.421917808,1,237.787148,0.023778715,0.021382465,0.165992926,4.419561272,2765.999544,246.6935631,3012.693107,25,425.462476,23.40327976,448.8657557,13.1064
"112","1525",-0.0432144612113423,-0.0200570436837262,-0.00877080400674629,723019,"QULA",10.5,"A",12.1,"A",0,0,0,100,0,0,0,0,0,0,0,0,0,0,0,0,0,0,5.421917808,0,114.9901451,0.011499015,0.008659015,0.295098535,5.237998545,3021.120429,316.6175616,3337.737991,27,709.3883241,30.93335031,740.3216744,13.1064
"113","1526",-0.0432144612113423,-0.0200570436837262,-0.00877080400674629,723020,"QULA",12.5,"A",14.5,"A",0,0,0,98,0,0,0,0,0,0,0,0,0,0,0,0,0,0,5.421917808,0,165.1299639,0.016512996,0.012271846,0.368873168,7.82223234,2970.980611,316.6175616,3287.598172,27,651.6694777,30.62895404,682.2984317,13.1064
"114","1528",-0.0160244577199246,-0.0426346407482655,0.122762133488253,723023,"QULA",9.5,"A",10.8,"AU",1,0,0,97,0,0,0,0,0,0,0,0,0,0,0,0,0,0,5.421917808,1,91.60884178,0.009160884,0.007088218,0.239767559,3.822753916,918.6880857,2780.270229,3698.958314,16,77.81754369,310.0083294,387.825873,12.192
"115","1529",0.0849323177857322,-0.0687558350550964,-0.0297167681964544,723024,"QULA",5.6,"A",7.2,"AU",3,2,0,94,0,0,0,0,0,0,0,0,0,0,0,0,0,0,5.421917808,0,40.71504079,0.004071504,0.002463009,0.295098535,2.966654043,1799.944095,2814.482173,4614.426267,22,160.4343745,332.3058018,492.7401763,12.192
"116","1537",-0.0390203139482903,0.122167394906561,0.131092107811761,723037,"QULA",29.9,"A",31.3,"AU",0,0,0,40,0,1,0,0,0,0,0,0,0,0,0,0,0,0,5.421917808,1,769.4467267,0.076944673,0.070215381,0.258211218,12.41127531,1987.402929,2920.628734,4908.031663,23,253.505148,279.6491692,533.1543173,12.192
"117","1538",-0.0432144612113423,-0.0200570436837262,-0.00877080400674629,723038,"QULA",13.6,"A",17.1,"A",0,0,0,95,0,0,0,0,0,0,0,0,0,0,0,0,0,0,5.421917808,0,229.658277,0.022965828,0.014526724,0.645528044,15.56479379,2125.868625,1758.922749,3884.791374,19,368.9077322,220.9517291,589.8594613,12.192
"118","1539",-0.0432144612113423,-0.0200570436837262,-0.00877080400674629,723040,"QULA",1.9,"A",3.8,"A",0,0,0,96,0,0,0,0,0,0,0,0,0,0,0,0,0,0,5.421917808,0,11.34114948,0.001134115,0.000283529,0.35042951,1.568792153,2211.86187,1758.922749,3970.784619,17,1188.036801,229.4846299,1417.521431,12.192
"119","1540",0.0212395459122681,-0.0333448175932699,-0.0103431934648927,723041,"QULA",10.5,"A",11.8,"AU",1,1,0,98,0,0,0,0,0,0,0,0,0,0,0,0,0,0,5.421917808,0,109.3588403,0.010935884,0.008659015,0.239767559,4.199379917,2647.490815,2331.47801,4978.968825,20,478.3529489,226.2671063,704.6200552,12.192
"120","1541",-0.0160244577199246,-0.0426346407482654,0.122762133488253,723042,"QULA",28.7,"A",29.2,"AU",1,0,0,95,0,0,0,0,0,0,0,0,0,0,0,0,0,0,5.421917808,1,669.66189,0.066966189,0.064692461,0.092218292,4.193585671,1553.541129,1758.922749,3312.463878,17,254.8949196,277.034068,531.9289876,12.192
"121","1562",-0.0432144612113423,-0.0200570436837262,-0.00877080400674629,901056,"QULA",24.5,"A",26.2,"A",0,0,0,92,0,0,0,0,0,0,0,0,0,0,0,0,0,0,5.424657534,0,539.1287153,0.053912872,0.047143525,0.313383838,12.47884632,2039.364871,4419.435465,6458.800337,22,195.8975572,386.7241716,582.6217288,12.192
"122","1603",0.0939364926580465,-0.0810401803971151,-0.0392064727449922,903015,"QULA",20.7,"A",21.7,"AU",3,3,0,3,0,0,0,0,0,0,0,0,0,0,0,0,0,0,5.424657534,0,369.8361412,0.036983614,0.033653526,0.184343434,6.138798978,544.2652193,8260.833591,8805.09881,45,61.5376715,1014.277136,1075.814807,11.8872
"123","1612",0.103652016426153,-0.0810977832727225,-0.0620847026642881,903024,"QULA",8.5,"A",13.5,"AU",1,2,0,98,0,0,1,0,0,0,0,0,0,0,0,0,0,0,5.424657534,0,143.1388153,0.014313882,0.005674502,0.921717172,15.92612942,1258.616265,9111.851771,10370.46804,61,155.6530702,1008.630461,1164.283532,11.8872
"124","1613",0.141820474539664,-0.0924678640940116,-0.066388701780211,903025,"QULA",13.6,"A",15,"AU",2,2,0,97,0,0,1,0,0,0,0,0,0,0,0,0,0,0,5.424657534,0,176.7145868,0.017671459,0.014526724,0.258080808,5.79711111,1225.040493,9292.870339,10517.91083,54,147.6500911,1119.753366,1267.403457,11.8872
"125","1621",0.0339643235744542,0.0924836662874153,-0.0233862229711253,903039,"QULA",15.6,"A",16.2,"AU",2,0,0,73,0,1,0,0,0,0,0,0,0,0,0,0,0,0,5.424657534,0,206.119894,0.020611989,0.01911345,0.110606061,2.76245954,1241.855868,6686.550096,7928.405964,35,102.6207949,839.3804453,942.0012402,12.192
"126","1627",0.00140265207779315,0.093470925261017,-0.0193403460192348,903052,"QULA",12.7,"A",12.7,"AU",1,0,0,85,0,1,0,0,0,0,0,0,0,0,0,0,0,0,5.424657534,0,126.6768698,0.012667687,0.012667687,0,0,397.6078202,7574.112852,7971.720673,30,44.43915883,884.346568,928.7857269,12.192
"127","163",-0.0432144612113426,-0.0200570436837264,-0.00877080400674633,115004,"QULA",15.3,"A",16.9,"A",0,0,0,95,0,0,0,0,0,0,0,0,0,0,0,0,0,0,5.523287671,0,224.3175694,0.022431757,0.018385386,0.28968254,7.326019535,19.08517537,4067.302199,4086.387374,14,2.736384214,465.0524548,467.7888391,10.668
"128","1630",-0.0399440920060565,-0.0404071526350385,-0.0219688536386251,903055,"QULA",12.8,"A",14.8,"AU",1,0,1,93,0,0,0,0,0,0,0,0,0,0,0,0,0,0,5.424657534,0,172.0336137,0.017203361,0.012867964,0.368686869,7.992021311,586.2526051,7587.645263,8173.897868,32,226.6786437,714.047166,940.7258096,12.192
"129","1633",0.00140265207779315,0.093470925261017,-0.0193403460192348,903058,"QULA",19.8,"A",22,"AU",1,0,0,85,0,1,0,0,0,0,0,0,0,0,0,0,0,0,5.424657534,0,380.1327111,0.038013271,0.03079075,0.405555556,13.3142442,644.0579099,5998.242853,6642.300763,28,128.4213137,569.6511418,698.0724556,12.192
"130","1642",-0.0432144612113423,-0.0200570436837262,-0.00877080400674629,903072,"QULA",16.1,"A",18.4,"A",0,0,0,95,0,0,0,0,0,0,0,0,0,0,0,0,0,0,5.424657534,0,265.9044022,0.02659044,0.020358306,0.423989899,11.48853063,2197.36342,3018.128062,5215.491482,24,192.8057072,381.4546091,574.2603163,12.192
"131","1645",-0.0419893840647382,0.132770900189204,-0.0438848072015366,903079,"QULA",14.8,"A",16.4,"AU",1,0,2,75,0,1,0,0,0,0,0,0,0,0,0,0,0,0,5.424657534,0,211.24069,0.021124069,0.017203361,0.294949495,7.227567099,2178.906563,1126.692935,3305.599498,22,252.0934244,249.2741229,501.3675473,12.192
"132","1650",-0.0825202612398319,-0.0343082866068974,-0.0217127784423506,903086,"QULA",18.5,"A",20.8,"AU",0,0,1,90,0,0,0,0,0,0,0,0,0,0,0,0,0,0,5.424657534,0,339.7946614,0.033979466,0.026880252,0.423989899,13.0869349,937.7654071,3320.828368,4258.593776,25,105.8246741,478.7345635,584.5592376,12.192
"133","1651",-0.0383873819401652,0.10011198935303,-0.0211765268763416,903087,"QULA",18.5,"A",19.1,"AU",0,0,0,30,0,1,0,0,0,0,0,0,0,0,0,0,0,0,5.424657534,0,286.521104,0.02865211,0.026880252,0.110606061,3.266304362,1677.791119,1696.499303,3374.290421,28,173.2219312,263.7486768,436.9706079,12.192
"134","1652",-0.0432144612113423,-0.0200570436837262,-0.00877080400674629,903089,"QULA",1.1,"A",3.3,"A",0,0,0,98,0,0,0,0,0,0,0,0,0,0,0,0,0,0,5.424657534,0,8.552985999,0.000855299,9.50331777710913e-05,0.405555556,1.401499389,1552.425864,2164.00756,3716.433423,29,205.3086435,258.2251154,463.5337588,12.192
"135","166",-0.0432144612113426,-0.0200570436837264,-0.00877080400674633,115008,"QULA",2.1,"A",2.9,"A",0,0,0,87,0,0,0,0,0,0,0,0,0,0,0,0,0,0,5.523287671,0,6.605198554,0.00066052,0.000346361,0.14484127,0.568790337,252.0028547,5503.119997,5755.122852,17,42.19960768,704.2654003,746.465008,11.2776
"136","1660",-0.0432144612113423,-0.0200570436837262,-0.00877080400674629,903101,"QULA",2.6,"A",4,"A",0,0,0,100,0,0,0,0,0,0,0,0,0,0,0,0,0,0,5.424657534,0,12.56637061,0.001256637,0.000530929,0.258080808,1.337794872,2372.279445,4558.992865,6931.27231,36,201.2190206,459.6175671,660.8365876,11.8872
"137","1661",-0.0383873819401652,0.10011198935303,-0.0211765268763416,903102,"QULA",1.1,"A",2.7,"AU",0,0,0,67,0,1,0,0,0,0,0,0,0,0,0,0,0,0,5.424657534,0,5.725552611,0.000572555,9.50331777710913e-05,0.294949495,0.880280608,2141.490194,4700.011105,6841.5013,36,195.9183305,436.5045479,632.4228783,11.8872
"138","167",-0.0432144612113426,-0.0200570436837264,-0.00877080400674633,115009,"QULA",1.9,"A",2,"A",0,0,0,93,0,0,0,0,0,0,0,0,0,0,0,0,0,0,5.523287671,0,3.141592654,0.000314159,0.000283529,0.018105159,0.055457058,255.4664606,4762.890082,5018.356543,16,48.50182889,547.8747572,596.3765861,11.2776
"139","1672",0.141820474539664,-0.0924678640940116,-0.066388701780211,905015,"QULA",14,"A",15.8,"AU",2,2,0,97,0,0,1,0,0,0,0,0,0,0,0,0,0,0,5.421917808,0,196.0667975,0.01960668,0.015393804,0.331985851,7.770084124,1132.771917,3028.251845,4161.023762,12,151.0004778,295.2454395,446.2459172,11.8872
"140","1675",-0.0432144612113423,-0.0200570436837262,-0.00877080400674629,905018,"QULA",28.3,"A",30.3,"A",0,0,0,93,0,0,0,0,0,0,0,0,0,0,0,0,0,0,5.421917808,0,721.0661998,0.07210662,0.062901754,0.368873168,16.9771413,626.064438,3210.126497,3836.190935,23,203.7013466,300.0379932,503.7393398,11.8872
"141","1677",-0.0432144612113423,-0.0200570436837262,-0.00877080400674629,905020,"QULA",20,"A",21.8,"A",0,0,0,90,0,0,0,0,0,0,0,0,0,0,0,0,0,0,5.421917808,0,373.2526232,0.037325262,0.031415927,0.331985851,10.89897706,1958.107577,2748.815032,4706.922609,23,427.025146,247.0512459,674.0763919,11.8872
"142","1678",-0.0432144612113423,-0.0200570436837262,-0.00877080400674629,905021,"QULA",2.9,"A",3.6,"A",0,0,0,100,0,0,0,0,0,0,0,0,0,0,0,0,0,0,5.421917808,0,10.1787602,0.001017876,0.00066052,0.129105609,0.659095503,2321.18144,1442.917798,3764.099238,23,298.8591936,119.1185313,417.9777249,11.8872
"143","1679",-0.0432144612113423,-0.0200570436837262,-0.00877080400674629,905022,"QULA",4.9,"A",6,"A",0,0,0,100,0,0,0,0,0,0,0,0,0,0,0,0,0,0,5.421917808,0,28.27433388,0.002827433,0.001885741,0.202880243,1.736825292,2299.072482,1811.780045,4110.852527,23,325.0031112,147.440017,472.4431282,12.192
"144","168",-0.0432144612113426,-0.0200570436837264,-0.00877080400674634,115010,"QULA",1.6,"A",1.7,"A",0,0,0,90,0,0,0,0,0,0,0,0,0,0,0,0,0,0,5.523287671,0,2.269800692,0.00022698,0.000201062,0.018105159,0.046925203,256.3382526,3878.80664,4135.144892,15,48.17084671,455.4169542,503.5878009,10.668
"145","1682",0.0719787058213117,-0.0679512900511633,-0.0555679498846146,905028,"QULA",33.6,"A",35.4,"AU",1,1,0,98,0,0,1,0,0,0,0,0,0,0,0,0,0,0,5.421917808,0,984.2295624,0.098422956,0.088668311,0.331985851,17.99113438,411.7057173,3637.4852,4049.190917,19,32.94985153,324.8471857,357.7970373,11.8872
"146","1693",0.0212395459122681,-0.0333448175932698,-0.0103431934648927,905047,"QULA",14.1,"A",15.4,"AU",1,1,0,92,0,0,0,0,0,0,0,0,0,0,0,0,0,0,5.421917808,0,186.2650284,0.018626503,0.015614501,0.239767559,5.555233523,1285.33551,5209.954425,6495.289935,16,374.9037975,578.8615983,953.7653958,11.8872
"147","1694",0.159282443996522,-0.106500539459819,-0.078788473253843,905048,"QULA",20.3,"A",21.1,"AU",2,3,0,92,0,0,1,0,0,0,0,0,0,0,0,0,0,0,5.421917808,0,349.6671163,0.034966712,0.032365473,0.147549267,4.797635835,1121.933422,5540.018003,6661.951425,17,244.895094,533.7602448,778.6553388,11.8872
"148","1696",0.0268778981805109,-0.0512461823590908,0.121384398192313,907002,"QULA",18.3,"A",19,"AU",1,1,0,80,0,0,0,0,0,0,0,0,0,0,0,0,0,0,5.421917808,1,283.528737,0.028352874,0.026302199,0.129105609,3.782194192,706.9133249,3561.419388,4268.332713,21,96.44779225,417.3441071,513.7918993,12.8016
"149","1697",0.114266564285921,0.147192134897589,-0.109774935827168,907005,"QULA",17.2,"A",17.8,"AU",2,0,0,10,0,1,1,0,1,0,0,0,0,0,0,0,0,0,5.421917808,0,248.8455541,0.024884555,0.023235219,0.11066195,3.041979243,805.0488254,3278.28335,4083.332175,21,97.50384768,312.4584494,409.9622971,12.4968
"150","1700",-0.010276078735,-0.0249701991717409,-0.00922952053995899,907008,"QULA",10.7,"A",11,"AU",1,0,0,90,0,0,0,0,0,0,0,0,0,0,0,0,0,0,5.421917808,0,95.03317777,0.009503318,0.008992024,0.055330975,0.943013565,1402.776098,3901.206195,5303.982293,26,140.56805,429.0013151,569.5693651,12.4968
"151","1701",0.00140265207779316,0.093470925261017,-0.0193403460192347,907009,"QULA",4,"A",5.9,"AU",1,0,0,40,0,1,0,0,0,0,0,0,0,0,0,0,0,0,5.421917808,0,27.33971007,0.002733971,0.001256637,0.35042951,2.724744265,1036.73343,3833.277108,4870.010538,24,154.3577137,433.6039394,587.9616531,12.4968
"152","1702",-0.0383873819401652,0.100111989353029,-0.0211765268763416,907011,"QULA",6,"A",6.2,"AU",0,0,0,60,0,1,0,0,0,0,0,0,0,0,0,0,0,0,5.421917808,0,30.1907054,0.003019071,0.002827433,0.036887317,0.353449017,1184.113395,3132.552721,4316.666116,20,116.0348516,321.6135025,437.6483541,12.4968
"153","1714",-0.010276078735,-0.0249701991717409,-0.00922952053995899,907024,"QULA",4.1,"A",4.8,"AU",1,0,0,98,0,0,0,0,0,0,0,0,0,0,0,0,0,0,5.421917808,0,18.09557368,0.001809557,0.001320254,0.129105609,0.902453842,1169.402887,3567.443392,4736.846279,21,109.1523845,398.3811706,507.5335551,12.4968
"154","1721",-0.0432144612113423,-0.0200570436837262,-0.00877080400674627,907038,"QULA",11.7,"A",12.8,"A",0,0,0,99,0,0,0,0,0,0,0,0,0,0,0,0,0,0,5.421917808,0,128.6796351,0.012867964,0.010751315,0.202880243,3.903873362,1371.195238,1901.378268,3272.573505,22,210.9154937,267.6371699,478.5526637,12.4968
"155","1724",-0.0383873819401652,0.100111989353029,-0.0211765268763416,907041,"QULA",22.9,"A",23.5,"AU",0,0,0,95,0,1,0,0,0,0,0,0,0,0,0,0,0,0,5.421917808,0,433.7361357,0.043373614,0.041187065,0.11066195,4.03279534,1200.15908,2701.926762,3902.085841,27,155.5676534,273.0283669,428.5960203,12.4968
"156","1725",-0.0432144612113423,-0.0200570436837262,-0.00877080400674628,907042,"QULA",20.4,"A",21.8,"A",0,0,0,100,0,0,0,0,0,0,0,0,0,0,0,0,0,0,5.421917808,0,373.2526232,0.037325262,0.03268513,0.258211218,8.558101604,1108.526676,2151.040636,3259.567312,20,175.4770088,238.6425267,414.1195354,12.4968
"157","1727",-0.010276078735,-0.0249701991717409,-0.009229520539959,907045,"QULA",2.7,"A",3.6,"AU",1,0,0,95,0,0,0,0,0,0,0,0,0,0,0,0,0,0,5.421917808,0,10.1787602,0.001017876,0.000572555,0.165992926,0.821334396,1119.090281,3864.606641,4983.696922,25,209.2517476,340.1333324,549.38508,12.4968
"158","1734",-0.0432144612113423,-0.0200570436837262,-0.00877080400674628,907058,"QULA",15.6,"A",16.7,"A",0,0,0,94,0,0,0,0,0,0,0,0,0,0,0,0,0,0,5.421917808,0,219.0396938,0.021903969,0.01911345,0.202880243,5.146739167,393.3666701,3630.180997,4023.547667,18,78.89565224,461.0022419,539.8978941,11.8872
"159","1735",0.054954198293381,0.115110564286033,0.129116660419717,907059,"QULA",3.6,"A",4,"AU",2,0,0,85,0,1,0,0,0,0,0,0,0,0,0,0,0,0,5.421917808,1,12.56637061,0.001256637,0.001017876,0.073774634,0.44036271,1390.563156,3511.428795,4901.991951,19,108.792128,348.8386337,457.6307617,11.8872
"160","1738",-0.0432144612113423,-0.0200570436837262,-0.00877080400674627,907062,"QULA",5,"A",5.8,"A",0,0,0,90,0,0,0,0,0,0,0,0,0,0,0,0,0,0,5.421917808,0,26.42079422,0.002642079,0.001963495,0.147549267,1.251557174,1157.669039,3830.433967,4988.103006,20,109.9342901,326.7342202,436.6685103,12.4968
"161","1739",-0.0432144612113423,-0.0200570436837262,-0.00877080400674627,907065,"QULA",4.2,"A",5.3,"A",0,0,0,98,0,0,0,0,0,0,0,0,0,0,0,0,0,0,5.421917808,0,22.06183441,0.002206183,0.001385442,0.202880243,1.513746814,1011.8206,2942.02298,3953.84358,21,132.9316963,288.5112514,421.4429477,12.4968
"162","1740",-0.010276078735,-0.0249701991717409,-0.00922952053995899,907067,"QULA",18.2,"A",19.8,"AU",1,0,0,96,0,0,0,0,0,0,0,0,0,0,0,0,0,0,5.421917808,0,307.907496,0.03079075,0.026015529,0.295098535,8.80725419,715.7961782,3766.094149,4481.890327,23,93.18117956,650.7562824,743.9374619,12.4968
"163","1750",0.352419624456939,0.167633168947924,0.156866670110804,909012,"QULA",15.4,"A",16.4,"AU",3,2,0,17,0,1,1,0,1,0,0,0,0,0,0,0,0,0,5.438356164,1,211.24069,0.021124069,0.018626503,0.183879093,4.592502006,664.124833,2340.431549,3004.556382,32,109.9935127,248.5880134,358.5815261,12.8016
"164","1755",-0.091243388253341,0.151046726060484,-0.0437310056263662,909020,"QULA",2.5,"A",2.7,"AU",0,0,0,25,0,1,0,0,1,0,0,0,0,0,0,0,0,0,5.438356164,0,5.725552611,0.000572555,0.000490874,0.036775819,0.150195034,1198.635407,1514.734606,2713.370013,38,121.9107465,134.7114433,256.6221898,12.8016
"165","1787",0.0154730195733715,-0.0345633975905645,-0.0147495839768901,909060,"QULA",2.5,"A",3.7,"AU",2,0,0,95,0,0,0,0,0,0,0,0,0,0,0,0,0,0,5.438356164,0,10.75210086,0.00107521,0.000490874,0.220654912,1.074472168,50.26548246,6797.833162,6848.098644,29,3.855788671,765.9295157,769.7853044,12.4968
"166","1796",0.141820474539664,-0.0924678640940115,-0.066388701780211,911007,"QULA",9.2,"A",10.4,"AU",2,2,0,100,0,0,1,0,0,0,0,0,0,0,0,0,0,0,5.438356164,0,84.94866535,0.008494867,0.00664761,0.220654912,3.396718465,560.6721869,4439.306039,4999.978226,24,49.79018727,574.9131266,624.7033138,13.716
"167","1803",0.147524219549768,0.098550920856629,-0.071774837593934,911018,"QULA",6.5,"A",6.5,"AU",1,2,0,69,0,1,1,0,0,0,0,0,0,0,0,0,0,0,5.438356164,0,33.1830724,0.003318307,0.003318307,0,0,431.4113572,4227.115017,4658.526374,21,34.68930909,497.9201082,532.6094173,13.716
"168","1807",0.141820474539664,-0.0924678640940115,-0.066388701780211,911027,"QULA",4.3,"A",5.5,"AU",2,2,0,100,0,0,1,0,0,0,0,0,0,0,0,0,0,0,5.438356164,0,23.75829444,0.002375829,0.001452201,0.220654912,1.698359233,906.145277,3878.547458,4784.692735,21,103.8432649,438.9193974,542.7626622,13.1064
"169","1808",0.109250469069282,0.0995103633010586,-0.0664889894244794,911029,"QULA",5.3,"A",6.2,"AU",1,1,0,23,0,1,1,0,0,0,0,0,0,0,0,0,0,0,5.438356164,0,30.1907054,0.003019071,0.002206183,0.165491184,1.494729427,829.4668543,4983.319931,5812.786785,25,431.2853564,512.2842169,943.5695733,13.1064
"170","1809",0.0402084099371075,0.0885191601261963,-0.0186259122466658,911030,"QULA",14.5,"A",14.8,"AU",1,1,0,52,0,1,0,0,0,0,0,0,0,0,0,0,0,0,5.438356164,0,172.0336137,0.017203361,0.016512996,0.055163728,1.269436875,687.623946,4848.537752,5536.161698,24,149.2516388,503.5148617,652.7665005,13.1064
"171","1810",0.0719787058213117,-0.0679512900511632,-0.0555679498846146,911031,"QULA",12.6,"A",13.3,"AU",1,1,0,95,0,0,1,0,0,0,0,0,0,0,0,0,0,0,5.438356164,0,138.9290811,0.013892908,0.012468981,0.128715365,2.618303817,720.7284786,5431.491685,6152.220163,24,116.447842,544.1073923,660.5552343,13.1064
"172","1811",0.192505250851569,0.0957867794805626,-0.0746046502248153,911032,"QULA",5.3,"A",5.6,"AU",2,2,0,94,0,1,1,0,0,0,0,0,0,0,0,0,0,0,5.438356164,0,24.6300864,0.002463009,0.002206183,0.055163728,0.472247848,753.063321,3970.1563,4723.219621,21,106.77256,459.5817958,566.3543558,13.1064
"173","1814",-0.0605241941155988,-0.0380067103928633,0.128296470681816,911036,"QULA",19.2,"A",19.6,"A",0,0,0,94,0,0,0,0,0,0,0,0,0,0,0,0,0,0,5.438356164,1,301.7185585,0.030171856,0.028952918,0.073551637,2.241372048,439.8072635,5948.063765,6387.871028,20,53.96924675,688.0695535,742.0388003,13.1064
"174","1819",0.141820474539664,-0.0924678640940115,-0.066388701780211,911041,"QULA",6.9,"A",8,"AU",2,2,0,88,0,0,1,0,0,0,0,0,0,0,0,0,0,0,5.438356164,0,50.26548246,0.005026548,0.003739281,0.202267003,2.367015971,678.2541459,6331.809307,7010.063453,23,78.67500604,840.2148924,918.8898985,13.1064
"175","1840",-0.0432144612113422,-0.0200570436837263,-0.00877080400674629,911068,"QULA",11.5,"A",12.5,"A",0,0,0,97,0,0,0,0,0,0,0,0,0,0,0,0,0,0,5.438356164,0,122.718463,0.012271846,0.010386891,0.183879093,3.46603925,327.6445518,4340.023857,4667.668409,23,95.11646614,487.8414404,582.9579066,13.4112
"176","1841",0.0719787058213117,-0.0679512900511632,-0.0555679498846146,911070,"QULA",8.5,"A",9,"AU",1,1,0,96,0,0,1,0,0,0,0,0,0,0,0,0,0,0,5.438356164,0,63.61725124,0.006361725,0.005674502,0.091939547,1.263660143,386.7457636,4174.893893,4561.639657,22,161.8170105,476.5745974,638.3916079,13.716
"177","1843",0.141820474539664,-0.0924678640940115,-0.0663887017802109,911073,"QULA",14.3,"A",15.1,"AU",2,2,0,96,0,0,1,0,0,0,0,0,0,0,0,0,0,0,5.438356164,0,179.0786352,0.017907864,0.016060607,0.147103275,3.396718465,1077.377785,3852.857084,4930.234869,21,124.3370792,733.7927982,858.1298775,13.4112
"178","1847",0.0154730195733715,-0.0345633975905645,-0.0147495839768901,913002,"QULA",6.2,"A",6.8,"AU",2,0,0,93,0,0,0,0,0,0,0,0,0,0,0,0,0,0,5.435616438,0,36.31681108,0.003631681,0.003019071,0.110383065,1.12703053,69.26426403,5135.302329,5204.566593,19,8.435578483,664.09185,672.5274285,14.0208
"179","1859",-0.0432144612113422,-0.0200570436837263,-0.00877080400674629,913016,"QULA",2.5,"A",3.8,"A",0,0,0,97,0,0,0,0,0,0,0,0,0,0,0,0,0,0,5.435616438,0,11.34114948,0.001134115,0.000490874,0.239163306,1.183382056,61.8343974,4319.619213,4381.45361,13,82.7618989,387.4523257,470.2142246,14.0208
"180","1860",-0.12135350202502,-0.0499958807661858,-0.0347668153333511,913017,"QULA",5.5,"A",5.7,"AU",0,0,0,96,0,0,0,0,0,0,0,0,0,1,0,0,0,0,5.435616438,0,25.51758633,0.002551759,0.002375829,0.036794355,0.32366005,47.65796055,5195.777988,5243.435949,14,39.11478529,443.8628219,482.9776072,14.0208
"181","1867",0.0212395459122681,-0.0333448175932698,-0.0103431934648926,913029,"QULA",23.1,"A",25.1,"AU",1,1,0,91,0,0,0,0,0,0,0,0,0,0,0,0,0,0,5.435616438,0,494.8086969,0.04948087,0.041909631,0.367943548,13.92894142,575.3120087,3624.463298,4199.775307,18,97.69765349,711.9666758,809.6643293,13.716
"182","1868",0.0154730195733715,-0.0345633975905645,-0.0147495839768901,913030,"QULA",12.5,"A",13.3,"AU",2,0,0,98,0,0,0,0,0,0,0,0,0,0,0,0,0,0,5.435616438,0,138.9290811,0.013892908,0.012271846,0.147177419,2.982296171,931.1916245,3830.386843,4761.578467,17,255.2007112,549.0735609,804.2742721,13.4112
"183","1873",-0.0102760787349999,-0.0249701991717409,-0.00922952053995901,913038,"QULA",16.9,"A",18.1,"AU",1,0,0,94,0,0,0,0,0,0,0,0,0,0,0,0,0,0,5.435616438,0,257.3042923,0.025730429,0.022431757,0.220766129,6.06862593,812.8164133,5410.655072,6223.471485,18,58.56087617,556.1262585,614.6871346,13.4112
"184","1883",-0.0432144612113422,-0.0200570436837263,-0.00877080400674629,915001,"QULA",14.4,"A",15.5,"A",0,0,0,100,0,0,0,0,0,0,0,0,0,0,0,0,0,0,5.435616438,0,188.6919088,0.018869191,0.016286016,0.202368952,4.752312067,2186.776252,4022.613043,6209.389296,19,360.4725351,431.5371142,792.0096492,13.716
"185","1884",-0.0432144612113422,-0.0200570436837263,-0.00877080400674629,915002,"QULA",31.5,"A",33.7,"A",0,0,0,90,0,0,0,0,0,0,0,0,0,0,0,0,0,0,5.435616438,0,891.9688402,0.089196884,0.077931133,0.404737903,20.72580246,1454.745894,4524.050501,5978.796395,16,248.3607698,570.3119688,818.6727386,13.716
"186","1890",-0.0432144612113422,-0.0200570436837263,-0.00877080400674629,915011,"QULA",16.9,"A",18.9,"A",0,0,0,95,0,0,0,0,0,0,0,0,0,0,0,0,0,0,5.435616438,0,280.5520779,0.028055208,0.022431757,0.367943548,10.3455623,675.1675312,3764.688287,4439.855818,12,57.69822408,337.2489629,394.947187,13.716
"187","1891",-0.091243388253341,0.151046726060483,-0.0437310056263662,915012,"QULA",2.9,"A",3.2,"AU",0,0,0,85,0,1,0,0,1,0,0,0,0,0,0,0,0,0,5.435616438,0,8.042477193,0.000804248,0.00066052,0.055191532,0.264418701,1233.247904,1288.594913,2521.842817,10,154.4106145,96.89051367,251.3011281,13.716
"188","19",0.0339643235744552,0.0924836662874132,-0.0233862229711301,103002,"QULA",9.2,"A",9.5,"AU",2,0,0,87,0,1,0,0,0,0,0,0,0,0,0,0,0,0,5.542465753,0,70.88218425,0.007088218,0.00664761,0.054127533,0.794968141,460.7224166,4491.582141,4952.304557,13,84.86566182,458.6399734,543.5056352,10.9728
"189","1901",-0.0432144612113421,-0.0200570436837263,-0.00877080400674629,915029,"QULA",5.3,"A",5.7,"A",0,0,0,100,0,0,0,0,0,0,0,0,0,0,0,0,0,0,5.435616438,0,25.51758633,0.002551759,0.002206183,0.07358871,0.635760812,357.0027352,4140.281396,4497.284131,19,36.78133363,466.0400685,502.8214021,13.716
"190","1903",0.0212395459122681,-0.0333448175932698,-0.0103431934648926,915031,"QULA",5.4,"A",6.1,"AU",1,1,0,100,0,0,0,0,0,0,0,0,0,0,0,0,0,0,5.435616438,0,29.22466566,0.002922467,0.002290221,0.128780242,1.163153303,164.6037471,4941.128341,5105.732089,21,41.49054213,614.7433567,656.2338988,14.0208
"191","1904",0.0485611169091084,-0.0430566420758164,-0.0155121250291674,915032,"QULA",3.4,"A",4.3,"AU",2,1,0,100,0,0,0,0,0,0,0,0,0,0,0,0,0,0,5.435616438,0,14.52201204,0.001452201,0.00090792,0.165574597,1.001323278,179.3064007,5428.083057,5607.389457,22,66.60030264,631.8361136,698.4364162,14.0208
"192","1905",-0.0102760787349999,-0.0249701991717409,-0.00922952053995901,915033,"QULA",8.5,"A",10.6,"AU",1,0,0,100,0,0,0,0,0,0,0,0,0,0,0,0,0,0,5.435616438,0,88.24733764,0.008824734,0.005674502,0.386340726,5.795537763,1016.265954,3885.058409,4901.324363,24,84.54215374,434.8276167,519.3697704,13.716
"193","1915",-0.091243388253341,0.151046726060483,-0.0437310056263663,915046,"QULA",10.9,"A",11.8,"AU",0,0,0,80,0,1,0,0,1,0,0,0,0,0,0,0,0,0,5.435616438,0,109.3588403,0.010935884,0.009331316,0.165574597,2.951953042,1921.727934,4662.06852,6583.796454,23,264.0243837,397.9572075,661.9815912,13.716
"194","1916",0.11303761823559,0.162210290642042,-0.0698029826529887,915047,"QULA",4.9,"A",4.9,"AU",2,1,0,30,1,1,0,0,1,0,0,0,0,0,0,0,0,0,5.435616438,0,18.8574099,0.001885741,0.001885741,0,0,1418.908176,4575.439103,5994.347279,25,190.1716279,424.0118214,614.1834493,13.716
"195","1917",-0.0432144612113421,-0.0200570436837263,-0.00877080400674627,915048,"QULA",9.6,"A",10.4,"A",0,0,0,100,0,0,0,0,0,0,0,0,0,0,0,0,0,0,5.435616438,0,84.94866535,0.008494867,0.007238229,0.147177419,2.311857497,2244.785761,4662.06852,6906.854281,24,337.0905433,392.9911551,730.0816984,13.716
"196","1918",-0.0432144612113421,-0.0200570436837263,-0.00877080400674627,915049,"QULA",12.6,"A",13.7,"A",0,0,0,100,0,0,0,0,0,0,0,0,0,0,0,0,0,0,5.435616438,0,147.4113813,0.014741138,0.012468981,0.202368952,4.180127337,2496.058195,4792.766628,7288.824824,27,287.9668118,391.4495374,679.4163492,13.716
"197","1920",0.141820474539664,-0.0924678640940116,-0.0663887017802109,915056,"QULA",9.2,"A",9.5,"AU",2,2,0,86,0,0,1,0,0,0,0,0,0,0,0,0,0,0,5.435616438,0,70.88218425,0.007088218,0.00664761,0.055191532,0.810595035,3202.303932,3798.719589,7001.023521,23,369.0805741,346.3639613,715.4445355,13.716
"198","1921",0.270987943281094,0.200379547582536,0.206453929482923,915058,"QULA",19.2,"A",19.5,"AU",3,2,0,5,1,1,0,0,1,0,0,0,0,0,0,0,0,0,5.435616438,1,298.6476516,0.029864765,0.028952918,0.055191532,1.677541596,1215.010959,1809.879382,3024.89034,18,234.9406274,215.6035624,450.5441898,13.716
"199","1922",-0.0102760787349999,-0.0249701991717409,-0.00922952053995897,915063,"QULA",17.6,"A",18.9,"AU",1,0,0,90,0,0,0,0,0,0,0,0,0,0,0,0,0,0,5.435616438,0,280.5520779,0.028055208,0.024328494,0.239163306,6.85610239,1129.300457,2656.51504,3785.815497,18,241.8745156,292.2566275,534.1311431,13.716
"200","1923",0.0485611169091084,-0.0430566420758164,-0.0155121250291674,915064,"QULA",10.7,"A",11.5,"AU",2,1,0,100,0,0,0,0,0,0,0,0,0,0,0,0,0,0,5.435616438,0,103.8689071,0.010386891,0.008992024,0.147177419,2.566161822,3160.701391,1983.444522,5144.145913,22,401.8244201,462.5626539,864.387074,13.716
"201","1925",-0.0912433882533411,0.151046726060483,-0.0437310056263663,915066,"QULA",7.2,"A",7.3,"AU",0,0,0,25,0,1,0,0,1,0,0,0,0,0,0,0,0,0,5.435616438,0,41.85386813,0.004185387,0.004071504,0.018397177,0.209512086,1878.562451,3006.920431,4885.482882,17,417.1616763,303.9485278,721.1102041,13.716
"202","1926",-0.0912433882533411,0.151046726060483,-0.0437310056263663,915067,"QULA",13.2,"A",14.5,"AU",0,0,0,90,0,1,0,0,1,0,0,0,0,0,0,0,0,0,5.435616438,0,165.1299639,0.016512996,0.013684778,0.239163306,5.203124279,1428.435056,3006.920431,4435.355486,16,225.3088512,295.4169895,520.7258407,13.716
"203","1927",-0.0432144612113421,-0.0200570436837262,-0.00877080400674621,915070,"QULA",19.3,"A",20.4,"A",0,0,0,100,0,0,0,0,0,0,0,0,0,0,0,0,0,0,5.435616438,0,326.8512997,0.03268513,0.029255296,0.202368952,6.309926056,2168.82205,3694.473691,5863.295741,18,497.4954374,414.0264449,911.5218824,13.716
"204","1928",-0.0432144612113421,-0.0200570436837262,-0.00877080400674621,915071,"QULA",21.9,"A",23.2,"A",0,0,0,100,0,0,0,0,0,0,0,0,0,0,0,0,0,0,5.435616438,0,422.7327075,0.042273271,0.037668481,0.239163306,8.471512816,1789.246972,4634.147615,6423.394587,16,159.1783187,598.9635754,758.1418941,13.716
"205","1930",-0.0102760787349999,-0.0249701991717409,-0.00922952053995897,917002,"QULA",25.3,"A",25.8,"AU",1,0,0,98,0,0,0,0,0,0,0,0,0,0,0,0,0,0,5.435616438,0,522.7924335,0.052279243,0.050272551,0.091985887,3.691747441,1526.00507,4005.907624,5531.912694,16,249.2586661,408.0531431,657.3118092,13.716
"206","1936",-0.0102760787349999,-0.0249701991717409,-0.00922952053995897,917011,"QULA",24.5,"A",23.8,"AU",1,0,0,85,0,0,0,0,0,0,0,0,0,0,0,0,0,0,5.435616438,0,444.8809357,0.044488094,0.047143525,-0.128780242,-4.885243874,603.1308116,4400.774405,5003.905217,15,64.18031263,433.9652827,498.1455953,13.716
"207","1938",-0.0102760787349999,-0.0249701991717409,-0.00922952053995897,917013,"QULA",12.7,"A",14,"AU",1,0,0,90,0,0,0,0,0,0,0,0,0,0,0,0,0,0,5.435616438,0,153.93804,0.015393804,0.012667687,0.239163306,5.015285858,675.6309161,2911.667341,3587.298257,10,61.82452244,382.1734136,443.9979361,13.716
"208","1944",0.00140265207779329,0.093470925261017,-0.0193403460192346,917021,"QULA",12.5,"A",12.8,"AU",1,0,0,93,0,1,0,0,0,0,0,0,0,0,0,0,0,0,5.435616438,0,128.6796351,0.012867964,0.012271846,0.055191532,1.0966874,153.93804,2774.175539,2928.113579,7,12.52020548,291.9851572,304.5053626,13.716
"209","1951",0.0154730195733715,-0.0345633975905646,-0.0147495839768901,917032,"QULA",18.1,"A",19.3,"AU",2,0,0,96,0,0,0,0,0,0,0,0,0,0,0,0,0,0,5.435616438,0,292.5529619,0.029255296,0.025730429,0.220766129,6.484760279,114.9901451,3668.33564,3783.325785,8,11.03395572,415.143098,426.1770537,13.716
"210","1956",-0.0432144612113421,-0.0200570436837262,-0.00877080400674621,917039,"QULA",28.2,"A",30.5,"A",0,0,0,98,0,0,0,0,0,0,0,0,0,0,0,0,0,0,5.435616438,0,730.6166415,0.073061664,0.062458004,0.423135081,19.50774254,923.9423994,4609.682463,5533.624862,13,156.9915666,432.3532664,589.344833,13.716
"211","1960",-0.0432144612113421,-0.0200570436837262,-0.00877080400674621,919011,"QULA",15.6,"A",16.2,"A",0,0,0,93,0,0,0,0,0,0,0,0,0,0,0,0,0,0,5.435616438,0,206.119894,0.020611989,0.01911345,0.110383065,2.756890065,1599.353404,2031.762217,3631.115621,15,143.5966011,216.1119141,359.7085151,13.716
"212","1961",-0.0432144612113421,-0.0200570436837262,-0.00877080400674621,919012,"QULA",13.2,"A",14.3,"A",0,0,0,100,0,0,0,0,0,0,0,0,0,0,0,0,0,0,5.435616438,0,160.6060704,0.016060607,0.013684778,0.202368952,4.37085558,1859.163116,2386.864288,4246.027405,20,227.6993994,196.3494228,424.0488222,13.716
"213","1962",-0.0432144612113421,-0.0200570436837262,-0.00877080400674621,919013,"QULA",15.3,"A",16.3,"A",0,0,0,96,0,0,0,0,0,0,0,0,0,0,0,0,0,0,5.435616438,0,208.672438,0.020867244,0.018385386,0.183971774,4.565918557,1956.623175,859.2412987,2815.864473,17,213.6655102,76.19415677,289.859667,13.716
"214","1965",0.0212395459122681,-0.0333448175932698,-0.0103431934648925,919017,"QULA",18.2,"A",20.6,"AU",1,1,0,92,0,0,0,0,0,0,0,0,0,0,0,0,0,0,5.435616438,0,333.2915646,0.033329156,0.026015529,0.441532258,13.45501063,2313.005445,1964.791315,4277.796761,27,302.3873693,195.635995,498.0233643,13.716
"215","1966",-0.038387381940165,0.100111989353029,-0.0211765268763417,919018,"QULA",2.6,"A",3,"AU",0,0,0,82,0,1,0,0,0,0,0,0,0,0,0,0,0,0,5.435616438,0,7.068583471,0.000706858,0.000530929,0.07358871,0.32366005,2639.228426,1964.791315,4604.019742,27,1519.870165,192.2630605,1712.133225,13.716
"216","1967",0.106466858625705,0.0875515926963149,-0.0282807734508208,919020,"QULA",9.5,"A",9.8,"AU",2,2,0,65,0,1,0,0,0,0,0,0,0,0,0,0,0,0,5.435616438,0,75.42963961,0.007542964,0.007088218,0.055191532,0.836603432,2089.865973,399.2807183,2489.146691,16,306.2832525,61.9039406,368.1871931,13.716
"217","1969",-0.0432144612113421,-0.0200570436837262,-0.0087708040067462,919022,"QULA",15,"A",16.3,"A",0,0,0,100,0,0,0,0,0,0,0,0,0,0,0,0,0,0,5.435616438,0,208.672438,0.020867244,0.017671459,0.239163306,5.879342597,2299.504451,910.1900776,3209.694528,20,321.8472652,96.4746041,418.3218693,13.716
"218","1970",0.0710159497793706,0.0888308641454018,-0.0246215488820206,919025,"QULA",14,"A",14,"AU",1,2,0,48,0,1,0,0,0,0,0,0,0,0,0,0,0,0,5.435616438,0,153.93804,0.015393804,0.015393804,0,0,2467.336184,1346.667253,3814.003437,20,378.0650981,143.6193778,521.6844759,13.716
"219","1971",0.214552064511284,0.102735159798902,-0.0858601021107496,919026,"QULA",8.5,"A",9,"AU",2,3,0,33,0,1,1,0,0,0,0,0,0,0,0,0,0,0,5.435616438,0,63.61725124,0.006361725,0.005674502,0.091985887,1.264297069,2191.221606,2781.440472,4972.662078,21,397.9802188,220.8628666,618.8430854,13.716
"220","1973",-0.0432144612113421,-0.0200570436837262,-0.0087708040067462,919031,"QULA",6.1,"A",6.4,"A",0,0,0,100,0,0,0,0,0,0,0,0,0,0,0,0,0,0,5.435616438,0,32.16990877,0.003216991,0.002922467,0.055191532,0.541841601,2632.364046,3322.328479,5954.692525,23,456.6086461,317.6253001,774.2339462,13.716
"221","1974",-0.0432144612113421,-0.0200570436837262,-0.0087708040067462,919034,"QULA",17,"A",19,"A",0,0,0,96,0,0,0,0,0,0,0,0,0,0,0,0,0,0,5.435616438,0,283.528737,0.028352874,0.022698007,0.367943548,10.40335874,2300.50976,2799.536045,5100.045806,22,371.3404244,254.0748258,625.4152502,13.716
"222","1975",0.0454466458788887,-0.0452201643511945,-0.0175697347104672,919038,"QULA",21,"A",22.6,"AU",1,2,0,100,0,0,0,0,0,0,0,0,0,0,0,0,0,0,5.435616438,0,401.1499659,0.040114997,0.034636059,0.294354839,10.07969869,2811.434828,2620.088273,5431.523101,22,342.0883263,268.777983,610.8663094,13.716
"223","1976",-0.0432144612113421,-0.0200570436837262,-0.0087708040067462,919040,"QULA",8.4,"A",10,"A",0,0,0,99,0,0,0,0,0,0,0,0,0,0,0,0,0,0,5.435616438,0,78.53981634,0.007853982,0.005541769,0.294354839,4.253817795,2498.461514,1673.172977,4171.634491,21,319.1585783,184.0193724,503.1779507,13.716
"224","1979",-0.0432144612113421,-0.0200570436837262,-0.0087708040067462,919050,"QULA",10.1,"A",12,"A",0,0,0,99,0,0,0,0,0,0,0,0,0,0,0,0,0,0,5.435616438,0,113.0973355,0.011309734,0.008011847,0.349546371,6.067181019,1680.382933,2680.241918,4360.624851,18,143.3976144,227.3652387,370.7628532,13.716
"225","1980",0.0402084099371073,0.0885191601261961,-0.0186259122466658,919052,"QULA",9.7,"A",11,"AU",1,1,0,92,0,1,0,0,0,0,0,0,0,0,0,0,0,0,5.435616438,0,95.03317777,0.009503318,0.007389811,0.239163306,3.888255328,786.4741589,2273.217174,3059.691333,11,69.60270248,325.7605389,395.3632414,13.716
"226","1984",-0.038387381940165,0.100111989353029,-0.0211765268763416,919059,"QULA",17.4,"A",17.8,"AU",0,0,0,81,0,1,0,0,0,0,0,0,0,0,0,0,0,0,5.435616438,0,248.8455541,0.024884555,0.023778715,0.07358871,2.034434597,2782.249432,1908.258356,4690.507788,15,248.1577309,306.0326944,554.1904253,13.716
"227","1985",-0.0432144612113421,-0.0200570436837262,-0.0087708040067462,919065,"QULA",19.4,"A",20.2,"A",0,0,0,100,0,0,0,0,0,0,0,0,0,0,0,0,0,0,5.435616438,0,320.4738666,0.032047387,0.029559245,0.147177419,4.577477844,931.1209386,2985.196317,3916.317256,17,91.36714761,323.9593063,415.326454,13.716
"228","1986",-0.038387381940165,0.100111989353029,-0.0211765268763416,919066,"QULA",5,"A",5.7,"AU",0,0,0,78,0,1,0,0,0,0,0,0,0,0,0,0,0,0,5.435616438,0,25.51758633,0.002551759,0.001963495,0.128780242,1.082238291,1112.979883,4556.636671,5669.616554,19,218.4202789,450.7791362,669.1994151,13.716
"229","20",0.0740849815369328,-0.0551053752455109,-0.0227031457642926,103003,"QULA",13.5,"A",14.4,"AU",2,2,0,93,0,0,0,0,0,0,0,0,0,0,0,0,0,0,5.542465753,0,162.8601632,0.016286016,0.014313882,0.1623826,3.558226385,297.8622535,5672.546089,5970.408343,15,78.96098244,614.5284602,693.4894426,10.9728
"230","2000",0.106466858625705,0.0875515926963149,-0.0282807734508208,921013,"QULA",34,"A",34.6,"AU",2,2,0,70,0,1,0,0,0,0,0,0,0,0,0,0,0,0,5.435616438,0,940.2472653,0.094024727,0.090792028,0.110383065,5.947253411,66.47610055,2873.339911,2939.816011,26,7.373560756,272.9258328,280.2993935,12.8016
"231","2006",-0.0432144612113421,-0.0200570436837262,-0.0087708040067462,921022,"QULA",8.1,"A",9.2,"A",0,0,0,98,0,0,0,0,0,0,0,0,0,0,0,0,0,0,5.435616438,0,66.47610055,0.00664761,0.005152997,0.202368952,2.749665511,1257.555977,4712.114091,5969.670068,22,132.6973013,456.5877662,589.2850674,12.8016
"232","2009",-0.0118641267365933,-0.0286302487938525,-0.0098120009687621,921028,"QULA",18.3,"A",20.1,"AU",0,1,0,93,0,0,0,0,0,0,0,0,0,0,0,0,0,0,5.435616438,0,317.308712,0.031730871,0.026302199,0.331149194,9.987224387,682.3068005,1901.621741,2583.928542,19,61.11707866,423.7041901,484.8212688,13.716
"233","2013",-0.0102760787349999,-0.0249701991717409,-0.00922952053995898,921035,"QULA",17.8,"A",19.9,"AU",1,0,0,98,0,0,0,0,0,0,0,0,0,0,0,0,0,0,5.435616438,0,311.0255267,0.031102553,0.024884555,0.386340726,11.43935988,1814.364005,2899.462254,4713.826259,19,152.2539836,309.5861047,461.8400883,13.716
"234","2018",-0.0432144612113421,-0.0200570436837262,-0.0087708040067462,921045,"QULA",19.8,"A",23.9,"A",0,0,0,99,0,0,0,0,0,0,0,0,0,0,0,0,0,0,5.435616438,0,448.6272849,0.044862728,0.03079075,0.754284274,25.88846923,594.837007,2496.356646,3091.193653,15,47.22651504,262.5463011,309.7728162,13.716
"235","2042",0.0719787058213117,-0.0679512900511632,-0.0555679498846144,1101005,"QULA",10.1,"A",10.8,"AU",1,1,0,98,0,0,1,0,0,0,0,0,0,0,0,0,0,0,5.438356164,0,91.60884178,0.009160884,0.008011847,0.128715365,2.11283976,0,6694.262706,6694.262706,7,0,534.5184908,534.5184908,11.8872
"236","2049",0.0300395864778846,-0.0625703805180741,-0.0595903004993796,1101033,"QULA",13,"A",13.5,"AU",0,1,0,96,0,0,1,0,0,0,0,0,0,0,0,0,0,0,5.438356164,0,143.1388153,0.014313882,0.013273229,0.091939547,1.913542503,397.6078202,4251.980723,4649.588543,18,31.70448557,693.4612563,725.1657418,12.192
"237","2052",0.0719787058213117,-0.0679512900511632,-0.0555679498846144,1101039,"QULA",22.2,"A",22.5,"AU",1,1,0,90,0,0,1,0,0,0,0,0,0,0,0,0,0,0,5.438356164,0,397.6078202,0.039760782,0.038707563,0.055163728,1.936649431,609.6103465,5602.794878,6212.405225,26,59.90157325,748.9579204,808.8594936,12.192
"238","2056",-0.0432144612113421,-0.0200570436837262,-0.00877080400674619,1101043,"QULA",19.6,"A",20.8,"A",0,0,0,97,0,0,0,0,0,0,0,0,0,0,0,0,0,0,5.438356164,0,339.7946614,0.033979466,0.030171856,0.220654912,7.001399285,397.6078202,4301.413683,4699.021504,16,40.17066622,607.9509015,648.1215677,11.8872
"239","2059",-0.0432144612113421,-0.0200570436837262,-0.00877080400674619,1103004,"QULA",12.6,"A",12.9,"A",0,0,0,94,0,0,0,0,0,0,0,0,0,0,0,0,0,0,5.438356164,0,130.6981084,0.013069811,0.012468981,0.055163728,1.104800011,79.64722775,3593.047372,3672.6946,17,7.157211073,335.2348264,342.3920375,11.8872
"240","2062",-0.0432144612113421,-0.0200570436837262,-0.00877080400674619,1103008,"QULA",7,"A",8.5,"A",0,0,0,100,0,0,0,0,0,0,0,0,0,0,0,0,0,0,5.438356164,0,56.74501731,0.005674502,0.003848451,0.27581864,3.357725523,195.4541869,4261.727514,4457.181701,18,32.6862358,540.3201602,573.006396,11.8872
"241","2063",-0.0432144612113421,-0.0200570436837262,-0.00877080400674619,1103009,"QULA",4.4,"A",5.4,"A",0,0,0,97,0,0,0,0,0,0,0,0,0,0,0,0,0,0,5.438356164,0,22.90221044,0.002290221,0.001520531,0.183879093,1.41529936,229.2969938,4452.862011,4682.159005,19,57.30737263,900.5058866,957.8132592,11.8872
"242","2087",0.242551214643382,0.105916668328733,-0.0930821333217182,1103047,"QULA",30.8,"A",30.9,"AU",3,3,0,42,0,1,1,0,0,0,0,0,0,0,0,0,0,0,5.438356164,0,749.9060204,0.074990602,0.074506011,0.018387909,0.891060924,193.5927933,5400.499873,5594.092667,26,29.92952804,677.0697092,706.9992373,11.8872
"243","2094",0.291725756570791,0.146866832431767,-0.132396292854527,1103058,"QULA",15.1,"A",15.7,"AU",3,3,0,36,0,1,1,0,1,0,0,0,0,0,0,0,0,0,5.438356164,0,193.5927933,0.019359279,0.017907864,0.110327456,2.668850223,1382.112272,6983.022195,8365.134467,36,168.2318418,1389.83294,1558.064782,11.8872
"244","210",-0.0432144612113426,-0.0200570436837264,-0.00877080400674634,119004,"QULA",2.1,"A",4.9,"A",0,0,0,100,0,0,0,0,0,0,0,0,0,0,0,0,0,0,5.504109589,0,18.8574099,0.001885741,0.000346361,0.508710801,2.796783704,278.7849321,5062.872911,5341.657843,19,107.2371814,538.3939296,645.631111,11.8872
"245","2104",0.324957131347939,0.124944802107763,-0.125018220055958,1103077,"QULA",10.2,"A",10.9,"AU",3,3,0,8,1,1,1,0,0,0,0,0,0,0,0,0,0,0,5.438356164,0,93.31315579,0.009331316,0.008171282,0.128715365,2.133058322,965.5056702,8772.850361,9738.356031,50,183.9937852,1337.306008,1521.299793,11.8872
"246","2105",0.192505250851569,0.0957867794805624,-0.0746046502248153,1103078,"QULA",15.1,"A",16.7,"AU",2,2,0,91,0,1,1,0,0,0,0,0,0,0,0,0,0,0,5.438356164,0,219.0396938,0.021903969,0.017907864,0.294206549,7.34800321,839.7791322,9953.633668,10793.4128,52,125.8710898,1177.104666,1302.975756,11.8872
"247","211",-0.0432144612113426,-0.0200570436837264,-0.00877080400674634,119006,"QULA",1.8,"A",3,"A",0,0,0,100,0,0,0,0,0,0,0,0,0,0,0,0,0,0,5.504109589,0,7.068583471,0.000706858,0.000254469,0.218018915,0.821911946,290.5737585,4041.753197,4332.326955,17,73.01341754,551.3726616,624.3860791,11.8872
"248","2118",0.214552064511284,0.102735159798902,-0.0858601021107496,1103097,"QULA",11.8,"A",13,"AU",2,3,0,72,0,1,1,0,0,0,0,0,0,0,0,0,0,0,5.438356164,0,132.7322896,0.013273229,0.010935884,0.220654912,4.29788867,412.6403411,7873.514486,8286.154827,28,138.8546727,881.1827952,1020.037468,11.8872
"249","2119",0.192505250851569,0.0957867794805625,-0.0746046502248153,1103098,"QULA",10.8,"A",11.3,"AU",2,2,0,89,0,1,1,0,0,0,0,0,0,0,0,0,0,0,5.438356164,0,100.2874915,0.010028749,0.009160884,0.091939547,1.595822238,445.0851392,8054.972878,8500.058017,29,171.7900035,875.964596,1047.7546,11.8872
"250","2128",0.0743425541222372,0.0874132750888714,-0.0223206573258999,1105006,"QULA",11.6,"A",12.4,"AU",2,1,0,82,0,1,0,0,0,0,0,0,0,0,0,0,0,0,5.435616438,0,120.7628216,0.012076282,0.010568318,0.147177419,2.774228997,2031.008235,5068.944039,7099.952273,37,237.9312388,760.4394519,998.3706907,12.8016
"251","2130",0.106466858625704,0.0875515926963148,-0.0282807734508208,1105009,"QULA",15.4,"A",16.9,"AU",2,2,0,5,0,1,0,0,0,0,0,0,0,0,0,0,0,0,5.435616438,0,224.3175694,0.022431757,0.018626503,0.275957661,7.000593483,1058.245485,5910.592418,6968.837904,37,126.6791892,1102.007177,1228.686367,12.8016
"252","2142",0.0743425541222371,0.0874132750888714,-0.0223206573258999,1105025,"QULA",10.3,"A",10.4,"AU",2,1,0,89,0,1,0,0,0,0,0,0,0,0,0,0,0,0,5.435616438,0,84.94866535,0.008494867,0.008332289,0.018397177,0.299096564,1032.358762,7965.555297,8997.914059,37,168.1854603,861.2042002,1029.389661,12.8016
"253","2143",-0.0102760787349999,-0.024970199171741,-0.009229520539959,1105026,"QULA",12.7,"A",15.1,"AU",1,0,0,98,0,0,0,0,0,0,0,0,0,0,0,0,0,0,5.435616438,0,179.0786352,0.017907864,0.012667687,0.441532258,9.640445763,759.1501568,8452.415765,9211.565921,31,103.4364417,800.9777098,904.4141515,12.8016
"254","2159",-0.0383873819401651,0.100111989353029,-0.0211765268763416,1105058,"QULA",3.3,"A",3.3,"AU",0,0,0,93,0,1,0,0,0,0,0,0,0,0,0,0,0,0,5.435616438,0,8.552985999,0.000855299,0.000855299,0,0,1659.562027,2647.828536,4307.390563,27,242.3355294,249.8270868,492.1626161,12.8016
"255","2160",-0.0102760787349999,-0.024970199171741,-0.009229520539959,1105059,"QULA",3.4,"A",3.9,"AU",1,0,0,97,0,0,0,0,0,0,0,0,0,0,0,0,0,0,5.435616438,0,11.94590607,0.001194591,0.00090792,0.091985887,0.527392492,1656.169107,4610.169409,6266.338517,28,299.7287234,398.1468308,697.8755542,12.8016
"256","2161",-0.043214461211342,-0.0200570436837262,-0.00877080400674624,1105060,"QULA",16,"A",18.1,"A",0,0,0,92,0,0,0,0,0,0,0,0,0,0,0,0,0,0,5.435616438,0,257.3042923,0.025730429,0.020106193,0.386340726,10.34700721,1410.810721,2466.370145,3877.180865,26,175.0686817,248.9375313,424.006213,12.8016
"257","2163",-0.0700633057990571,0.120818148264216,-0.0336363194857548,1105062,"QULA",19.6,"A",21.4,"AU",0,0,1,87,0,1,0,0,0,0,0,0,0,0,0,0,0,0,5.435616438,0,359.6809429,0.035968094,0.030171856,0.331149194,10.66344271,1429.196892,5124.479543,6553.676435,30,285.4622038,518.9421183,804.404322,12.8016
"258","2164",0.0212395459122681,-0.0333448175932698,-0.0103431934648925,1105063,"QULA",10.1,"A",11.1,"AU",1,1,0,94,0,0,0,0,0,0,0,0,0,0,0,0,0,0,5.435616438,0,96.76890771,0.009676891,0.008011847,0.183971774,3.063211184,2180.453797,6516.18938,8696.643177,33,370.0391317,722.7621844,1092.801316,12.8016
"259","2166",0.0402084099371071,0.088519160126196,-0.0186259122466658,1105065,"QULA",8.5,"A",8.7,"AU",1,1,0,86,0,1,0,0,0,0,0,0,0,0,0,0,0,0,5.435616438,0,59.44678699,0.005944679,0.005674502,0.036794355,0.497049362,1852.149511,3531.307222,5383.456733,30,2112.737305,372.2031987,2484.940504,12.8016
"260","2167",-0.043214461211342,-0.0200570436837262,-0.00877080400674625,1105066,"QULA",18,"A",20,"A",0,0,0,97,0,0,0,0,0,0,0,0,0,0,0,0,0,0,5.435616438,0,314.1592654,0.031415927,0.0254469,0.367943548,10.98132311,1597.437032,3531.307222,5128.744255,30,653.504116,369.5200468,1023.024163,12.8016
"261","2169",-0.043214461211342,-0.0200570436837262,-0.00877080400674625,1105068,"QULA",17.4,"A",17.6,"A",0,0,0,95,0,0,0,0,0,0,0,0,0,0,0,0,0,0,5.435616438,0,243.2849351,0.024328494,0.023778715,0.036794355,1.011437655,1547.548541,1704.691006,3252.239547,30,299.9419519,359.7665869,659.7085388,12.8016
"262","2171",-0.043214461211342,-0.0200570436837262,-0.00877080400674625,1105070,"QULA",11.9,"A",12.6,"A",0,0,0,90,0,0,0,0,0,0,0,0,0,0,0,0,0,0,5.435616438,0,124.6898124,0.012468981,0.011122023,0.128780242,2.478022255,2063.751484,2075.029802,4138.781286,32,286.9115255,347.6088654,634.5203909,12.8016
"263","2172",-0.043214461211342,-0.0200570436837262,-0.00877080400674625,1105071,"QULA",3.6,"A",4.1,"A",0,0,0,98,0,0,0,0,0,0,0,0,0,0,0,0,0,0,5.435616438,0,13.20254313,0.001320254,0.001017876,0.091985887,0.55629071,2296.001575,1999.749388,4295.750963,33,438.8238329,289.5605283,728.3843612,12.8016
"264","2177",-0.0383873819401651,0.100111989353029,-0.0211765268763416,1105078,"QULA",13.7,"A",15.1,"AU",0,0,0,92,0,1,0,0,0,0,0,0,0,0,0,0,0,0,5.435616438,0,179.0786352,0.017907864,0.014741138,0.257560484,5.825880893,2041.783897,4409.64155,6451.425448,34,348.0372408,427.1893479,775.2265887,12.8016
"265","2179",-0.043214461211342,-0.0200570436837262,-0.00877080400674625,1105081,"QULA",11.4,"A",12.5,"A",0,0,0,95,0,0,0,0,0,0,0,0,0,0,0,0,0,0,5.435616438,0,122.718463,0.012271846,0.010207035,0.202368952,3.79867085,1452.23262,4325.336911,5777.569532,29,185.289601,472.9760376,658.2656387,12.8016
"266","2183",0.0154730195733715,-0.0345633975905646,-0.0147495839768901,1107005,"QULA",2.4,"A",2.9,"AU",2,0,0,97,0,0,0,0,0,0,0,0,0,0,0,0,0,0,5.435616438,0,6.605198554,0.00066052,0.000452389,0.091985887,0.382901398,1200.881646,3425.521944,4626.403589,32,154.9185307,312.6851253,467.6036559,13.1064
"267","2188",0.029115362505271,0.0953374575606841,-0.0268946542490117,1107012,"QULA",17.4,"A",20.3,"AU",0,2,0,87,0,1,0,0,0,0,0,0,0,0,0,0,0,0,5.435616438,0,323.6547292,0.032365473,0.023778715,0.533518145,15.79721126,682.4010482,2014.915426,2697.316475,36,69.50236148,190.2961424,259.7985039,13.4112
"268","2189",0.0740849815369315,-0.0551053752455033,-0.0227031457643078,1107015,"QULA",4.4,"A",4.7,"AU",2,2,0,99,0,0,0,0,0,0,0,0,0,0,0,0,0,0,5.435616438,0,17.34944543,0.001734945,0.001520531,0.055191532,0.394460685,11.34114948,5667.323191,5678.664341,14,20.08058191,1075.894962,1095.975544,13.1064
"269","2191",0.0992518162468035,-0.0723213065808404,0.123207247016581,1107018,"QULA",3.1,"A",3.8,"AU",2,2,0,97,0,0,0,0,0,0,0,0,0,0,0,0,0,0,5.435616438,1,11.34114948,0.001134115,0.000754768,0.128780242,0.697891982,17.34944543,5244.590484,5261.939929,13,30.71884033,1741.440791,1772.159631,13.1064
"270","2198",-0.043214461211342,-0.0200570436837262,-0.00877080400674624,1107027,"QULA",19.8,"A",22.5,"A",0,0,0,94,0,0,0,0,0,0,0,0,0,0,0,0,0,0,5.435616438,0,397.6078202,0.039760782,0.03079075,0.49672379,16.5023278,605.6912096,5772.503713,6378.194923,29,65.40388399,613.5233695,678.9272535,12.8016
"271","22",0.00140265207779299,0.0934709252610173,-0.0193403460192348,103005,"QULA",15.4,"A",17,"AU",1,0,0,96,0,1,0,0,0,0,0,0,0,0,0,0,0,0,5.542465753,0,226.9800692,0.022698007,0.018626503,0.288680178,7.346015763,352.5652355,3986.421896,4338.987132,13,65.01800127,354.713553,419.7315542,10.9728
"272","2205",-0.0383873819401651,0.100111989353029,-0.0211765268763416,1107034,"QULA",26,"A",27.8,"AU",0,0,0,87,0,1,0,0,0,0,0,0,0,0,0,0,0,0,5.435616438,0,606.9871166,0.060698712,0.053092916,0.331149194,13.9925175,18.09557368,3297.91045,3316.006024,18,2.050543991,407.8892612,409.9398052,12.4968
"273","2211",0.400093239528226,0.138100374385138,-0.162234659426309,1107042,"QULA",24.9,"A",27.6,"AU",3,3,0,84,1,1,1,0,0,1,0,0,0,0,0,0,0,0,5.435616438,0,598.2849049,0.05982849,0.048695472,0.49672379,20.48161251,383.5020692,3155.831922,3539.333991,26,36.82520761,490.1311149,526.9563226,13.1064
"274","2212",-0.043214461211342,-0.0200570436837262,-0.00877080400674616,1107045,"QULA",6.4,"A",7.8,"A",0,0,0,97,0,0,0,0,0,0,0,0,0,0,0,0,0,0,5.435616438,0,47.78362426,0.004778362,0.003216991,0.257560484,2.87248294,1367.951543,1259.464495,2627.416038,40,166.6086505,111.3033847,277.9120353,12.8016
"275","2214",0.0154730195733714,-0.0345633975905646,-0.01474958397689,1107047,"QULA",2.2,"A",4.3,"AU",2,0,0,98,0,0,0,0,0,0,0,0,0,0,0,0,0,0,5.435616438,0,14.52201204,0.001452201,0.000380133,0.386340726,1.972303427,1737.143658,814.5835591,2551.727217,41,211.1679493,66.8668776,278.0348269,12.8016
"276","2215",0.0212395459122681,-0.0333448175932699,-0.0103431934648925,1107048,"QULA",3.8,"A",5,"AU",1,1,0,96,0,0,0,0,0,0,0,0,0,0,0,0,0,0,5.435616438,0,19.63495408,0.001963495,0.001134115,0.220766129,1.525825948,1244.337726,1210.290716,2454.628442,40,168.8471532,112.0092213,280.8563745,12.8016
"277","2216",-0.043214461211342,-0.0200570436837262,-0.00877080400674616,1107051,"QULA",3.5,"A",3.9,"A",0,0,0,91,0,0,0,0,0,0,0,0,0,0,0,0,0,0,5.435616438,0,11.94590607,0.001194591,0.000962113,0.07358871,0.427693637,1955.225166,3364.308011,5319.533177,33,216.1185225,309.1834745,525.301997,13.1064
"278","2217",-0.043214461211342,-0.0200570436837262,-0.00877080400674616,1107052,"QULA",4.6,"A",5.8,"A",0,0,0,94,0,0,0,0,0,0,0,0,0,0,0,0,0,0,5.435616438,0,26.42079422,0.002642079,0.001661903,0.220766129,1.803248848,2450.630765,979.9962663,3430.627032,45,279.5537343,78.6323197,358.186054,12.8016
"279","2218",-0.043214461211342,-0.0200570436837262,-0.00877080400674616,1107053,"QULA",3.5,"A",5,"A",0,0,0,98,0,0,0,0,0,0,0,0,0,0,0,0,0,0,5.435616438,0,19.63495408,0.001963495,0.000962113,0.275957661,1.842261443,2461.217933,979.9962663,3441.214199,46,290.0732538,76.76443599,366.8376898,12.8016
"280","2219",-0.043214461211342,-0.0200570436837262,-0.00877080400674616,1107054,"QULA",3.9,"A",3.8,"A",0,0,0,93,0,0,0,0,0,0,0,0,0,0,0,0,0,0,5.435616438,0,11.34114948,0.001134115,0.001194591,-0.018397177,-0.111258142,2002.788879,2249.53742,4252.326298,34,225.2634498,197.9447219,423.2081717,13.1064
"281","222",0.00140265207779298,0.0934709252610173,-0.0193403460192346,119020,"QULA",32.3,"A",34.7,"AU",1,0,0,55,0,1,0,0,0,0,0,0,0,0,0,0,0,0,5.504109589,0,945.6900746,0.094569007,0.081939805,0.43603783,22.94504181,22.89435646,5399.502418,5422.396774,16,3.426822555,565.1978007,568.6246232,10.3632
"282","2220",-0.0383873819401651,0.100111989353029,-0.0211765268763415,1107055,"QULA",1,"A",1.6,"AU",0,0,0,61,0,1,0,0,0,0,0,0,0,0,0,0,0,0,5.435616438,0,2.010619298,0.000201062,7.85398163397448e-05,0.110383065,0.225406106,2475.04094,1180.744037,3655.784977,45,304.0614471,91.18840894,395.249856,12.8016
"283","2221",-0.0383873819401651,0.100111989353029,-0.0211765268763415,1107056,"QULA",5.5,"A",5.8,"AU",0,0,0,84,0,1,0,0,0,0,0,0,0,0,0,0,0,0,5.435616438,0,26.42079422,0.002642079,0.002375829,0.055191532,0.489824807,1895.197184,3364.308011,5259.505195,31,192.4699006,305.9561874,498.426088,13.1064
"284","2222",-0.0432144612113421,-0.0200570436837262,-0.00877080400674616,1107057,"QULA",3.1,"A",3.7,"A",0,0,0,93,0,0,0,0,0,0,0,0,0,0,0,0,0,0,5.435616438,0,10.75210086,0.00107521,0.000754768,0.110383065,0.589523662,2012.999055,2249.53742,4262.536474,35,224.5376183,191.7407425,416.2783608,13.1064
"285","2223",-0.043214461211342,-0.0200570436837262,-0.00877080400674616,1107058,"QULA",5.6,"A",6.1,"A",0,0,0,93,0,0,0,0,0,0,0,0,0,0,0,0,0,0,5.435616438,0,29.22466566,0.002922467,0.002463009,0.091985887,0.845272897,2283.733656,1213.267375,3497.00103,45,258.7080183,93.7849498,352.4929681,12.8016
"286","2224",-0.0432144612113421,-0.0200570436837262,-0.00877080400674616,1107059,"QULA",3.8,"A",4.5,"A",0,0,0,97,0,0,0,0,0,0,0,0,0,0,0,0,0,0,5.435616438,0,15.90431281,0.001590431,0.001134115,0.128780242,0.839493254,2285.712859,1650.702736,3936.415595,45,251.1816131,127.0446961,378.2263092,12.8016
"287","2225",-0.0383873819401651,0.100111989353029,-0.0211765268763415,1107060,"QULA",1.2,"A",1.7,"AU",0,0,0,42,0,1,0,0,0,0,0,0,0,0,0,0,0,0,5.435616438,0,2.269800692,0.00022698,0.000113097,0.091985887,0.209512086,2327.621705,1200.064832,3527.686537,44,246.5737299,96.31122606,342.884956,12.8016
"288","2237",0.262008505789301,0.116942707162569,0.122465403792796,1109014,"QULA",5,"A",5.2,"AU",2,2,0,59,0,1,1,0,0,0,0,0,0,0,0,0,0,0,5.435616438,1,21.23716634,0.002123717,0.001963495,0.036794355,0.294761831,578.1865659,3799.850562,4378.037128,30,428.2511943,330.2051253,758.4563195,13.4112
"289","2238",-0.0432144612113421,-0.0200570436837263,-0.00877080400674617,1109015,"QULA",13.3,"A",14.9,"A",0,0,0,89,0,0,0,0,0,0,0,0,0,0,0,0,0,0,5.435616438,0,174.3662463,0.017436625,0.013892908,0.294354839,6.519438142,425.057486,3650.719159,4075.776645,31,234.2733145,321.7538842,556.0271986,13.4112
"290","2239",-0.0432144612113421,-0.0200570436837262,-0.00877080400674617,1109016,"QULA",3.6,"A",4.2,"A",0,0,0,97,0,0,0,0,0,0,0,0,0,0,0,0,0,0,5.435616438,0,13.8544236,0.001385442,0.001017876,0.110383065,0.676218318,1641.246542,3247.605698,4888.85224,51,169.4600831,330.043916,499.5039991,13.4112
"291","224",-0.010276078735,-0.0249701991717409,-0.00922952053995902,119023,"QULA",1.5,"A",2.7,"AU",1,0,0,100,0,0,0,0,0,0,0,0,0,0,0,0,0,0,5.504109589,0,5.725552611,0.000572555,0.000176715,0.218018915,0.719172952,1445.910165,3047.839675,4493.74984,11,222.0147423,274.704713,496.7194553,10.3632
"292","2241",-0.0432144612113421,-0.0200570436837262,-0.00877080400674617,1109018,"QULA",10.6,"A",11.9,"A",0,0,0,91,0,0,0,0,0,0,0,0,0,0,0,0,0,0,5.435616438,0,111.2202339,0.011122023,0.008824734,0.239163306,4.226364487,531.5967469,3650.719159,4182.315906,33,310.3658227,324.2828523,634.648675,12.8016
"293","2242",-0.0432144612113421,-0.0200570436837262,-0.00877080400674617,1109019,"QULA",5.8,"A",6.4,"A",0,0,0,95,0,0,0,0,0,0,0,0,0,0,0,0,0,0,5.435616438,0,32.16990877,0.003216991,0.002642079,0.110383065,1.057674805,1121.305104,2897.938581,4019.243685,46,143.9928799,266.5206262,410.5135061,13.4112
"294","2243",-0.0383873819401652,0.100111989353029,-0.0211765268763415,1109021,"QULA",3.6,"A",3.8,"AU",0,0,0,67,0,1,0,0,0,0,0,0,0,0,0,0,0,0,5.435616438,0,11.34114948,0.001134115,0.001017876,0.036794355,0.213846818,1155.65842,2939.792449,4095.450869,48,171.606532,290.9680576,462.5745896,13.4112
"295","2244",-0.0383873819401652,0.100111989353029,-0.0211765268763415,1109023,"QULA",4.7,"A",4.8,"AU",0,0,0,56,0,1,0,0,0,0,0,0,0,0,0,0,0,0,5.435616438,0,18.09557368,0.001809557,0.001734945,0.018397177,0.137266539,1148.903995,2939.792449,4088.696445,48,178.4338672,291.11136,469.5452272,13.4112
"296","2245",-0.0383873819401652,0.100111989353029,-0.0211765268763415,1109024,"QULA",4.5,"A",4.7,"AU",0,0,0,84,0,1,0,0,0,0,0,0,0,0,0,0,0,0,5.435616438,0,17.34944543,0.001734945,0.001590431,0.036794355,0.265863612,1149.650124,2491.259412,3640.909536,48,179.0132523,250.9542072,429.9674595,13.4112
"297","2246",-0.0432144612113421,-0.0200570436837263,-0.00877080400674617,1109025,"QULA",1.8,"A",2.4,"A",0,0,0,100,0,0,0,0,0,0,0,0,0,0,0,0,0,0,5.435616438,0,4.523893421,0.000452389,0.000254469,0.110383065,0.364117556,1199.302996,2500.88054,3700.183535,51,154.9341458,239.0332868,393.9674326,13.4112
"298","2247",0.181518348287026,-0.122835185239517,-0.0877168675101365,1109027,"QULA",3.3,"A",4.9,"AU",3,3,0,100,0,0,1,0,0,0,0,0,0,0,0,0,0,0,5.435616438,0,18.8574099,0.001885741,0.000855299,0.294354839,1.895723148,1446.043683,3935.213936,5381.257618,33,162.0754548,835.8454935,997.9209483,12.8016
"299","2248",-0.0432144612113421,-0.0200570436837262,-0.00877080400674616,1109028,"QULA",7.3,"A",8.3,"A",0,0,0,97,0,0,0,0,0,0,0,0,0,0,0,0,0,0,5.435616438,0,54.10607948,0.005410608,0.004185387,0.183971774,2.25406106,1470.2418,4135.749649,5605.991449,37,143.3852253,1828.101784,1971.48701,12.8016
"300","2249",-0.0432144612113421,-0.0200570436837263,-0.00877080400674616,1109029,"QULA",6,"A",6.3,"A",0,0,0,100,0,0,0,0,0,0,0,0,0,0,0,0,0,0,5.435616438,0,31.17245311,0.003117245,0.002827433,0.055191532,0.533172135,2383.188625,1982.384234,4365.572859,53,232.5137017,192.1874425,424.7011442,13.4112
"301","225",-0.0432144612113426,-0.0200570436837264,-0.00877080400674633,119027,"QULA",1.9,"A",3.1,"A",0,0,0,100,0,0,0,0,0,0,0,0,0,0,0,0,0,0,5.504109589,0,7.54767635,0.000754768,0.000283529,0.218018915,0.856158277,1444.088041,4637.061443,6081.149484,13,211.6852461,369.3589168,581.0441629,10.3632
"302","2251",0.0740849815369314,-0.0551053752455033,-0.0227031457643077,1109033,"QULA",1.8,"A",3,"AU",2,2,0,90,0,0,0,0,0,0,0,0,0,0,0,0,0,0,5.435616438,0,7.068583471,0.000706858,0.000254469,0.220766129,0.832268699,2383.597032,2066.084117,4449.681149,53,259.7313117,220.6686162,480.3999278,13.4112
"303","2252",-0.0383873819401652,0.100111989353029,-0.0211765268763415,1109034,"QULA",3.7,"A",3.9,"AU",0,0,0,21,0,1,0,0,0,0,0,0,0,0,0,0,0,0,5.435616438,0,11.94590607,0.001194591,0.00107521,0.036794355,0.219626462,2378.71971,2066.084117,4444.803826,53,252.2790479,226.1303276,478.4093755,13.4112
"304","2253",-0.0432144612113421,-0.0200570436837262,-0.00877080400674616,1109037,"QULA",7.5,"A",8.2,"A",0,0,0,100,0,0,0,0,0,0,0,0,0,0,0,0,0,0,5.435616438,0,52.81017251,0.005281017,0.004417865,0.128780242,1.587957118,2298.89184,1441.504081,3740.395921,52,225.6090379,288.8508733,514.4599111,13.4112
"305","2255",0.192505250851569,0.0957867794805623,-0.0746046502248151,1109040,"QULA",2.3,"A",3.3,"AU",2,2,0,72,0,1,1,0,0,0,0,0,0,0,0,0,0,0,5.435616438,0,8.552985999,0.000855299,0.000415476,0.183971774,0.809150124,1719.747088,2511.404875,4231.151964,45,195.9571134,288.6261332,484.5832466,12.8016
"306","2258",-0.0432144612113421,-0.0200570436837262,-0.00877080400674616,1109045,"QULA",5.8,"A",6,"A",0,0,0,100,0,0,0,0,0,0,0,0,0,0,0,0,0,0,5.435616438,0,28.27433388,0.002827433,0.002642079,0.036794355,0.340998981,1566.618009,2689.344683,4255.962692,34,254.4861532,299.5377514,554.0239046,12.8016
"307","226",0.0154730195733715,-0.0345633975905645,-0.0147495839768899,119028,"QULA",2.2,"A",3.5,"AU",2,0,0,100,0,0,0,0,0,0,0,0,0,0,0,0,0,0,5.504109589,0,9.621127502,0.000962113,0.000380133,0.236187158,1.057355472,1442.01459,4637.061443,6079.076032,13,201.1760663,371.3441645,572.5202309,10.3632
"308","2262",-0.0700633057990572,0.120818148264216,-0.0336363194857547,1109049,"QULA",32.3,"A",34.7,"AU",0,0,1,84,0,1,0,0,0,0,0,0,0,0,0,0,0,0,5.435616438,0,945.6900746,0.094569007,0.081939805,0.441532258,23.23416785,418.1224202,1412.405079,1830.527499,34,37.92812295,317.7713873,355.6995103,12.8016
"309","2266",-0.0432144612113421,-0.0200570436837262,-0.00877080400674616,1109055,"QULA",3.1,"A",4.3,"A",0,0,0,100,0,0,0,0,0,0,0,0,0,0,0,0,0,0,5.452054795,0,14.52201204,0.001452201,0.000754768,0.220100503,1.279212325,1481.135272,3674.532431,5155.667704,41,154.1700724,432.05788,586.2279525,12.8016
"310","2269",-0.12135350202502,-0.0499958807661859,-0.034766815333351,1109058,"QULA",3.7,"A",5.5,"AU",0,0,0,92,0,0,0,0,0,0,0,0,0,1,0,0,0,0,5.452054795,0,23.75829444,0.002375829,0.00107521,0.330150754,2.38555812,2457.094592,1719.974854,4177.069446,49,266.1264138,125.7587771,391.8851909,12.8016
"311","2270",0.0243535748807888,-0.0807318155382462,-0.0410819324305466,1109060,"QULA",1.5,"A",2.4,"AU",2,1,0,90,0,0,0,0,0,0,0,0,0,1,0,0,0,0,5.452054795,0,4.523893421,0.000452389,0.000176715,0.165075377,0.505634602,1878.044088,1082.294377,2960.338465,48,197.5294547,87.71447769,285.2439324,12.8016
"312","2271",-0.0432144612113421,-0.0200570436837262,-0.00877080400674616,1109063,"QULA",3.1,"A",4.1,"A",0,0,0,96,0,0,0,0,0,0,0,0,0,0,0,0,0,0,5.452054795,0,13.20254313,0.001320254,0.000754768,0.183417085,1.037199183,1128.310856,1240.87412,2369.184976,45,182.9662979,97.35526623,280.3215642,12.8016
"313","2272",-0.0432144612113421,-0.0200570436837262,-0.00877080400674616,1109065,"QULA",4.6,"A",5.5,"A",0,0,0,100,0,0,0,0,0,0,0,0,0,0,0,0,0,0,5.452054795,0,23.75829444,0.002375829,0.001661903,0.165075377,1.309463968,1731.708703,294.1394662,2025.848169,42,240.0098339,25.19831152,265.2081454,12.8016
"314","2273",-0.0432144612113421,-0.0200570436837262,-0.00877080400674616,1109067,"QULA",8,"A",9.3,"A",0,0,0,100,0,0,0,0,0,0,0,0,0,0,0,0,0,0,5.452054795,0,67.92908715,0.006792909,0.005026548,0.238442211,3.239806891,1687.53791,294.1394662,1981.677376,42,218.0345441,26.82529264,244.8598368,12.8016
"315","2274",-0.0432144612113421,-0.0200570436837262,-0.00877080400674616,1109068,"QULA",2.3,"A",3,"A",0,0,0,98,0,0,0,0,0,0,0,0,0,0,0,0,0,0,5.452054795,0,7.068583471,0.000706858,0.000415476,0.12839196,0.53444569,1108.024021,1262.857415,2370.881436,43,409.4028005,100.1983723,509.6011727,12.8016
"316","2275",-0.0432144612113421,-0.0200570436837262,-0.00877080400674616,1109069,"QULA",4.8,"A",7,"A",0,0,0,100,0,0,0,0,0,0,0,0,0,0,0,0,0,0,5.452054795,0,38.48451001,0.003848451,0.001809557,0.403517588,3.739679275,1076.608094,1262.857415,2339.465509,43,229.5778426,100.874977,330.4528195,12.8016
"317","2276",-0.0432144612113421,-0.0200570436837262,-0.00877080400674616,1109071,"QULA",5.6,"A",6.7,"A",0,0,0,97,0,0,0,0,0,0,0,0,0,0,0,0,0,0,5.452054795,0,35.25652355,0.003525652,0.002463009,0.201758794,1.949070131,1083.558868,399.822643,1483.381511,40,195.5192537,38.16798297,233.6872367,12.8016
"318","2277",0.0614794593563831,0.105895926519185,-0.0707608151370391,1109073,"QULA",2.8,"D",3.1,"AU",1,0,0,76,0,1,1,0,0,0,0,0,0,0,0,0,0,0,5.452054795,0,7.54767635,0.000754768,0.000615752,0.055025126,0.254978132,1081.07701,756.1499358,1837.226946,40,223.8454108,64.3550151,288.2004259,12.8016
"319","2279",-0.0432144612113421,-0.0200570436837262,-0.00877080400674616,1109076,"QULA",1.2,"A",2.3,"A",0,0,0,97,0,0,0,0,0,0,0,0,0,0,0,0,0,0,5.452054795,0,4.154756284,0.000415476,0.000113097,0.201758794,0.554613452,1098.991942,2199.413309,3298.405251,46,230.3142482,187.8644899,418.1787381,12.8016
"320","2280",-0.0432144612113421,-0.0200570436837262,-0.00877080400674616,1109077,"QULA",2.2,"A",3.5,"A",0,0,0,96,0,0,0,0,0,0,0,0,0,0,0,0,0,0,5.452054795,0,9.621127502,0.000962113,0.000380133,0.238442211,1.067450825,1082.184421,1785.649848,2867.83427,42,395.2066799,154.6297199,549.8363997,12.8016
"321","2281",-0.0432144612113421,-0.0200570436837262,-0.00877080400674616,1109078,"QULA",4.3,"A",5.7,"A",0,0,0,100,0,0,0,0,0,0,0,0,0,0,0,0,0,0,5.452054795,0,25.51758633,0.002551759,0.001452201,0.25678392,2.016776188,1055.535862,1785.649848,2841.18571,41,340.4735461,155.5282833,496.0018295,12.8016
"322","2282",0.0402084099371071,0.088519160126196,-0.0186259122466657,1109080,"QULA",3.3,"A",4,"AU",1,1,0,83,0,1,0,0,0,0,0,0,0,0,0,0,0,0,5.452054795,0,12.56637061,0.001256637,0.000855299,0.12839196,0.736123309,1068.487077,1785.649848,2854.136926,41,395.311432,156.5832926,551.8947246,12.8016
"323","2283",-0.0432144612113421,-0.0200570436837262,-0.00877080400674616,1109081,"QULA",2.6,"A",3.5,"A",0,0,0,100,0,0,0,0,0,0,0,0,0,0,0,0,0,0,5.452054795,0,9.621127502,0.000962113,0.000530929,0.165075377,0.790864377,1071.432321,2115.713427,3187.145747,42,275.9182679,189.6067426,465.5250105,12.8016
"324","2284",-0.0432144612113421,-0.0200570436837262,-0.00877080400674616,1109082,"QULA",3.4,"A",4.7,"A",0,0,0,100,0,0,0,0,0,0,0,0,0,0,0,0,0,0,5.452054795,0,17.34944543,0.001734945,0.00090792,0.238442211,1.516903805,1063.704003,2115.713427,3179.417429,42,245.6037814,192.6930524,438.2968338,12.8016
"325","2285",-0.0432144612113421,-0.0200570436837262,-0.00877080400674616,1109083,"QULA",4,"A",4.9,"A",0,0,0,96,0,0,0,0,0,0,0,0,0,0,0,0,0,0,5.452054795,0,18.8574099,0.001885741,0.001256637,0.165075377,1.153884091,1047.674026,2630.691148,3678.365174,43,233.9866168,210.2839347,444.2705515,12.8016
"326","2286",-0.0432144612113421,-0.0200570436837262,-0.00877080400674617,1109084,"QULA",4.7,"A",6.1,"A",0,0,0,100,0,0,0,0,0,0,0,0,0,0,0,0,0,0,5.452054795,0,29.22466566,0.002922467,0.001734945,0.25678392,2.178118283,1051.828782,2623.143472,3674.972254,43,215.7607545,228.7883602,444.5491147,12.8016
"327","2287",0.214552064511284,0.102735159798902,-0.0858601021107496,1109085,"QULA",12,"A",12.6,"AU",2,3,0,57,0,1,1,0,0,0,0,0,0,0,0,0,0,0,5.452054795,0,124.6898124,0.012468981,0.011309734,0.110050251,2.126258324,883.2195046,4062.636934,4945.856438,43,92.83787113,433.7261554,526.5640265,12.8016
"328","2288",-0.0432144612113421,-0.0200570436837262,-0.00877080400674616,1109086,"QULA",4.8,"A",5.7,"A",0,0,0,100,0,0,0,0,0,0,0,0,0,0,0,0,0,0,5.452054795,0,25.51758633,0.002551759,0.001809557,0.165075377,1.361323927,1041.01385,2630.691148,3671.704998,43,251.60082,220.5596952,472.1605152,12.8016
"329","2289",0.0212395459122681,-0.0333448175932698,-0.0103431934648925,1109087,"QULA",2.6,"A",3.8,"AU",1,1,0,98,0,0,0,0,0,0,0,0,0,0,0,0,0,0,5.452054795,0,11.34114948,0.001134115,0.000530929,0.220100503,1.106345795,1037.016173,2741.96636,3778.982533,41,237.3880445,243.2927088,480.6807533,12.8016
"330","229",-0.0432144612113426,-0.0200570436837264,-0.00877080400674633,119032,"QULA",24.2,"A",24.8,"A",0,0,0,97,0,0,0,0,0,0,0,0,0,0,0,0,0,0,5.504109589,0,483.0512864,0.048305129,0.045996058,0.109009457,4.195175556,22.89435646,2876.12022,2899.014577,13,2.379123931,372.2603756,374.6394995,10.3632
"331","2290",0.183859717863995,-0.121371662758381,0.166146826206577,1109088,"QULA",13.5,"A",14.2,"AU",3,3,0,11,1,0,0,0,0,0,0,0,0,0,0,0,0,0,5.452054795,1,158.3676857,0.015836769,0.014313882,0.12839196,2.793235021,841.1300171,2190.45977,3031.589787,39,169.4955943,208.8462398,378.341834,12.8016
"332","2292",-0.0432144612113421,-0.0200570436837262,-0.00877080400674618,1109090,"QULA",1.4,"A",2.2,"A",0,0,0,100,0,0,0,0,0,0,0,0,0,0,0,0,0,0,5.452054795,0,3.801327111,0.000380133,0.000153938,0.146733668,0.414879673,913.7557852,4030.467025,4944.22281,36,155.1869023,458.8782425,614.0651448,12.8016
"333","2304",-0.0432144612113421,-0.0200570436837262,-0.00877080400674618,1111007,"QULA",16.5,"A",17.5,"A",0,0,0,95,0,0,0,0,0,0,0,0,0,0,0,0,0,0,5.452054795,0,240.5281875,0.024052819,0.021382465,0.183417085,4.897885029,812.2195107,3195.463114,4007.682624,17,192.4140241,813.8691276,1006.283152,13.716
"334","2306",0.122667252886376,-0.13003048340735,-0.0979167121101139,1111009,"QULA",29.2,"A",31.2,"AU",1,2,0,100,0,0,1,0,0,1,0,0,0,0,0,0,0,0,5.452054795,0,764.5379882,0.076453799,0.066966189,0.366834171,17.4018974,300.1556161,4069.33638,4369.491996,19,67.0583578,459.5873306,526.6456884,13.716
"335","2307",0.141820474539663,-0.0924678640940115,-0.0663887017802103,1111010,"QULA",2.7,"A",3.9,"AU",2,2,0,100,0,0,1,0,0,0,0,0,0,0,0,0,0,0,5.452054795,0,11.94590607,0.001194591,0.000572555,0.220100503,1.140919101,1036.647036,4673.417524,5710.064559,22,309.5277302,458.7497164,768.2774465,13.716
"336","232",-0.0432144612113426,-0.0200570436837264,-0.00877080400674633,119055,"QULA",3.6,"A",5.3,"A",0,0,0,100,0,0,0,0,0,0,0,0,0,0,0,0,0,0,5.504109589,0,22.06183441,0.002206183,0.001017876,0.308860129,2.158945788,1717.328062,3173.919642,4891.247704,17,283.032277,552.741794,835.774071,11.8872
"337","2324",0.0768273752166866,-0.101240210615436,-0.0491297325680245,1111027,"QULA",30.5,"A",33.4,"AU",2,2,0,96,0,0,0,0,0,1,0,0,0,0,0,0,0,0,5.435616438,0,876.1587752,0.087615878,0.073061664,0.533518145,26.77564455,51.742031,5695.25195,5746.993981,18,4.284491251,670.0357546,674.3202459,13.1064
"338","2325",0.0339643235744544,0.0924836662874154,-0.0233862229711251,1111029,"QULA",3.3,"A",4.2,"AU",2,0,0,94,0,1,0,0,0,0,0,0,0,0,0,0,0,0,5.435616438,0,13.8544236,0.001385442,0.000855299,0.165574597,0.975314882,1114.802007,3969.331632,5084.133639,14,127.998059,375.7743053,503.7723643,13.1064
"339","2326",0.0768273752166866,-0.101240210615436,-0.0491297325680246,1111030,"QULA",15,"A",15.6,"AU",2,2,0,98,0,0,0,0,0,1,0,0,0,0,0,0,0,0,5.435616438,0,191.134497,0.01911345,0.017671459,0.110383065,2.652856478,85.12145295,3224.719195,3309.840648,12,10.01099494,313.5308642,323.5418592,13.1064
"340","2327",-0.0432144612113421,-0.0200570436837262,-0.00877080400674618,1111034,"QULA",3.3,"A",3.8,"A",0,0,0,94,0,0,0,0,0,0,0,0,0,0,0,0,0,0,5.435616438,0,11.34114948,0.001134115,0.000855299,0.091985887,0.512943382,1141.073576,4408.973962,5550.047538,16,122.3210852,339.6419086,461.9629938,13.1064
"341","2328",-0.0432144612113421,-0.0200570436837262,-0.00877080400674617,1111035,"QULA",2.8,"A",3.5,"A",0,0,0,98,0,0,0,0,0,0,0,0,0,0,0,0,0,0,5.435616438,0,9.621127502,0.000962113,0.000615752,0.128780242,0.637205723,291.2649089,2287.079452,2578.344361,14,46.43343533,198.4515918,244.8850272,13.1064
"342","2329",-0.0432144612113421,-0.0200570436837262,-0.00877080400674618,1111036,"QULA",3.5,"A",5.2,"A",0,0,0,98,0,0,0,0,0,0,0,0,0,0,0,0,0,0,5.435616438,0,21.23716634,0.002123717,0.000962113,0.312752016,2.137023274,1155.807645,2709.812159,3865.619804,16,99.01935825,221.4903109,320.5096691,13.1064
"343","2330",-0.020463271349071,-0.0496313134492422,-0.0353766866426357,1111037,"QULA",2.7,"A",2.6,"AU",1,0,0,94,1,0,0,0,0,0,0,0,0,0,0,0,0,0,5.435616438,0,5.309291585,0.000530929,0.000572555,-0.018397177,-0.07658028,1204.918592,3034.401512,4239.320105,18,111.4697453,243.7409469,355.2106922,13.1064
"344","2343",0.146333284196382,0.112168808543594,-0.049444015433027,1113002,"QULA",2.3,"A",2.7,"AU",2,2,0,67,1,1,0,0,0,0,0,0,0,0,0,0,0,0,5.452054795,0,5.725552611,0.000572555,0.000415476,0.073366834,0.288110884,1660.787248,1825.689447,3486.476695,19,173.031364,182.2747045,355.3060685,13.716
"345","2344",0.185400371372689,0.12727467640695,-0.0639129654790964,1113006,"QULA",2.9,"A",3.3,"AU",3,3,0,59,1,1,0,0,0,0,0,0,0,0,0,0,0,0,5.452054795,0,8.552985999,0.000855299,0.00066052,0.073366834,0.357257496,3203.183578,2333.111638,5536.295216,26,388.5793238,232.6357362,621.21506,13.716
"346","2345",-0.0432144612113421,-0.0200570436837262,-0.00877080400674617,1113008,"QULA",7.5,"A",9.1,"A",0,0,0,99,0,0,0,0,0,0,0,0,0,0,0,0,0,0,5.452054795,0,65.03882191,0.006503882,0.004417865,0.293467337,3.82611254,2857.152855,3317.341201,6174.494055,25,458.2771396,307.4036995,765.6808391,13.716
"347","2346",-0.0383873819401651,0.100111989353029,-0.0211765268763415,1113009,"QULA",10.5,"A",11.2,"AU",0,0,0,72,0,1,0,0,0,0,0,0,0,0,0,0,0,0,5.452054795,0,98.52034562,0.009852035,0.008659015,0.12839196,2.188202164,3069.964341,3704.416831,6774.381173,24,576.4714368,334.9383746,911.4098114,13.716
"348","2347",0.109250469069283,0.0995103633010588,-0.0664889894244792,1113010,"QULA",11.5,"A",11.9,"AU",1,1,0,62,0,1,1,0,0,0,0,0,0,0,0,0,0,0,5.452054795,0,111.2202339,0.011122023,0.010386891,0.073366834,1.348358937,3064.812129,3317.341201,6382.15333,24,579.5174354,307.071049,886.5884843,13.716
"349","2348",-0.0432144612113421,-0.0200570436837262,-0.00877080400674617,1113011,"QULA",18.7,"A",19.1,"A",0,0,0,98,0,0,0,0,0,0,0,0,0,0,0,0,0,0,5.452054795,0,286.521104,0.02865211,0.027464588,0.073366834,2.178118283,2948.439683,3499.522159,6447.961842,27,450.5927181,319.8469193,770.4396374,13.716
"350","2349",-0.0432144612113421,-0.0200570436837262,-0.00877080400674617,1113012,"QULA",4.4,"A",5.5,"A",0,0,0,99,0,0,0,0,0,0,0,0,0,0,0,0,0,0,5.452054795,0,23.75829444,0.002375829,0.001520531,0.201758794,1.568763764,3073.734252,3057.185913,6130.920165,22,465.2499838,280.1366807,745.3866645,13.716
"351","2350",0.141820474539663,-0.0924678640940116,-0.0663887017802103,1113013,"QULA",26.1,"A",28.9,"AU",2,2,0,100,0,0,1,0,0,0,0,0,0,0,0,0,0,0,5.452054795,0,655.9724001,0.06559724,0.053502108,0.513567839,22.18453807,2416.301012,5925.075161,8341.376172,32,316.0804846,504.275873,820.3563576,13.716
"352","2351",-0.0432144612113421,-0.0200570436837262,-0.00877080400674618,1113014,"QULA",19.8,"A",21.2,"A",0,0,0,100,0,0,0,0,0,0,0,0,0,0,0,0,0,0,5.452054795,0,352.9893506,0.035298935,0.03079075,0.25678392,8.268782373,2719.284061,3615.713963,6334.998024,23,741.5926267,341.2626561,1082.855283,13.716
"353","2353",0.021239545912268,-0.0333448175932699,-0.0103431934648925,1113016,"QULA",18.3,"A",19.7,"AU",1,1,0,89,0,0,0,0,0,0,0,0,0,0,0,0,0,0,5.452054795,0,304.8051732,0.030480517,0.026302199,0.25678392,7.663749516,2443.813509,3615.713963,6059.527472,22,761.5807091,352.9308637,1114.511573,13.716
"354","2355",0.0103977101464048,-0.0404414795399082,-0.0175479426871382,1113020,"QULA",26.1,"A",26.7,"AU",0,2,0,97,0,0,0,0,0,0,0,0,0,0,0,0,0,0,5.452054795,0,559.9024967,0.05599025,0.053502108,0.110050251,4.563676404,2333.527899,2968.593,5302.120899,23,306.8085582,328.2599848,635.068543,13.716
"355","2356",-0.0432144612113421,-0.0200570436837262,-0.00877080400674618,1113021,"QULA",1.5,"A",3.5,"A",0,0,0,100,0,0,0,0,0,0,0,0,0,0,0,0,0,0,5.452054795,0,9.621127502,0.000962113,0.000176715,0.366834171,1.44055442,2883.809268,3384.500598,6268.309866,23,757.9401009,384.9641993,1142.9043,13.716
"356","2359",0.109250469069283,0.0995103633010588,-0.0664889894244792,1113027,"QULA",6.8,"A",6.9,"AU",1,1,0,11,0,1,1,0,0,0,0,0,0,0,0,0,0,0,5.452054795,0,37.39280656,0.003739281,0.003631681,0.018341709,0.197355956,1257.642371,4702.453694,5960.096065,20,107.5222734,556.0020555,663.5243289,13.716
"357","2361",-0.0432144612113421,-0.0200570436837262,-0.00877080400674617,1113030,"QULA",3.6,"A",3.9,"A",0,0,0,100,0,0,0,0,0,0,0,0,0,0,0,0,0,0,5.452054795,0,11.94590607,0.001194591,0.001017876,0.055025126,0.324124745,1191.582532,5497.072431,6688.654963,21,97.24924183,639.5524362,736.801678,13.716
"358","2363",-0.0383873819401651,0.100111989353029,-0.0211765268763415,1113032,"QULA",2.1,"A",2.3,"AU",0,0,0,81,0,1,0,0,0,0,0,0,0,0,0,0,0,0,5.452054795,0,4.154756284,0.000415476,0.000346361,0.036683417,0.126768789,1168.18552,5826.193532,6994.379052,22,108.4079234,640.9366151,749.3445385,13.716
"359","2364",-0.0383873819401651,0.100111989353029,-0.0211765268763415,1113033,"QULA",2.9,"A",3.9,"AU",0,0,0,90,0,1,0,0,0,0,0,0,0,0,0,0,0,0,5.452054795,0,11.94590607,0.001194591,0.00066052,0.183417085,0.979577006,1172.340277,5155.314275,6327.654551,22,104.0259162,877.225437,981.2513532,13.716
"360","2365",0.021239545912268,-0.0333448175932699,-0.0103431934648924,1113034,"QULA",3.2,"A",5,"AU",1,1,0,94,0,0,0,0,0,0,0,0,0,0,0,0,0,0,5.452054795,0,19.63495408,0.001963495,0.000804248,0.330150754,2.126258324,1164.651229,4874.762197,6039.413425,21,111.2785053,629.4499583,740.7284635,13.716
"361","2366",-0.0432144612113421,-0.0200570436837262,-0.00877080400674617,1113035,"QULA",7.4,"A",7.9,"A",0,0,0,100,0,0,0,0,0,0,0,0,0,0,0,0,0,0,5.452054795,0,49.01669938,0.00490167,0.00430084,0.091708543,1.102024132,974.3021297,3997.166143,4971.468273,18,183.2654156,518.8920877,702.1575033,13.716
"362","2367",-0.0432144612113421,-0.0200570436837262,-0.00877080400674617,1113036,"QULA",6.2,"A",6.5,"A",0,0,0,96,0,0,0,0,0,0,0,0,0,0,0,0,0,0,5.452054795,0,33.1830724,0.003318307,0.003019071,0.055025126,0.548851234,990.1357566,3997.166143,4987.3019,18,233.5591684,523.9421482,757.5013166,13.716
"363","237",-0.0432144612113426,-0.0200570436837264,-0.00877080400674633,121006,"QULA",7.4,"A",8.4,"A",0,0,0,100,0,0,0,0,0,0,0,0,0,0,0,0,0,0,5.504109589,0,55.41769441,0.005541769,0.00430084,0.181682429,2.254550129,1328.108294,4467.651059,5795.759353,16,205.4703721,430.6367514,636.1071235,11.8872
"364","2377",0.141820474539663,-0.0924678640940116,-0.0663887017802103,1113052,"QULA",6.9,"A",6.8,"AU",2,2,0,97,0,0,1,0,0,0,0,0,0,0,0,0,0,0,5.452054795,0,36.31681108,0.003631681,0.003739281,-0.018341709,-0.197355956,36.85873581,4273.971872,4310.830607,12,4.419252884,385.5528356,389.9720885,14.0208
"365","2381",-0.0432144612113421,-0.0200570436837262,-0.00877080400674618,1113061,"QULA",8.5,"A",8.6,"A",0,0,0,98,0,0,0,0,0,0,0,0,0,0,0,0,0,0,5.452054795,0,58.08804816,0.005808805,0.005674502,0.018341709,0.246334806,351.5520719,2664.95807,3016.510142,13,27.82048983,265.7007842,293.521274,13.716
"366","2383",0.021239545912268,-0.0333448175932699,-0.0103431934648924,1113066,"QULA",3.8,"A",4,"AU",1,1,0,97,0,0,0,0,0,0,0,0,0,0,0,0,0,0,5.452054795,0,12.56637061,0.001256637,0.001134115,0.036683417,0.22472649,1268.441596,3174.78358,4443.225176,26,159.7039741,280.8771218,440.581096,13.716
"367","2384",0.146333284196382,0.112168808543594,-0.049444015433027,1113067,"QULA",2.6,"A",2.6,"AU",2,2,0,73,1,1,0,0,0,0,0,0,0,0,0,0,0,0,5.452054795,0,5.309291585,0.000530929,0.000530929,0,0,1275.698675,3174.78358,4450.482255,26,215.199511,280.1598087,495.3593197,13.716
"368","2385",-0.0383873819401651,0.100111989353029,-0.0211765268763416,1113071,"QULA",2.7,"A",3.1,"AU",0,0,0,67,0,1,0,0,0,0,0,0,0,0,0,0,0,0,5.452054795,0,7.54767635,0.000754768,0.000572555,0.073366834,0.334208626,1868.08524,3501.63488,5369.720119,26,197.3939491,287.8133578,485.2073069,13.716
"369","2386",-0.0432144612113421,-0.0200570436837262,-0.00877080400674618,1113073,"QULA",3.2,"A",3.9,"A",0,0,0,98,0,0,0,0,0,0,0,0,0,0,0,0,0,0,5.452054795,0,11.94590607,0.001194591,0.000804248,0.12839196,0.715955547,1962.207356,3238.612889,5200.820244,26,193.9489036,270.084054,464.0329576,13.716
"370","240",0.0485611169091085,-0.0430566420758161,-0.0155121250291675,121010,"QULA",12.5,"A",15.9,"AU",2,1,0,94,0,0,0,0,0,0,0,0,0,0,0,0,0,0,5.504109589,0,198.5565097,0.019855651,0.012271846,0.617720259,13.77844053,1184.969479,3770.186074,4955.155553,15,217.6635188,361.1052597,578.7687786,11.8872
"371","241",-0.0383873819401651,0.10011198935303,-0.0211765268763413,121013,"QULA",14,"A",16.6,"AU",0,0,0,86,0,1,0,0,0,0,0,0,0,0,0,0,0,0,5.504109589,0,216.4243179,0.021642432,0.015393804,0.472374316,11.35265875,1167.101671,2317.98487,3485.08654,14,170.9617153,402.5698154,573.5315307,11.8872
"372","2414",0.103652016426153,-0.0810977832727239,-0.062084702664289,1115037,"QULA",19.4,"A",20.3,"AU",1,2,0,100,0,0,1,0,0,0,0,0,0,0,0,0,0,0,5.432876712,0,323.6547292,0.032365473,0.029559245,0.165658094,5.165270236,2073.796727,3677.218493,5751.01522,34,200.5497077,571.1884423,771.7381501,13.716
"373","2416",-0.0432144612113421,-0.0200570436837263,-0.00877080400674618,1115040,"QULA",8.2,"A",10,"A",0,0,0,100,0,0,0,0,0,0,0,0,0,0,0,0,0,0,5.432876712,0,78.53981634,0.007853982,0.005281017,0.331316188,4.735915279,1031.353452,3290.142862,4321.496314,33,234.3488859,421.8061685,656.1550543,13.716
"374","2417",0.181518348287026,-0.122835185239517,-0.0877168675101367,1115042,"QULA",6.8,"A",7.9,"AU",3,3,0,57,0,0,1,0,0,0,0,0,0,0,0,0,0,0,5.432876712,0,49.01669938,0.00490167,0.003631681,0.202471004,2.337599208,1248.893036,3146.163671,4395.056706,31,650.1599802,318.9513732,969.1113534,13.716
"375","2418",-0.0432144612113421,-0.0200570436837262,-0.00877080400674616,1115043,"QULA",16,"A",17.5,"A",0,0,0,100,0,0,0,0,0,0,0,0,0,0,0,0,0,0,5.432876712,0,240.5281875,0.024052819,0.020106193,0.276096823,7.264338913,1115.469596,3051.130493,4166.600089,31,234.0014102,309.2110052,543.2124154,13.716
"376","2419",0.141820474539663,-0.0924678640940116,-0.0663887017802102,1115044,"QULA",3,"A",3.5,"AU",2,2,0,100,0,0,1,0,0,0,0,0,0,0,0,0,0,0,5.432876712,0,9.621127502,0.000962113,0.000706858,0.092032274,0.469832865,1274.096463,4274.317447,5548.413909,30,214.2448669,379.5253768,593.7702436,13.716
"377","2421",-0.0432144612113421,-0.0200570436837262,-0.00877080400674617,1115048,"QULA",4.3,"A",4.8,"A",0,0,0,100,0,0,0,0,0,0,0,0,0,0,0,0,0,0,5.432876712,0,18.09557368,0.001809557,0.001452201,0.092032274,0.657766011,1285.115599,3051.130493,4336.246092,30,182.33364,306.3352542,488.6688942,13.716
"378","2423",0.159282443996522,-0.106500539459819,-0.078788473253843,1115050,"QULA",2.9,"A",3.2,"AU",2,3,0,100,0,0,1,0,0,0,0,0,0,0,0,0,0,0,5.432876712,0,8.042477193,0.000804248,0.00066052,0.055219365,0.264552044,1275.675113,4179.284269,5454.959382,29,174.0308443,344.7890585,518.8199027,13.716
"379","2424",-0.0432144612113421,-0.0200570436837262,-0.00877080400674616,1115051,"QULA",3.9,"A",3.4,"A",0,0,0,100,0,0,0,0,0,0,0,0,0,0,0,0,0,0,5.432876712,0,9.079202769,0.00090792,0.001194591,-0.092032274,-0.527658448,1274.638387,2697.206519,3971.844906,27,164.1699979,229.2805693,393.4505672,13.716
"380","2425",0.0740849815369314,-0.0551053752455033,-0.0227031457643077,1115052,"QULA",4.1,"A",4.4,"AU",2,2,0,90,0,0,0,0,0,0,0,0,0,0,0,0,0,0,5.432876712,0,15.20530844,0.001520531,0.001320254,0.055219365,0.368638094,1268.512282,1688.284038,2956.79632,26,153.4047268,169.7485426,323.1532694,13.716
"381","2426",0.106466858625704,0.0875515926963148,-0.0282807734508207,1115055,"QULA",9.3,"A",9.3,"AU",2,2,0,67,0,1,0,0,0,0,0,0,0,0,0,0,0,0,5.432876712,0,67.92908715,0.006792909,0.006792909,0,0,586.1112334,3321.071842,3907.183075,29,59.63907675,412.4611404,472.1002172,14.0208
"382","2427",-0.0432144612113421,-0.0200570436837262,-0.00877080400674616,1115058,"QULA",3.9,"A",4.6,"A",0,0,0,100,0,0,0,0,0,0,0,0,0,0,0,0,0,0,5.432876712,0,16.61902514,0.001661903,0.001194591,0.128845184,0.860155553,925.5681736,1430.374989,2355.943163,22,132.4034692,136.8857212,269.2891904,13.716
"383","2428",-0.038387381940165,0.100111989353029,-0.0211765268763416,1115060,"QULA",2.7,"A",2.7,"AU",0,0,0,67,0,1,0,0,0,0,0,0,0,0,0,0,0,0,5.432876712,0,5.725552611,0.000572555,0.000572555,0,0,1596.981502,2428.15267,4025.134171,24,196.3746081,189.1142868,385.4888949,13.716
"384","2429",-0.0432144612113421,-0.0200570436837262,-0.00877080400674617,1115061,"QULA",2.1,"A",3,"A",0,0,0,100,0,0,0,0,0,0,0,0,0,0,0,0,0,0,5.432876712,0,7.068583471,0.000706858,0.000346361,0.165658094,0.663548569,1595.638471,2428.15267,4023.791141,24,200.7822686,189.0343312,389.8165999,13.716
"385","2430",0.192505250851568,0.0957867794805621,-0.0746046502248151,1115062,"QULA",1.5,"A",1.7,"AU",2,2,0,39,0,1,1,0,0,0,0,0,0,0,0,0,0,0,5.432876712,0,2.269800692,0.00022698,0.000176715,0.03681291,0.092520933,1600.437253,2428.15267,4028.589923,24,219.3836218,187.9964676,407.3800894,13.716
"386","2431",-0.0432144612113421,-0.0200570436837262,-0.00877080400674616,1115063,"QULA",11.8,"A",12.5,"A",0,0,0,94,0,0,0,0,0,0,0,0,0,0,0,0,0,0,5.432876712,0,122.718463,0.012271846,0.010935884,0.128845184,2.459032934,740.9289194,2972.040898,3712.969817,28,77.41128578,293.1279996,370.5392854,13.716
"387","2432",-0.0432144612113421,-0.0200570436837262,-0.00877080400674616,1115065,"QULA",1.8,"A",2.8,"A",0,0,0,100,0,0,0,0,0,0,0,0,0,0,0,0,0,0,5.432876712,0,6.157521601,0.000615752,0.000254469,0.184064549,0.664994209,1518.009716,1430.374989,2948.384705,22,187.6248531,122.2234847,309.8483379,13.716
"388","2433",0.0402084099371069,0.0885191601261959,-0.0186259122466658,1115072,"QULA",17.1,"A",18.6,"AU",1,1,0,83,0,1,0,0,0,0,0,0,0,0,0,0,0,0,5.432876712,0,271.7163486,0.027171635,0.022965828,0.276096823,7.741399976,1199.169478,1532.908719,2732.078197,22,117.319389,134.5852339,251.9046229,13.716
"389","2434",-0.0432144612113421,-0.0200570436837262,-0.00877080400674617,1115074,"QULA",3,"A",4.2,"A",0,0,0,100,0,0,0,0,0,0,0,0,0,0,0,0,0,0,5.432876712,0,13.8544236,0.001385442,0.000706858,0.220877458,1.249032601,1167.486516,2372.852785,3540.339301,22,171.1511485,253.6841466,424.8352951,13.716
"390","2435",-0.0432144612113421,-0.0200570436837262,-0.00877080400674617,1115076,"QULA",3,"A",2.9,"A",0,0,0,100,0,0,0,0,0,0,0,0,0,0,0,0,0,0,5.432876712,0,6.605198554,0.00066052,0.000706858,-0.018406455,-0.085292735,1234.685183,928.6155185,2163.300701,9,240.8237189,81.48010421,322.3038231,13.716
"391","2436",-0.0432144612113421,-0.0200570436837262,-0.00877080400674617,1115077,"QULA",27.4,"A",29,"A",0,0,0,100,0,0,0,0,0,0,0,0,0,0,0,0,0,0,5.432876712,0,660.5198554,0.066051986,0.058964553,0.294503278,13.04545161,601.9919843,2331.415178,2933.407162,15,58.23627823,214.6287058,272.864984,13.716
"392","244",-0.0432144612113426,-0.0200570436837264,-0.00877080400674633,121016,"QULA",16,"A",18.6,"A",0,0,0,96,0,0,0,0,0,0,0,0,0,0,0,0,0,0,5.504109589,0,271.7163486,0.027171635,0.020106193,0.472374316,12.83666643,25.92599337,5243.106081,5269.032075,21,8.831793881,513.2278588,522.0596527,11.8872
"393","2444",0.0154730195733714,-0.0345633975905646,-0.01474958397689,1117001,"QULA",7.7,"A",7.9,"AU",2,0,0,98,0,0,0,0,0,0,0,0,0,0,0,0,0,0,5.430136986,0,49.01669938,0.00490167,0.004656626,0.036831483,0.451267118,1264.946574,6553.809952,7818.756526,27,114.7580872,727.1541379,841.9122251,13.716
"394","2456",-0.0432144612113421,-0.0200570436837262,-0.00877080400674617,1117016,"QULA",14.2,"A",16.5,"A",0,0,0,94,0,0,0,0,0,0,0,0,0,0,0,0,0,0,5.430136986,0,213.82465,0.021382465,0.015836769,0.423562059,10.21281129,509.7783859,4480.460903,4990.239289,21,47.0248654,471.4095141,518.4343795,13.716
"395","2457",0.021239545912268,-0.0333448175932698,-0.0103431934648924,1117019,"QULA",3.5,"A",4.3,"AU",1,1,0,94,0,0,0,0,0,0,0,0,0,0,0,0,0,0,5.430136986,0,14.52201204,0.001452201,0.000962113,0.147325933,0.902534237,606.2095724,4145.001639,4751.211212,19,53.85773836,516.2401707,570.0979091,13.716
"396","2459",-0.038387381940165,0.100111989353029,-0.0211765268763416,1117021,"QULA",2.6,"A",2.6,"AU",0,0,0,97,0,1,0,0,0,0,0,0,0,0,0,0,0,0,5.430136986,0,5.309291585,0.000530929,0.000530929,0,0,718.2937443,4190.004954,4908.298698,19,82.34207736,394.8202177,477.162295,13.716
"397","2460",-0.0555707307649438,-0.0581496946931302,0.164165751281879,1117022,"QULA",5.3,"A",5.9,"AU",0,1,0,98,0,0,0,0,1,0,0,0,0,0,0,0,0,0,5.430136986,1,27.33971007,0.002733971,0.002206183,0.11049445,0.971959947,681.7413138,4547.738109,5229.479423,19,81.68630213,435.813254,517.4995561,13.716
"398","2462",0.0268778981805108,-0.0512461823590907,0.121384398192313,1117025,"QULA",5,"A",5.5,"AU",1,1,0,98,0,0,0,0,0,0,0,0,0,0,0,0,0,0,5.430136986,1,23.75829444,0.002375829,0.001963495,0.092078708,0.759343709,246.4736516,4854.514632,5100.988284,16,23.38550795,548.8527596,572.2382676,13.716
"399","2469",0.0103977101464048,-0.0404414795399081,-0.0175479426871382,1117037,"QULA",11.3,"A",12.9,"AU",0,2,0,95,0,0,0,0,0,0,0,0,0,0,0,0,0,0,5.430136986,0,130.6981084,0.013069811,0.010028749,0.294651867,5.600340648,985.8003588,3249.019414,4234.819773,15,78.51519615,413.1582085,491.6734046,13.716
"400","2474",-0.0432144612113421,-0.0200570436837262,-0.00877080400674616,1117042,"QULA",10.6,"A",11.4,"A",0,0,0,99,0,0,0,0,0,0,0,0,0,0,0,0,0,0,5.430136986,0,102.0703453,0.010207035,0.008824734,0.147325933,2.545609385,1260.100667,2661.062495,3921.163163,14,172.1460477,256.9517983,429.097846,13.716
"401","2475",-0.0118641267365934,-0.0286302487938526,-0.0098120009687622,1117045,"QULA",17.6,"A",20,"AU",0,1,0,98,0,0,0,0,0,0,0,0,0,0,0,0,0,0,5.430136986,0,314.1592654,0.031415927,0.024328494,0.4419778,13.05203358,992.0913981,4114.598876,5106.690274,24,118.014944,511.9479267,629.9628707,13.716
"402","2478",-0.010276078735,-0.024970199171741,-0.00922952053995902,1117051,"QULA",15.5,"A",16.6,"AU",1,0,0,97,0,0,0,0,0,0,0,0,0,0,0,0,0,0,5.430136986,0,216.4243179,0.021642432,0.018869191,0.202573158,5.107128829,1157.535521,4379.780712,5537.316233,23,113.0973474,646.1345722,759.2319196,13.716
"403","2479",-0.038387381940165,0.100111989353029,-0.0211765268763416,1117052,"QULA",12.1,"A",12.6,"AU",0,0,0,92,0,1,0,0,0,0,0,0,0,0,0,0,0,0,5.430136986,0,124.6898124,0.012468981,0.011499015,0.092078708,1.786265677,1079.490506,5673.896974,6753.38748,27,177.0226122,634.2402991,811.2629113,13.716
"404","248",-0.0383873819401651,0.10011198935303,-0.0211765268763412,121023,"QULA",9,"A",9,"AU",0,0,0,50,0,1,0,0,0,0,0,0,0,0,0,0,0,0,5.504109589,0,63.61725124,0.006361725,0.006361725,0,0,1371.438711,2317.98487,3689.423581,15,334.4018655,261.0665112,595.4683768,11.8872
"405","2482",0.0291153625052708,0.0953374575606839,-0.0268946542490116,1117055,"QULA",12.5,"A",12.5,"AU",0,2,0,0,0,1,0,0,0,0,0,0,0,0,0,0,0,0,5.430136986,0,122.718463,0.012271846,0.012271846,0,0,1084.147917,5229.793582,6313.941499,25,121.5241176,1084.486766,1206.010884,13.716
"406","249",-0.0432144612113426,-0.0200570436837265,-0.00877080400674633,121025,"QULA",22.9,"A",24.8,"A",0,0,0,95,0,0,0,0,0,0,0,0,0,0,0,0,0,0,5.504109589,0,483.0512864,0.048305129,0.041187065,0.345196615,12.93227077,1299.150664,1707.259258,3006.409922,17,245.9443693,258.6193581,504.5637274,11.8872
"407","250",-0.0432144612113426,-0.0200570436837265,-0.00877080400674633,121026,"QULA",18,"A",20.3,"A",0,0,0,96,0,0,0,0,0,0,0,0,0,0,0,0,0,0,5.504109589,0,323.6547292,0.032365473,0.0254469,0.417869587,12.56983043,1458.547221,2588.499559,4047.04678,17,322.6464398,257.921145,580.5675848,11.8872
"408","251",-0.0432144612113426,-0.0200570436837264,-0.00877080400674633,121027,"QULA",2.3,"A",3.5,"A",0,0,0,89,0,0,0,0,0,0,0,0,0,0,0,0,0,0,5.504109589,0,9.621127502,0.000962113,0.000415476,0.218018915,0.993143601,1772.580823,2588.499559,4361.080382,17,561.2839385,245.832198,807.1161365,11.8872
"409","2512",0.0649131424080993,-0.0959345291487814,-0.0462763181688664,1119035,"QULA",24.4,"A",24.9,"AU",2,2,0,30,0,0,0,0,0,0,0,0,1,0,0,0,0,0,5.430136986,0,486.9547153,0.048695472,0.046759465,0.092078708,3.565299508,428.8745211,6001.722167,6430.596688,26,31.84635359,840.0339358,871.8802893,13.716
"410","252",-0.0383873819401651,0.10011198935303,-0.0211765268763412,121034,"QULA",6.4,"A",6.5,"AU",0,0,0,10,0,1,0,0,0,0,0,0,0,0,0,0,0,0,5.504109589,0,33.1830724,0.003318307,0.003216991,0.018168243,0.184074029,1673.589238,2280.592063,3954.181301,15,281.4508887,221.8576694,503.3085581,11.8872
"411","2520",0.00469763960886318,0.124614673610941,-0.0412666759538853,1119047,"QULA",14.6,"A",15.4,"AU",1,0,0,60,1,1,0,0,0,0,0,0,0,0,0,0,0,0,5.430136986,0,186.2650284,0.018626503,0.016741547,0.147325933,3.471285525,1392.770125,5229.455861,6622.225986,33,852.1766144,647.0351013,1499.211716,13.716
"412","2521",-0.091243388253341,0.151046726060483,-0.0437310056263663,1119048,"QULA",15.2,"A",15.7,"AU",0,0,0,70,0,1,0,0,1,0,0,0,0,0,0,0,0,0,5.430136986,0,193.5927933,0.019359279,0.018145839,0.092078708,2.234640057,1385.44236,5229.455861,6614.898221,33,828.6433297,642.6003355,1471.243665,13.716
"413","2523",-0.0432144612113421,-0.0200570436837262,-0.00877080400674616,1119051,"QULA",9.6,"A",10.4,"A",0,0,0,100,0,0,0,0,0,0,0,0,0,0,0,0,0,0,5.430136986,0,84.94866535,0.008494867,0.007238229,0.147325933,2.31419035,1180.076448,5111.182752,6291.2592,31,241.4551626,632.4100803,873.8652428,13.716
"414","2531",-0.091243388253341,0.151046726060483,-0.0437310056263663,1119059,"QULA",10,"A",10.5,"AU",0,0,0,70,0,1,0,0,1,0,0,0,0,0,0,0,0,0,5.430136986,0,86.59014751,0.008659015,0.007853982,0.092078708,1.482528193,1934.270743,4446.649512,6380.920255,33,237.77432,545.8147963,783.5891163,13.716
"415","2534",-0.010276078735,-0.024970199171741,-0.00922952053995903,1119062,"QULA",7.9,"A",8.1,"AU",1,0,0,100,0,0,0,0,0,0,0,0,0,0,0,0,0,0,5.430136986,0,51.5299735,0.005152997,0.00490167,0.036831483,0.46283807,1969.330917,4707.755131,6677.086048,35,261.8082525,539.6082274,801.41648,13.716
"416","2537",0.0488304424592327,0.12181589218644,-0.0445606116489397,1119066,"QULA",11.2,"A",11.4,"AU",2,0,0,40,1,1,0,0,0,0,0,0,0,0,0,0,0,0,5.430136986,0,102.0703453,0.010207035,0.009852035,0.036831483,0.653758774,1865.38347,3108.755156,4974.138626,30,513.1482594,313.0925993,826.2408587,13.716
"417","2538",-0.0432144612113421,-0.0200570436837262,-0.00877080400674616,1119067,"QULA",12.6,"A",15.7,"A",0,0,0,95,0,0,0,0,0,0,0,0,0,0,0,0,0,0,5.430136986,0,193.5927933,0.019359279,0.012468981,0.570887992,12.68899496,1905.807913,3108.755156,5014.56307,30,395.0467487,314.6927322,709.739481,13.716
"418","2539",-0.0432144612113421,-0.0200570436837262,-0.00877080400674616,1119070,"QULA",20.1,"A",21.6,"A",0,0,0,100,0,0,0,0,0,0,0,0,0,0,0,0,0,0,5.430136986,0,366.4353671,0.036643537,0.031730871,0.276236125,9.047037901,2017.036001,3911.651991,5928.687992,31,229.6657749,402.754947,632.420722,13.716
"419","2545",0.0234139843586128,0.134481320728396,-0.0410612573211744,1119079,"QULA",22.5,"A",23,"AU",1,1,0,70,0,1,0,0,1,0,0,0,0,0,0,0,0,0,5.430136986,0,415.4756284,0.041547563,0.039760782,0.092078708,3.290489404,1735.360804,3864.567371,5599.928175,29,167.3915445,359.8710843,527.2626289,13.4112
"420","2547",-0.0432144612113421,-0.0200570436837262,-0.00877080400674616,1119084,"QULA",19,"A",21,"A",0,0,0,100,0,0,0,0,0,0,0,0,0,0,0,0,0,0,5.430136986,0,346.3605901,0.034636059,0.028352874,0.368314834,11.57095175,2088.884225,1091.224354,3180.10858,21,240.8513173,122.8153175,363.6666348,13.716
"421","2548",-0.091243388253341,0.151046726060483,-0.0437310056263662,1119086,"QULA",14,"A",15.7,"AU",0,0,0,82,0,1,0,0,1,0,0,0,0,0,0,0,0,0,5.430136986,0,193.5927933,0.019359279,0.015393804,0.313067608,7.302716924,1724.506601,1526.075755,3250.582357,24,260.722605,185.5537094,446.2763143,13.716
"422","2549",-0.0432144612113421,-0.0200570436837262,-0.00877080400674616,1119087,"QULA",4.8,"A",4.8,"A",0,0,0,100,0,0,0,0,0,0,0,0,0,0,0,0,0,0,5.430136986,0,18.09557368,0.001809557,0.001809557,0,0,2106.123715,1807.743099,3913.866814,24,435.2350093,217.2535078,652.4885171,13.716
"423","255",0.106466858625705,0.0875515926963153,-0.0282807734508206,123009,"QULA",11,"A",13,"AU",2,2,0,28,0,1,0,0,0,0,0,0,0,0,0,0,0,0,5.504109589,0,132.7322896,0.013273229,0.009503318,0.363364858,6.849266213,255.9376995,1849.973958,2105.911657,11,58.75055261,194.3903181,253.1408707,11.8872
"424","2552",-0.0432144612113421,-0.0200570436837262,-0.00877080400674616,1119092,"QULA",21.9,"A",24.7,"A",0,0,0,100,0,0,0,0,0,0,0,0,0,0,0,0,0,0,5.430136986,0,479.1635655,0.047916357,0.037668481,0.515640767,18.87222231,1956.08125,1553.910266,3509.991516,26,213.2420414,226.979793,440.2218344,13.716
"425","2567",-0.010276078735,-0.024970199171741,-0.00922952053995903,1121013,"QULA",22,"A",24.4,"AU",1,0,0,94,0,0,0,0,0,0,0,0,0,0,0,0,0,0,5.430136986,0,467.5946506,0.046759465,0.038013271,0.4419778,16.10676484,502.7255104,632.9445259,1135.670036,12,36.19962952,90.6899681,126.8895976,12.8016
"426","2582",0.021239545912268,-0.0333448175932698,-0.0103431934648923,1121040,"QULA",18.6,"A",19.7,"AU",1,1,0,96,0,0,0,0,0,0,0,0,0,0,0,0,0,0,5.430136986,0,304.8051732,0.030480517,0.027171635,0.202573158,6.093552466,2328.878342,3228.544084,5557.422426,28,199.5559933,410.5613597,610.117353,13.4112
"427","2584",-0.038387381940165,0.100111989353028,-0.0211765268763415,1121043,"QULA",24.4,"A",25.3,"AU",0,0,0,81,0,1,0,0,0,0,0,0,0,0,0,0,0,0,5.430136986,0,502.7255104,0.050272551,0.046759465,0.165741675,6.469608398,772.3998238,4203.034709,4975.434533,20,55.86450186,474.7415675,530.6060693,12.8016
"428","26",-0.010276078735,-0.0249701991717406,-0.00922952053996135,103018,"QULA",11.6,"A",12.3,"AU",1,0,0,96,0,0,0,0,0,0,0,0,0,0,0,0,0,0,5.542465753,0,118.8228881,0.011882289,0.010568318,0.126297578,2.370733868,403.694656,1539.61602,1943.310676,12,44.32706527,214.9858953,259.3129606,11.8872
"429","2617",-0.0432144612113421,-0.0200570436837262,-0.00877080400674616,1123040,"QULA",8.9,"A",9.9,"A",0,0,0,100,0,0,0,0,0,0,0,0,0,0,0,0,0,0,5.430136986,0,76.97687399,0.007697687,0.006221139,0.184157417,2.719173662,135.8738823,2318.283321,2454.157203,19,13.02155064,247.0435133,260.0650639,12.192
"430","2625",-0.0432144612113421,-0.0200570436837262,-0.00877080400674616,1123054,"QULA",5.5,"A",6.2,"A",0,0,0,100,0,0,0,0,0,0,0,0,0,0,0,0,0,0,5.430136986,0,30.1907054,0.003019071,0.002375829,0.128910192,1.184576186,182.6600509,4234.050083,4416.710134,16,14.91172933,441.5840176,456.495747,12.192
"431","2630",-0.0432144612113421,-0.0200570436837262,-0.00877080400674616,1301003,"QULA",19,"A",19.5,"A",0,0,0,100,0,0,0,0,0,0,0,0,0,0,0,0,0,0,5.449315068,0,298.6476516,0.029864765,0.028352874,0.091754651,2.774461461,70.88218425,8069.432058,8140.314242,17,10.92152752,747.7546228,758.6761504,12.192
"432","2631",-0.0432144612113421,-0.0200570436837262,-0.00877080400674616,1301007,"QULA",7.4,"A",9.5,"A",0,0,0,100,0,0,0,0,0,0,0,0,0,0,0,0,0,0,5.449315068,0,70.88218425,0.007088218,0.00430084,0.385369532,5.115098039,436.2886798,4510.400281,4946.68896,17,55.23928167,417.7875434,473.0268251,12.192
"433","2666",-0.0390203139482903,0.122167394906561,0.131092107811762,1303013,"QULA",18.3,"A",18.6,"AU",0,0,0,95,0,1,0,0,0,0,0,0,0,0,0,0,0,0,5.449315068,1,271.7163486,0.027171635,0.026302199,0.05505279,1.5954955,514.5457528,6457.496576,6972.042328,22,47.67571993,779.0669335,826.7426534,12.4968
"434","2686",-0.0432144612113421,-0.0200570436837262,-0.00877080400674616,1303039,"QULA",5.6,"A",8.2,"A",0,0,0,98,0,0,0,0,0,0,0,0,0,0,0,0,0,0,5.449315068,0,52.81017251,0.005281017,0.002463009,0.477124183,5.171307907,0,5015.29349,5015.29349,10,0,615.5463693,615.5463693,11.8872
"435","2688",-0.0605241941155991,-0.0380067103928638,0.128296470681816,1303042,"QULA",10.5,"A",12,"A",0,0,0,95,0,0,0,0,0,0,0,0,0,0,0,0,0,0,5.449315068,1,113.0973355,0.011309734,0.008659015,0.275263952,4.864315548,126.8025335,7641.9634,7768.765933,26,12.81323558,981.8613372,994.6745728,11.8872
"436","2692",0.00140265207779344,0.0934709252610172,-0.0193403460192345,1303048,"QULA",10.2,"A",10.4,"AU",1,0,0,82,0,1,0,0,0,0,0,0,0,0,0,0,0,0,5.449315068,0,84.94866535,0.008494867,0.008171282,0.03670186,0.593806817,154.9512037,4319.768439,4474.719642,19,28.23837455,403.7960445,432.034419,11.8872
"437","2695",-0.0390203139482903,0.122167394906561,0.131092107811762,1303052,"QULA",8.8,"A",7.3,"AU",0,0,0,95,0,1,0,0,0,0,0,0,0,0,0,0,0,0,5.449315068,1,41.85386813,0.004185387,0.006082123,-0.275263952,-3.480688014,277.6932286,5945.872504,6223.565733,26,50.04743204,573.7490328,623.7964648,11.8872
"438","2716",-0.0177871283876836,-0.0468168386922872,0.126991211348795,1305007,"QULA",8.1,"A",8.7,"AU",0,1,0,100,0,0,0,0,0,0,0,0,0,0,0,0,0,0,5.449315068,1,59.44678699,0.005944679,0.005152997,0.110105581,1.45280891,1339.567254,4532.579925,5872.147178,28,141.3334635,632.5123827,773.8458461,13.1064
"439","2717",-0.0390203139482903,0.122167394906561,0.131092107811762,1305010,"QULA",7.2,"A",7.5,"AU",0,0,0,37,0,1,0,0,0,0,0,0,0,0,0,0,0,0,5.449315068,1,44.17864669,0.004417865,0.004071504,0.05505279,0.635603898,1054.50699,5565.975412,6620.482402,30,107.3113032,617.7344856,725.0457888,13.1064
"440","2723",-0.038387381940165,0.100111989353028,-0.0211765268763415,1305016,"QULA",23.3,"A",24.8,"AU",0,0,0,91,0,1,0,0,0,0,0,0,0,0,0,0,0,0,5.449315068,0,483.0512864,0.048305129,0.042638481,0.275263952,10.39882568,604.9843513,4062.102863,4667.087214,22,57.50229496,536.7238056,594.2261006,13.1064
"441","2726",-0.0390203139482903,0.122167394906561,0.131092107811762,1305022,"QULA",10,"A",10.7,"AU",0,0,0,87,0,1,0,0,0,0,0,0,0,0,0,0,0,0,5.449315068,1,89.92023573,0.008992024,0.007853982,0.128456511,2.088412809,1505.639695,4772.35413,6277.993825,22,166.4644472,513.0605547,679.5250018,13.1064
"442","2729",-0.0390203139482903,0.122167394906561,0.131092107811762,1305027,"QULA",15,"A",16.1,"AU",0,0,0,91,0,1,0,0,0,0,0,0,0,0,0,0,0,0,5.449315068,1,203.5830579,0.020358306,0.017671459,0.201860231,4.930614368,1763.140337,4809.731229,6572.871566,35,171.3850423,574.607993,745.9930353,13.1064
"443","2730",-0.0390203139482903,0.122167394906561,0.131092107811762,1305029,"QULA",10.3,"A",11.6,"AU",0,0,0,94,0,1,0,0,0,0,0,0,0,0,0,0,0,0,5.449315068,1,105.6831769,0.010568318,0.008332289,0.238562092,4.103320405,1227.247462,5265.804088,6493.05155,38,164.8337635,673.5408496,838.3746131,13.1064
"444","2733",0.148310494231708,0.110340733623648,0.13283097932961,1305033,"QULA",9.7,"A",11,"AU",2,2,0,97,0,1,0,0,0,0,0,0,0,0,0,0,0,0,5.449315068,1,95.03317777,0.009503318,0.007389811,0.238562092,3.87848093,1254.540048,5298.759395,6553.299444,38,176.3055913,796.4285297,972.734121,13.1064
"445","2740",-0.0432144612113421,-0.0200570436837263,-0.00877080400674618,1305041,"QULA",20.6,"A",22.9,"A",0,0,0,100,0,0,0,0,0,0,0,0,0,0,0,0,0,0,5.449315068,0,411.8706509,0.041187065,0.033329156,0.422071393,14.4199932,1116.930436,6563.328978,7680.259414,41,113.356703,699.6130224,812.9697254,12.4968
"446","2745",0.0992518162468033,-0.0723213065808407,0.123207247016581,1305046,"QULA",12.6,"A",15.1,"AU",2,2,0,100,0,0,0,0,0,0,0,0,0,0,0,0,0,0,5.449315068,1,179.0786352,0.017907864,0.012468981,0.458773253,9.980854866,404.2994126,4356.713568,4761.012981,23,34.05709558,585.750241,619.8073366,13.1064
"447","2754",0.0642609219850702,-0.0606717395291676,0.121525335991128,1305062,"QULA",16,"A",17.2,"AU",2,1,0,100,0,0,0,0,0,0,0,0,0,0,0,0,0,0,5.449315068,1,232.3521927,0.023235219,0.020106193,0.220211161,5.742054265,521.3315929,5429.041243,5950.372835,25,59.12813084,731.5708739,790.6990048,12.8016
"448","2758",-0.0170907843192294,-0.0927464865066976,0.16954816240651,1305066,"QULA",17.2,"A",18.1,"AU",0,2,0,100,0,0,0,0,0,0,0,0,1,0,0,0,0,0,5.449315068,1,257.3042923,0.025730429,0.023235219,0.165158371,4.578942369,232.3521927,6818.08858,7050.440773,28,32.06823741,674.0199113,706.0881487,12.8016
"449","2778",-0.0390203139482904,0.122167394906561,0.131092107811762,1305087,"QULA",10.2,"A",9.8,"AU",0,0,0,91,0,1,0,0,0,0,0,0,0,0,0,0,0,0,5.449315068,1,75.42963961,0.007542964,0.008171282,-0.07340372,-1.153022945,963.2123076,4232.235813,5195.448121,26,86.57252501,535.7791061,622.3516311,12.8016
"450","2779",-0.060524194115599,-0.0380067103928639,0.128296470681816,1307002,"QULA",9.2,"A",10.6,"A",0,0,0,92,0,0,0,0,0,0,0,0,0,0,0,0,0,0,5.438356164,1,88.24733764,0.008824734,0.00664761,0.25743073,4.003275334,1975.771182,2586.567479,4562.338661,39,297.9241953,294.5353737,592.459569,13.4112
"451","2781",0.0123310739890007,0.115811555947164,0.127852668008517,1307006,"QULA",19.7,"A",20,"AU",1,0,0,70,0,1,0,0,0,0,0,0,0,0,0,0,0,0,5.438356164,1,314.1592654,0.031415927,0.030480517,0.055163728,1.720021978,2241.51065,3206.144529,5447.655179,46,389.8114075,396.370987,786.1823944,13.4112
"452","2784",-0.0432144612113421,-0.0200570436837263,-0.0087708040067462,1307009,"QULA",16.1,"A",18.5,"A",0,0,0,94,0,0,0,0,0,0,0,0,0,0,0,0,0,0,5.438356164,0,268.8025214,0.026880252,0.020358306,0.441309824,11.99249581,2278.314408,3409.908228,5688.222636,45,472.6339968,378.6385963,851.2725931,13.4112
"453","2785",0.0268778981805108,-0.0512461823590907,0.121384398192313,1307010,"QULA",1.3,"A",1.4,"AU",1,1,0,50,0,0,0,0,0,0,0,0,0,0,0,0,0,0,5.438356164,1,1.5393804,0.000153938,0.000132732,0.018387909,0.038992942,2361.150353,3183.674287,5544.82464,46,591.7735584,468.812323,1060.585881,13.4112
"454","2786",-0.060524194115599,-0.0380067103928639,0.128296470681816,1307011,"QULA",13.9,"A",15.3,"A",0,0,0,90,0,0,0,0,0,0,0,0,0,0,0,0,0,0,5.438356164,1,183.8538561,0.018385386,0.015174678,0.25743073,5.903820189,2169.756674,2656.821345,4826.578019,44,641.5428801,314.4835772,956.0264573,13.4112
"455","2787",-0.0432144612113421,-0.0200570436837263,-0.0087708040067462,1307012,"QULA",11,"A",12,"A",0,0,0,94,0,0,0,0,0,0,0,0,0,0,0,0,0,0,5.438356164,0,113.0973355,0.011309734,0.009503318,0.183879093,3.321620948,2123.614532,2656.821345,4780.435877,43,756.9308073,313.8972169,1070.828024,13.4112
"456","2789",-0.060524194115599,-0.038006710392864,0.128296470681816,1307015,"QULA",2.1,"A",2.7,"A",0,0,0,92,0,0,0,0,0,0,0,0,0,0,0,0,0,0,5.438356164,1,5.725552611,0.000572555,0.000346361,0.110327456,0.41592471,3167.620749,2514.020251,5681.641,42,427.3074045,276.7836107,704.0910152,13.4112
"457","2790",0.0268778981805109,-0.0512461823590907,0.121384398192313,1307016,"QULA",15.8,"A",16.2,"AU",1,1,0,91,0,0,0,0,0,0,0,0,0,0,0,0,0,0,5.438356164,1,206.119894,0.020611989,0.01960668,0.073551637,1.848554267,2668.971455,2080.472611,4749.444066,35,361.7430672,276.3311816,638.0742488,13.1064
"458","2793",0.0980618484701802,0.143860445952175,0.156639040023469,1307019,"QULA",23.5,"A",23.9,"AU",1,1,0,70,1,1,0,0,0,0,0,0,0,0,0,0,0,0,5.438356164,1,448.6272849,0.044862728,0.043373614,0.073551637,2.738171008,3109.57197,2456.552668,5566.124638,48,290.3925872,391.3701491,681.7627363,13.4112
"459","2797",-0.060524194115599,-0.038006710392864,0.128296470681816,1307023,"QULA",6.5,"A",6.6,"A",0,0,0,90,0,0,0,0,0,0,0,0,0,0,0,0,0,0,5.438356164,1,34.211944,0.003421194,0.003318307,0.018387909,0.189187976,3103.775732,3584.415846,6688.191578,42,345.0369899,387.2693449,732.3063348,13.1064
"460","2799",-0.0432144612113421,-0.0200570436837263,-0.00877080400674622,1307025,"QULA",3.5,"A",4.2,"A",0,0,0,98,0,0,0,0,0,0,0,0,0,0,0,0,0,0,5.438356164,0,13.8544236,0.001385442,0.000962113,0.128715365,0.778414648,2681.105856,1793.802281,4474.908138,32,716.2248476,263.8710783,980.0959259,13.1064
"461","2800",-0.060524194115599,-0.038006710392864,0.128296470681816,1307027,"QULA",26.8,"A",28.2,"A",0,0,0,97,0,0,0,0,0,0,0,0,0,0,0,0,0,0,5.438356164,1,624.5800355,0.062458004,0.056410438,0.25743073,11.12020926,2097.735663,1793.802281,3891.537944,31,285.8498392,272.3827784,558.2326176,13.1064
"462","2803",-0.0432144612113421,-0.0200570436837263,-0.00877080400674623,1307030,"QULA",3.1,"A",4.2,"A",0,0,0,100,0,0,0,0,0,0,0,0,0,0,0,0,0,0,5.438356164,0,13.8544236,0.001385442,0.000754768,0.202267003,1.159678966,2209.348596,1411.39977,3620.748365,31,210.0279775,140.1725739,350.2005514,13.1064
"463","2804",-0.060524194115599,-0.038006710392864,0.128296470681816,1307032,"QULA",4,"A",5.2,"A",0,0,0,95,0,0,0,0,0,0,0,0,0,0,0,0,0,0,5.438356164,1,21.23716634,0.002123717,0.001256637,0.220654912,1.594378055,1612.626633,2638.113161,4250.739794,33,174.1062909,218.6971986,392.8034895,13.1064
"464","2805",0.0776972630100337,-0.115064063913837,0.166392492671941,1307034,"QULA",20.8,"A",21.3,"AU",1,3,0,84,0,0,0,0,0,1,0,0,0,0,0,0,0,0,5.438356164,1,356.3272928,0.035632729,0.033979466,0.091939547,3.040005259,2333.276572,3290.23711,5623.513682,36,245.6964761,323.172065,568.8685411,13.1064
"465","2806",-0.060524194115599,-0.038006710392864,0.128296470681816,1307037,"QULA",6,"A",6.7,"A",0,0,0,96,0,0,0,0,0,0,0,0,0,0,0,0,0,0,5.438356164,1,35.25652355,0.003525652,0.002827433,0.128715365,1.283878706,2423.008312,3178.270748,5601.27906,31,394.1758004,359.7020056,753.877806,13.1064
"466","2807",-0.060524194115599,-0.038006710392864,0.128296470681816,1307038,"QULA",12,"A",12.9,"A",0,0,0,64,0,0,0,0,0,0,0,0,0,0,0,0,0,0,5.438356164,1,130.6981084,0.013069811,0.011309734,0.165491184,3.23641415,2359.501016,3134.092101,5493.593118,33,292.1909118,374.7428133,666.9337251,13.1064
"467","2809",-0.0432144612113421,-0.0200570436837263,-0.00877080400674621,1307042,"QULA",9.4,"A",12.3,"A",0,0,0,97,0,0,0,0,0,0,0,0,0,0,0,0,0,0,5.438356164,0,118.8228881,0.011882289,0.006939778,0.53324937,9.08824375,1365.650327,3033.671092,4399.321418,28,189.6744199,300.6489199,490.3233398,13.1064
"468","2811",-0.0432144612113421,-0.0200570436837263,-0.00877080400674621,1307046,"QULA",4.7,"A",6.5,"A",0,0,0,94,0,0,0,0,0,0,0,0,0,0,0,0,0,0,5.438356164,0,33.1830724,0.003318307,0.001734945,0.330982368,2.91147297,1586.826303,3979.533954,5566.360257,34,195.9157772,308.1966269,504.1124041,13.1064
"469","2812",-0.0432144612113421,-0.0200570436837263,-0.00877080400674621,1307047,"QULA",5.7,"A",6.3,"A",0,0,0,92,0,0,0,0,0,0,0,0,0,0,0,0,0,0,5.438356164,0,31.17245311,0.003117245,0.002551759,0.110327456,1.039811775,1101.811521,4592.874942,5694.686463,34,142.3901824,373.0407555,515.4309379,13.1064
"470","2813",-0.0432144612113421,-0.0200570436837263,-0.00877080400674621,1307050,"QULA",3.2,"A",3.8,"A",0,0,0,95,0,0,0,0,0,0,0,0,0,0,0,0,0,0,5.438356164,0,11.34114948,0.001134115,0.000804248,0.110327456,0.606556869,1374.313268,2241.204345,3615.517613,24,217.5608442,205.9841503,423.5449946,13.1064
"471","2814",-0.0432144612113421,-0.0200570436837263,-0.00877080400674621,1307052,"QULA",2.2,"A",3.4,"A",0,0,0,96,0,0,0,0,0,0,0,0,0,0,0,0,0,0,5.438356164,0,9.079202769,0.00090792,0.000380133,0.220654912,0.97049099,1511.451642,3099.43248,4610.884122,29,220.7563198,321.4318889,542.1882087,13.1064
"472","2815",-0.0390203139482904,0.122167394906561,0.131092107811762,1307053,"QULA",6.6,"A",6.9,"AU",0,0,0,50,0,1,0,0,0,0,0,0,0,0,0,0,0,0,5.438356164,1,37.39280656,0.003739281,0.003421194,0.055163728,0.584894123,1881.73546,4485.024066,6366.759526,29,194.2151037,507.1192839,701.3343876,13.1064
"473","2816",-0.0432144612113421,-0.0200570436837263,-0.00877080400674622,1307054,"QULA",3.2,"A",3.7,"A",0,0,0,96,0,0,0,0,0,0,0,0,0,0,0,0,0,0,5.438356164,0,10.75210086,0.00107521,0.000804248,0.091939547,0.498243142,1434.349104,2171.013311,3605.362415,24,218.4319147,224.4862563,442.918171,13.1064
"474","2817",-0.010276078735,-0.024970199171741,-0.00922952053995894,1307055,"QULA",2.6,"A",3.6,"AU",1,0,0,98,0,0,0,0,0,0,0,0,0,0,0,0,0,0,5.438356164,0,10.1787602,0.001017876,0.000530929,0.183879093,0.895393473,1434.922445,2171.013311,3605.935756,24,268.1603297,219.209195,487.3695247,13.1064
"475","2819",-0.0432144612113421,-0.0200570436837263,-0.00877080400674622,1307057,"QULA",3.2,"A",4.6,"A",0,0,0,100,0,0,0,0,0,0,0,0,0,0,0,0,0,0,5.438356164,0,16.61902514,0.001661903,0.000804248,0.25743073,1.577047859,1472.692242,4399.125069,5871.817311,33,217.7280064,349.9497077,567.677714,13.1064
"476","2820",-0.060524194115599,-0.038006710392864,0.128296470681816,1307058,"QULA",15.9,"A",15.9,"A",0,0,0,84,0,0,0,0,0,0,0,0,0,0,0,0,0,0,5.438356164,1,198.5565097,0.019855651,0.019855651,0,0,1427.626096,2065.958453,3493.584548,25,159.0822844,206.1463242,365.2286086,13.1064
"477","2821",-0.0432144612113421,-0.0200570436837263,-0.00877080400674622,1307059,"QULA",20,"A",20.5,"A",0,0,0,89,0,0,0,0,0,0,0,0,0,0,0,0,0,0,5.438356164,0,330.0635782,0.033006358,0.031415927,0.091939547,2.924470617,785.0290263,4027.356848,4812.385875,30,84.89511904,556.3827313,641.2778504,13.1064
"478","2822",-0.0432144612113421,-0.0200570436837263,-0.00877080400674622,1307060,"QULA",2.6,"A",3.3,"A",0,0,0,95,0,0,0,0,0,0,0,0,0,0,0,0,0,0,5.438356164,0,8.552985999,0.000855299,0.000530929,0.128715365,0.596447588,1582.373096,2257.09295,3839.466046,26,302.0886215,216.4136972,518.5023188,13.1064
"479","2823",-0.0432144612113421,-0.0200570436837263,-0.00877080400674622,1307061,"QULA",3,"A",4,"A",0,0,0,92,0,0,0,0,0,0,0,0,0,0,0,0,0,0,5.438356164,0,12.56637061,0.001256637,0.000706858,0.183879093,1.010928115,1120.417604,3926.056193,5046.473797,29,194.7868598,325.7227128,520.5095725,13.1064
"480","2837",-0.010276078735,-0.024970199171741,-0.00922952053995894,1307081,"QULA",2,"A",2.5,"AU",1,0,0,80,0,0,0,0,0,0,0,0,0,0,0,0,0,0,5.438356164,0,4.908738521,0.000490874,0.000314159,0.091939547,0.32494118,1118.045702,2486.727665,3604.773366,39,405.3629839,222.8197497,628.1827336,13.1064
"481","2839",-0.0432144612113421,-0.0200570436837263,-0.00877080400674622,1307085,"QULA",2.5,"A",3.5,"A",0,0,0,100,0,0,0,0,0,0,0,0,0,0,0,0,0,0,5.438356164,0,9.621127502,0.000962113,0.000490874,0.183879093,0.866509813,1452.397554,983.569828,2435.967382,46,222.7504664,140.8990365,363.6495028,13.4112
"482","2840",0.0197860933961664,-0.051941571854619,0.12255193941441,1307087,"QULA",3.3,"A",4.5,"AU",2,0,0,100,0,0,0,0,0,0,0,0,0,0,0,0,0,0,5.438356164,1,15.90431281,0.001590431,0.000855299,0.220654912,1.351755308,1413.991583,2636.699444,4050.691028,46,168.0475505,219.7605742,387.8081247,13.4112
"483","2841",-0.060524194115599,-0.038006710392864,0.128296470681816,1307088,"QULA",4.4,"A",4.8,"A",0,0,0,92,0,0,0,0,0,0,0,0,0,0,0,0,0,0,5.438356164,1,18.09557368,0.001809557,0.001520531,0.073551637,0.531459352,1817.552722,1922.929593,3740.482315,48,202.4586197,171.6057694,374.0643892,13.4112
"484","2842",-0.0432144612113421,-0.0200570436837263,-0.00877080400674622,1307089,"QULA",4.6,"A",5.6,"A",0,0,0,90,0,0,0,0,0,0,0,0,0,0,0,0,0,0,5.438356164,0,24.6300864,0.002463009,0.001661903,0.183879093,1.473066681,1716.283483,2881.099645,4597.383127,47,189.6429156,257.3742658,447.0171814,13.4112
"485","2848",-0.0390203139482904,0.122167394906561,0.131092107811762,1307096,"QULA",12.4,"A",12.2,"AU",0,0,0,30,0,1,0,0,0,0,0,0,0,0,0,0,0,0,5.438356164,1,116.8986626,0.011689866,0.012076282,-0.036775819,-0.710538046,1987.5443,2629.98429,4617.52859,48,201.2106494,273.7620537,474.9727031,13.4112
"486","2849",-0.0160244577199245,-0.0426346407482651,0.122762133488252,1307097,"QULA",15.2,"A",17.5,"AU",1,0,0,94,0,0,0,0,0,0,0,0,0,0,0,0,0,0,5.438356164,1,240.5281875,0.024052819,0.018145839,0.422921914,10.8617005,1233.051555,3289.922951,4522.974505,31,109.4634984,476.0760772,585.5395755,13.1064
"487","2852",-0.0432144612113421,-0.0200570436837263,-0.00877080400674622,1307103,"QULA",8.5,"A",9.2,"A",0,0,0,94,0,0,0,0,0,0,0,0,0,0,0,0,0,0,5.438356164,0,66.47610055,0.00664761,0.005674502,0.128715365,1.789342763,1987.834898,3024.474079,5012.308977,40,221.3173442,463.3338264,684.6511705,13.1064
"488","2853",-0.0160244577199245,-0.0426346407482651,0.122762133488252,1309001,"QULA",22.7,"A",24,"AU",1,0,0,100,0,0,0,0,0,0,0,0,0,0,0,0,0,0,5.438356164,1,452.3893421,0.045238934,0.040470782,0.239042821,8.76763512,2226.140408,4103.359829,6329.500237,28,198.2493411,580.2877079,778.5370489,13.4112
"489","2856",-0.060524194115599,-0.038006710392864,0.128296470681816,1309004,"QULA",14.7,"A",16.9,"A",0,0,0,100,0,0,0,0,0,0,0,0,0,0,0,0,0,0,5.438356164,1,224.3175694,0.022431757,0.016971669,0.404534005,10.03996036,3382.348607,2703.034173,6085.38278,37,522.5792275,404.5751223,927.1543497,13.4112
"490","2857",-0.0390203139482904,0.122167394906561,0.131092107811762,1309005,"QULA",12.1,"A",12.8,"AU",0,0,0,63,0,1,0,0,0,0,0,0,0,0,0,0,0,0,5.438356164,1,128.6796351,0.012867964,0.011499015,0.128715365,2.517211005,2948.863798,2536.78109,5485.644888,34,640.506093,360.0407047,1000.546798,13.4112
"491","2858",-0.060524194115599,-0.038006710392864,0.128296470681816,1309006,"QULA",14.3,"A",15.3,"A",0,0,0,78,0,0,0,0,0,0,0,0,0,0,0,0,0,0,5.438356164,1,183.8538561,0.018385386,0.016060607,0.183879093,4.274781742,3043.260804,3126.426615,6169.687419,36,506.8350232,378.89936,885.7343833,13.4112
"492","2860",-0.0160244577199244,-0.0426346407482651,0.122762133488252,1309008,"QULA",16,"A",17.3,"AU",1,0,0,100,0,0,0,0,0,0,0,0,0,0,0,0,0,0,5.438356164,1,235.0618163,0.023506182,0.020106193,0.239042821,6.251868297,3216.401829,3483.932005,6700.333834,37,372.9926385,873.2602989,1246.252937,13.4112
"493","2863",-0.0432144612113421,-0.0200570436837263,-0.00877080400674623,1309012,"QULA",6.7,"A",7.9,"A",0,0,0,100,0,0,0,0,0,0,0,0,0,0,0,0,0,0,5.438356164,0,49.01669938,0.00490167,0.003525652,0.220654912,2.530208653,2871.164358,3996.027316,6867.191674,39,313.6366725,438.9818187,752.6184912,13.4112
"494","2864",-0.0390203139482904,0.122167394906561,0.131092107811762,1309013,"QULA",19.5,"A",19.5,"AU",0,0,0,67,0,1,0,0,0,0,0,0,0,0,0,0,0,0,5.438356164,1,298.6476516,0.029864765,0.029864765,0,0,2631.437277,2996.883042,5628.320319,38,260.1888134,461.9445332,722.1333466,13.4112
"495","2865",-0.0432144612113421,-0.0200570436837263,-0.00877080400674623,1309014,"QULA",10.6,"A",11.9,"A",0,0,0,100,0,0,0,0,0,0,0,0,0,0,0,0,0,0,5.438356164,0,111.2202339,0.011122023,0.008824734,0.239042821,4.224235336,2150.145282,3875.41372,6025.559002,31,255.7130366,356.3107995,612.0238362,13.4112
"496","2868",-0.0432144612113421,-0.0200570436837263,-0.00877080400674623,1309017,"QULA",17.8,"A",20.4,"A",0,0,0,100,0,0,0,0,0,0,0,0,0,0,0,0,0,0,5.438356164,0,326.8512997,0.03268513,0.024884555,0.478085642,14.34362576,2486.649125,3715.451676,6202.100801,42,334.1300732,614.9829813,949.1130545,13.4112
"497","2870",-0.0432144612113421,-0.0200570436837263,-0.00877080400674623,1309020,"QULA",7.3,"A",7.9,"A",0,0,0,100,0,0,0,0,0,0,0,0,0,0,0,0,0,0,5.438356164,0,49.01669938,0.00490167,0.004185387,0.110327456,1.317094915,2521.348016,3455.47703,5976.825046,40,413.574786,465.8445272,879.4193132,13.4112
"498","2871",-0.0390203139482904,0.122167394906561,0.131092107811762,1309021,"QULA",13.9,"A",15.2,"AU",0,0,0,83,0,1,0,0,0,0,0,0,0,0,0,0,0,0,5.438356164,1,181.4583917,0.018145839,0.015174678,0.239042821,5.463344368,2388.906324,3670.087078,6058.993401,42,409.6570689,439.8509602,849.5080292,13.4112
"499","2872",-0.0432144612113421,-0.0200570436837263,-0.00877080400674624,1309022,"QULA",6,"A",7.6,"A",0,0,0,100,0,0,0,0,0,0,0,0,0,0,0,0,0,0,5.438356164,0,45.36459792,0.00453646,0.002827433,0.294206549,3.142542253,1272.525666,3050.596422,4323.122089,28,218.1775328,329.3791637,547.5566965,13.4112
"500","2873",-0.0888940133183617,0.166401511291474,0.173560776505025,1309023,"QULA",12.5,"A",13.7,"AU",0,0,0,0,0,1,0,0,0,0,0,0,0,0,0,0,1,0,5.438356164,1,147.4113813,0.014741138,0.012271846,0.220654912,4.540511418,2461.202225,3550.015407,6011.217631,41,305.2646777,403.7786434,709.0433211,13.4112
"501","2876",-0.0432144612113421,-0.0200570436837263,-0.00877080400674627,1309027,"QULA",3.8,"A",5,"A",0,0,0,100,0,0,0,0,0,0,0,0,0,0,0,0,0,0,5.438356164,0,19.63495408,0.001963495,0.001134115,0.220654912,1.52505727,2261.585427,2315.20456,4576.789987,39,263.0167671,241.1486357,504.1654027,13.4112
"502","2877",-0.0432144612113421,-0.0200570436837263,-0.00877080400674627,1309029,"QULA",3.9,"A",4.6,"A",0,0,0,93,0,0,0,0,0,0,0,0,0,0,0,0,0,0,5.438356164,0,16.61902514,0.001661903,0.001194591,0.128715365,0.859288897,3009.331603,2589.017922,5598.349525,41,631.8341185,237.0632431,868.8973616,13.4112
"503","2878",-0.0390203139482904,0.122167394906561,0.131092107811762,1309031,"QULA",16,"A",17,"AU",0,0,0,100,0,1,0,0,0,0,0,0,0,0,0,0,0,0,5.438356164,1,226.9800692,0.022698007,0.020106193,0.183879093,4.765803969,3247.597844,2589.017922,5836.615765,42,395.6708414,238.9073228,634.5781643,13.4112
"504","2879",-0.043214461211342,-0.0200570436837263,-0.00877080400674627,1309032,"QULA",5.5,"A",6.2,"A",0,0,0,100,0,0,0,0,0,0,0,0,0,0,0,0,0,0,5.438356164,0,30.1907054,0.003019071,0.002375829,0.128715365,1.182785894,3416.489865,2608.652876,6025.142741,43,553.7529811,245.5750474,799.3280285,13.4112
"505","2880",-0.043214461211342,-0.0200570436837263,-0.00877080400674627,1309035,"QULA",9.6,"A",11.3,"A",0,0,0,100,0,0,0,0,0,0,0,0,0,0,0,0,0,0,5.438356164,0,100.2874915,0.010028749,0.007238229,0.312594458,5.131182273,3047.745427,2608.652876,5656.398303,42,422.4280417,244.7498403,667.177882,13.4112
"506","2881",-0.060524194115599,-0.0380067103928641,0.128296470681816,1309036,"QULA",6,"A",6.6,"A",0,0,0,100,0,0,0,0,0,0,0,0,0,0,0,0,0,0,5.438356164,1,34.211944,0.003421194,0.002827433,0.110327456,1.091802364,3412.468626,2661.463048,6073.931675,44,491.9147017,234.9861048,726.9008065,13.4112
"507","2882",-0.043214461211342,-0.0200570436837263,-0.00877080400674627,1309037,"QULA",3,"A",3.4,"A",0,0,0,100,0,0,0,0,0,0,0,0,0,0,0,0,0,0,5.438356164,0,9.079202769,0.00090792,0.000706858,0.073551637,0.369710853,3342.795955,2686.093135,6028.88909,46,443.3721907,233.4697518,676.8419425,13.4112
"508","2883",-0.043214461211342,-0.0200570436837263,-0.00877080400674627,1309039,"QULA",4.9,"A",5.9,"A",0,0,0,100,0,0,0,0,0,0,0,0,0,0,0,0,0,0,5.438356164,0,27.33971007,0.002733971,0.001885741,0.183879093,1.559717663,3538.163748,2270.711754,5808.875502,45,392.061752,206.0754182,598.1371702,13.4112
"509","2884",-0.060524194115599,-0.0380067103928641,0.128296470681816,1309040,"QULA",1.6,"A",2.4,"A",0,0,0,100,0,0,0,0,0,0,0,0,0,0,0,0,0,0,5.438356164,1,4.523893421,0.000452389,0.000201062,0.147103275,0.462138567,3408.298162,3077.29996,6485.598122,47,584.4710218,257.2022812,841.673303,13.4112
"510","2885",-0.043214461211342,-0.0200570436837263,-0.00877080400674628,1309041,"QULA",1.9,"A",2.9,"A",0,0,0,100,0,0,0,0,0,0,0,0,0,0,0,0,0,0,5.438356164,0,6.605198554,0.00066052,0.000283529,0.183879093,0.69320785,3406.216857,3077.29996,6483.516817,47,514.3310326,257.0501231,771.3811557,13.4112
"511","2888",-0.043214461211342,-0.0200570436837263,-0.00877080400674627,1309048,"QULA",3.1,"A",3.5,"A",0,0,0,100,0,0,0,0,0,0,0,0,0,0,0,0,0,0,5.438356164,0,9.621127502,0.000962113,0.000754768,0.073551637,0.381264318,3410.308781,1955.028816,5365.337598,46,397.6794661,334.0398482,731.7193142,13.4112
"512","2889",-0.043214461211342,-0.0200570436837263,-0.00877080400674628,1309049,"QULA",4.9,"A",5.7,"A",0,0,0,100,0,0,0,0,0,0,0,0,0,0,0,0,0,0,5.438356164,0,25.51758633,0.002551759,0.001885741,0.147103275,1.224667202,3256.323617,2377.902895,5634.226513,45,374.3559123,284.8297683,659.1856806,13.4112
"513","2890",-0.060524194115599,-0.0380067103928641,0.128296470681816,1309050,"QULA",1.8,"A",1.8,"A",0,0,0,100,0,0,0,0,0,0,0,0,0,0,0,0,0,0,5.438356164,1,2.544690049,0.000254469,0.000254469,0,0,3071.28381,2079.255244,5150.539054,42,380.4096954,244.6376919,625.0473873,13.4112
"514","2892",0.0154730195733714,-0.0345633975905646,-0.0147495839768903,1309052,"QULA",3,"A",3.3,"AU",2,0,0,100,0,0,0,0,0,0,0,0,0,0,0,0,0,0,5.438356164,0,8.552985999,0.000855299,0.000706858,0.055163728,0.272950591,2912.499863,2329.404559,5241.904422,45,254.5877384,237.1304385,491.7181768,13.4112
"515","2893",-0.0390203139482904,0.122167394906561,0.131092107811762,1309053,"QULA",4,"A",4.2,"AU",0,0,0,67,0,1,0,0,0,0,0,0,0,0,0,0,0,0,5.438356164,1,13.8544236,0.001385442,0.001256637,0.036775819,0.236846015,3653.169601,3079.656154,6732.825756,50,305.6366341,272.2519812,577.8886153,13.4112
"516","2894",-0.0432144612113421,-0.0200570436837263,-0.00877080400674629,1309054,"QULA",7.2,"A",8.2,"A",0,0,0,100,0,0,0,0,0,0,0,0,0,0,0,0,0,0,5.438356164,0,52.81017251,0.005281017,0.004071504,0.183879093,2.224041852,3272.204368,2338.310974,5610.515342,45,373.1061633,281.9237674,655.0299307,13.4112
"517","2895",-0.0432144612113421,-0.0200570436837263,-0.00877080400674629,1309055,"QULA",2.9,"A",3.6,"A",0,0,0,100,0,0,0,0,0,0,0,0,0,0,0,0,0,0,5.438356164,0,10.1787602,0.001017876,0.00066052,0.128715365,0.657103274,3951.212496,2625.868804,6577.0813,50,334.8216852,243.0884585,577.9101436,13.4112
"518","2899",-0.043214461211342,-0.0200570436837263,-0.00877080400674628,1309060,"QULA",8.9,"A",9.9,"A",0,0,0,100,0,0,0,0,0,0,0,0,0,0,0,0,0,0,5.438356164,0,76.97687399,0.007697687,0.006221139,0.183879093,2.715064079,2160.858113,2196.083221,4356.941334,42,204.2048494,647.7938725,851.9987219,13.4112
"519","2902",-0.060524194115599,-0.0380067103928641,0.128296470681816,1309065,"QULA",9.6,"A",10.6,"A",0,0,0,100,0,0,0,0,0,0,0,0,0,0,0,0,0,0,5.438356164,1,88.24733764,0.008824734,0.007238229,0.183879093,2.917249702,1992.704366,2554.499672,4547.204039,51,1310.273288,316.5789174,1626.852206,13.4112
"520","2903",-0.0432144612113421,-0.0200570436837263,-0.00877080400674629,1309066,"QULA",12.6,"A",15.1,"A",0,0,0,100,0,0,0,0,0,0,0,0,0,0,0,0,0,0,5.438356164,0,179.0786352,0.017907864,0.012468981,0.459697733,10.00096742,1901.873069,2554.499672,4456.372741,51,733.9849001,300.3819067,1034.366807,13.4112
"521","2905",-0.0390203139482904,0.122167394906561,0.131092107811762,1309069,"QULA",21.6,"A",21.2,"AU",0,0,0,87,0,1,0,0,0,0,0,0,0,0,0,0,0,0,5.438356164,1,352.9893506,0.035298935,0.036643537,-0.073551637,-2.472441332,740.3320168,3288.886225,4029.218242,27,86.93214064,507.2953483,594.2274889,13.4112
"522","2906",-0.010276078735,-0.0249701991717411,-0.00922952053995891,1309070,"QULA",1.9,"A",3.3,"AU",1,0,0,100,0,0,0,0,0,0,0,0,0,0,0,0,0,0,5.438356164,0,8.552985999,0.000855299,0.000283529,0.25743073,1.051365239,1471.804742,2653.16139,4124.966132,44,192.0286188,223.585879,415.6144979,13.4112
"523","2907",-0.0432144612113421,-0.0200570436837263,-0.00877080400674629,1309071,"QULA",2,"A",4.6,"A",0,0,0,100,0,0,0,0,0,0,0,0,0,0,0,0,0,0,5.438356164,0,16.61902514,0.001661903,0.000314159,0.478085642,2.478218064,1517.224318,2894.789135,4412.013453,49,278.8609719,243.8020603,522.6630322,13.4112
"524","2908",-0.043214461211342,-0.0200570436837263,-0.0087708040067463,1309072,"QULA",4.5,"A",5.4,"A",0,0,0,100,0,0,0,0,0,0,0,0,0,0,0,0,0,0,5.438356164,0,22.90221044,0.002290221,0.001590431,0.165491184,1.286767072,1517.224318,2894.789135,4412.013453,49,278.8609719,243.8020603,522.6630322,13.4112
"525","2909",-0.043214461211342,-0.0200570436837263,-0.0087708040067463,1309073,"QULA",2.7,"A",3.6,"A",0,0,0,100,0,0,0,0,0,0,0,0,0,0,0,0,0,0,5.438356164,0,10.1787602,0.001017876,0.000572555,0.165491184,0.818851773,1546.566793,3013.612023,4560.178816,51,463.014066,252.7337306,715.7477966,13.4112
"526","2910",-0.043214461211342,-0.0200570436837263,-0.0087708040067463,1309075,"QULA",2.6,"A",3.9,"A",0,0,0,100,0,0,0,0,0,0,0,0,0,0,0,0,0,0,5.438356164,0,11.94590607,0.001194591,0.000530929,0.239042821,1.220334653,1458.625761,833.9986017,2292.624363,46,216.9860047,171.9455663,388.931571,13.4112
"527","2912",0.0197860933961664,-0.0519415718546191,0.12255193941441,1309077,"QULA",4.1,"A",4,"AU",2,0,0,100,0,0,0,0,0,0,0,0,0,0,0,0,0,0,5.438356164,1,12.56637061,0.001256637,0.001320254,-0.018387909,-0.116978825,1544.179183,1818.597301,3362.776484,48,421.2798144,160.0375783,581.3173927,13.4112
"528","2913",-0.043214461211342,-0.0200570436837263,-0.00877080400674629,1309078,"QULA",17.7,"A",18.1,"A",0,0,0,100,0,0,0,0,0,0,0,0,0,0,0,0,0,0,5.438356164,0,257.3042923,0.025730429,0.024605739,0.073551637,2.068070086,1222.464387,1620.700526,2843.164913,47,169.5528785,145.9820719,315.5349504,13.4112
"529","2915",0.0197860933961664,-0.0519415718546191,0.12255193941441,1309080,"QULA",2.8,"A",3.7,"AU",2,0,0,100,0,0,0,0,0,0,0,0,0,0,0,0,0,0,5.438356164,1,10.75210086,0.00107521,0.000615752,0.165491184,0.844847067,1505.843899,977.2159568,2483.059856,47,266.4753901,190.4270782,456.9024682,13.4112
"530","2916",0.0197860933961664,-0.0519415718546191,0.12255193941441,1309081,"QULA",1.8,"A",2.7,"AU",2,0,0,100,0,0,0,0,0,0,0,0,0,0,0,0,0,0,5.438356164,1,5.725552611,0.000572555,0.000254469,0.165491184,0.584894123,1510.870447,977.2159568,2488.086404,47,297.7755225,169.7704027,467.5459252,13.4112
"531","2917",-0.043214461211342,-0.0200570436837263,-0.00877080400674629,1309082,"QULA",2.1,"A",2.6,"A",0,0,0,100,0,0,0,0,0,0,0,0,0,0,0,0,0,0,5.438356164,0,5.309291585,0.000530929,0.000346361,0.091939547,0.33938301,1576.066348,1978.245186,3554.311534,48,280.6485403,188.9958422,469.6443825,13.4112
"532","2918",-0.043214461211342,-0.0200570436837263,-0.00877080400674629,1309083,"QULA",3.1,"A",3.8,"A",0,0,0,100,0,0,0,0,0,0,0,0,0,0,0,0,0,0,5.438356164,0,11.34114948,0.001134115,0.000754768,0.128715365,0.697540399,1476.980516,1852.070971,3329.051487,47,314.6294197,177.6621245,492.2915442,13.4112
"533","2919",-0.0390203139482904,0.122167394906561,0.131092107811762,1309084,"QULA",1.2,"A",1.2,"AU",0,0,0,89,0,1,0,0,0,0,0,0,0,0,0,0,0,0,5.438356164,1,1.130973355,0.000113097,0.000113097,0,0,1487.190692,1852.070971,3339.261663,47,366.3796443,177.5310335,543.9106778,13.4112
"534","2920",-0.043214461211342,-0.0200570436837263,-0.00877080400674629,1309085,"QULA",4.7,"A",5.8,"A",0,0,0,100,0,0,0,0,0,0,0,0,0,0,0,0,0,0,5.438356164,0,26.42079422,0.002642079,0.001734945,0.202267003,1.668031389,1461.900871,1852.070971,3313.971842,47,285.5690172,180.9930101,466.5620273,13.4112
"535","2921",-0.060524194115599,-0.0380067103928641,0.128296470681816,1309086,"QULA",2,"A",2.7,"A",0,0,0,100,0,0,0,0,0,0,0,0,0,0,0,0,0,0,5.438356164,1,5.725552611,0.000572555,0.000314159,0.128715365,0.475136214,1482.596113,1852.070971,3334.667084,47,353.6734149,181.05174,534.725155,13.4112
"536","2922",-0.0390203139482904,0.122167394906561,0.131092107811762,1309087,"QULA",4.9,"A",4.7,"AU",0,0,0,97,0,1,0,0,0,0,0,0,0,0,0,0,0,0,5.438356164,1,17.34944543,0.001734945,0.001885741,-0.036775819,-0.27728314,1382.347891,1878.491765,3260.839657,48,371.5188901,177.6058001,549.1246901,13.4112
"537","2923",-0.060524194115599,-0.0380067103928641,0.128296470681816,1309088,"QULA",6.6,"A",7,"A",0,0,0,100,0,0,0,0,0,0,0,0,0,0,0,0,0,0,5.438356164,1,38.48451001,0.003848451,0.003421194,0.073551637,0.785635563,1472.433061,1474.718569,2947.15163,47,295.0904663,150.8846602,445.9751265,13.4112
"538","2924",-0.038387381940165,0.100111989353028,-0.0211765268763416,1309089,"QULA",2.3,"A",2.5,"AU",0,0,0,14,0,1,0,0,0,0,0,0,0,0,0,0,0,0,5.438356164,0,4.908738521,0.000490874,0.000415476,0.036775819,0.13864157,1238.682859,1474.718569,2713.401429,45,286.3927288,150.7153656,437.1080944,13.4112
"539","2925",-0.043214461211342,-0.0200570436837263,-0.0087708040067463,1309090,"QULA",3.8,"A",5.1,"A",0,0,0,100,0,0,0,0,0,0,0,0,0,0,0,0,0,0,5.438356164,0,20.42820623,0.002042821,0.001134115,0.239042821,1.670919755,1553.179846,2782.689255,4335.869101,52,179.5747191,287.4276987,467.0024178,13.4112
"540","2926",-0.043214461211342,-0.0200570436837263,-0.0087708040067463,1309091,"QULA",3.3,"A",3.7,"A",0,0,0,100,0,0,0,0,0,0,0,0,0,0,0,0,0,0,5.438356164,0,10.75210086,0.00107521,0.000855299,0.073551637,0.404371246,1454.400319,1843.777166,3298.177485,49,182.0114157,206.44696,388.4583757,13.4112
"541","2930",-0.0160244577199244,-0.0426346407482652,0.122762133488252,1309103,"QULA",3.3,"A",4.2,"AU",1,0,0,100,0,0,0,0,0,0,0,0,0,0,0,0,0,0,5.438356164,1,13.8544236,0.001385442,0.000855299,0.165491184,0.974823539,1061.402786,3543.818615,4605.221401,23,146.5634407,429.4025803,575.966021,13.4112
"542","2931",-0.0432144612113421,-0.0200570436837263,-0.0087708040067463,1309105,"QULA",5.5,"A",5.6,"A",0,0,0,100,0,0,0,0,0,0,0,0,0,0,0,0,0,0,5.438356164,0,24.6300864,0.002463009,0.002375829,0.018387909,0.160304315,1109.932538,3583.567616,4693.500155,28,212.457831,475.647267,688.1050979,13.4112
"543","2932",-0.010276078735,-0.0249701991717411,-0.00922952053995887,1309107,"QULA",5,"A",6.4,"AU",1,0,0,100,0,0,0,0,0,0,0,0,0,0,0,0,0,0,5.438356164,0,32.16990877,0.003216991,0.001963495,0.25743073,2.304916101,1097.083425,3583.567616,4680.651041,27,189.1545618,464.5189263,653.6734882,13.4112
"544","2933",0.0154730195733715,-0.0345633975905647,-0.0147495839768903,1309108,"QULA",3.4,"A",5.3,"AU",2,0,0,100,0,0,0,0,0,0,0,0,0,0,0,0,0,0,5.438356164,0,22.06183441,0.002206183,0.00090792,0.349370277,2.387234533,1218.411733,3583.567616,4801.979349,28,143.5161529,524.1372684,667.6534213,13.4112
"545","2934",-0.010276078735,-0.0249701991717411,-0.00922952053995887,1309110,"QULA",3,"A",4.6,"AU",1,0,0,100,0,0,0,0,0,0,0,0,0,0,0,0,0,0,5.438356164,0,16.61902514,0.001661903,0.000706858,0.294206549,1.756126553,1447.905076,3558.340627,5006.245703,25,157.3419599,422.6599878,580.0019477,13.4112
"546","2935",-0.010276078735,-0.0249701991717411,-0.00922952053995887,1309112,"QULA",3.7,"A",4.8,"AU",1,0,0,100,0,0,0,0,0,0,0,0,0,0,0,0,0,0,5.438356164,0,18.09557368,0.001809557,0.00107521,0.202267003,1.350311125,1406.365367,3309.330139,4715.695507,22,147.0765585,401.611795,548.6883536,13.4112
"547","2936",-0.067892648420418,-0.0549248499234658,0.151076666933814,1309113,"QULA",2.7,"A",3.2,"AU",0,0,0,89,1,0,0,0,0,0,0,0,0,0,0,0,0,0,5.438356164,1,8.042477193,0.000804248,0.000572555,0.091939547,0.426033991,1038.720487,4073.946667,5112.667154,22,126.3580746,431.1954638,557.5535384,13.4112
"548","2937",-0.038387381940165,0.100111989353028,-0.0211765268763416,1309114,"QULA",22.8,"A",24,"AU",0,0,0,96,0,1,0,0,0,0,0,0,0,0,0,0,0,0,5.438356164,0,452.3893421,0.045238934,0.040828138,0.220654912,8.110531845,149.9953412,3212.097847,3362.093188,21,12.98437363,545.3014789,558.2858526,13.716
"549","2938",0.0197860933961664,-0.0519415718546191,0.12255193941441,1309115,"QULA",3.5,"A",4.3,"AU",2,0,0,91,0,0,0,0,0,0,0,0,0,0,0,0,0,0,5.438356164,1,14.52201204,0.001452201,0.000962113,0.147103275,0.901170205,647.0816928,4309.008484,4956.090177,21,93.6904374,444.5689989,538.2594363,13.716
"550","2946",0.0123310739890008,0.115811555947164,0.127852668008517,1311005,"QULA",27.6,"A",28.2,"AU",1,0,0,65,0,1,0,0,0,0,0,0,0,0,0,0,0,0,5.438356164,1,624.5800355,0.062458004,0.05982849,0.110327456,4.835124754,286.521104,5185.70133,5472.222434,12,23.87916927,621.3347797,645.213949,14.0208
"551","2949",0.00140265207779348,0.0934709252610171,-0.0193403460192346,1311009,"QULA",17.7,"A",19.1,"AU",1,0,0,72,0,1,0,0,0,0,0,0,0,0,0,0,0,0,5.438356164,0,286.521104,0.02865211,0.024605739,0.25743073,7.440430923,1542.671219,1021.724471,2564.395689,18,129.3129685,127.2902329,256.6032014,14.0208
"552","2950",-0.043214461211342,-0.0200570436837263,-0.0087708040067463,1311010,"QULA",3.9,"A",5.5,"A",0,0,0,100,0,0,0,0,0,0,0,0,0,0,0,0,0,0,5.438356164,0,23.75829444,0.002375829,0.001194591,0.294206549,2.172051263,1689.674193,3235.730477,4925.40467,21,155.1659988,283.2123842,438.378383,13.4112
"553","2954",-0.038387381940165,0.100111989353028,-0.0211765268763416,1311014,"QULA",4,"A",4.3,"AU",0,0,0,30,0,1,0,0,0,0,0,0,0,0,0,0,0,0,5.438356164,0,14.52201204,0.001452201,0.001256637,0.055163728,0.359601572,2435.048466,2671.445459,5106.493925,31,387.2332503,334.2507109,721.4839612,13.4112
"554","2956",-0.060524194115599,-0.038006710392864,0.128296470681816,1311016,"QULA",10.1,"A",10.3,"A",0,0,0,0,0,0,0,0,0,0,0,0,0,0,0,0,0,0,5.438356164,1,83.32289115,0.008332289,0.008011847,0.036775819,0.589226673,2366.247587,3336.811221,5703.058808,31,334.8104542,328.1234421,662.9338963,13.4112
"555","2958",-0.0390203139482904,0.122167394906561,0.131092107811762,1311018,"QULA",20.1,"A",20.1,"AU",0,0,0,86,0,1,0,0,0,0,0,0,0,0,0,0,0,0,5.438356164,1,317.308712,0.031730871,0.031730871,0,0,2567.121021,2055.928918,4623.049939,33,348.9769635,219.3223737,568.2993372,13.4112
"556","2960",-0.043214461211342,-0.0200570436837263,-0.00877080400674631,1311021,"QULA",26.4,"A",28.9,"A",0,0,0,95,0,0,0,0,0,0,0,0,0,0,0,0,0,0,5.438356164,0,655.9724001,0.06559724,0.05473911,0.459697733,19.96583026,2522.510405,2625.90022,5148.410625,33,245.9192773,241.1739266,487.0932039,13.4112
"557","2963",-0.043214461211342,-0.0200570436837263,-0.00877080400674631,1311029,"QULA",3.8,"A",5.3,"A",0,0,0,94,0,0,0,0,0,0,0,0,0,0,0,0,0,0,5.438356164,0,22.06183441,0.002206183,0.001134115,0.27581864,1.971309823,2650.852319,2257.674145,4908.526464,27,274.3488043,249.1454373,523.4942415,13.4112
"558","2969",-0.043214461211342,-0.0200570436837263,-0.00877080400674631,1311035,"QULA",14.8,"A",16.2,"A",0,0,0,92,0,0,0,0,0,0,0,0,0,0,0,0,0,0,5.438356164,0,206.119894,0.020611989,0.017203361,0.25743073,6.267754311,1651.118997,2065.848497,3716.967494,25,132.9913816,394.2417787,527.2331604,13.716
"559","2971",-0.0683108667975618,-0.0418557233500821,-0.0355707369132502,1311038,"QULA",3.2,"A",3.6,"AU",0,0,0,87,1,0,0,0,0,0,0,0,0,0,0,0,0,0,5.438356164,0,10.1787602,0.001017876,0.000804248,0.073551637,0.392817782,1221.003547,2705.971562,3926.975109,27,146.6315091,273.0100169,419.641526,13.716
"560","2974",0.0549541982933812,0.115110564286032,0.129116660419717,1311042,"QULA",11.2,"A",14.6,"AU",2,0,0,87,0,1,0,0,0,0,0,0,0,0,0,0,0,0,5.438356164,1,167.4154725,0.016741547,0.009852035,0.625188917,12.66837346,777.2457305,3480.19351,4257.43924,25,258.3321637,340.2782951,598.6104588,13.716
"561","2975",0.00140265207779345,0.0934709252610171,-0.0193403460192346,1311043,"QULA",3.7,"A",4.8,"AU",1,0,0,92,0,1,0,0,0,0,0,0,0,0,0,0,0,0,5.438356164,0,18.09557368,0.001809557,0.00107521,0.202267003,1.350311125,926.5656293,2749.576868,3676.142498,24,679.1034194,305.9516706,985.0550901,13.716
"562","2976",-0.043214461211342,-0.0200570436837263,-0.00877080400674631,1311044,"QULA",38.4,"A",25,"A",0,0,0,92,0,0,0,0,0,0,0,0,0,0,0,0,0,0,5.438356164,0,490.8738521,0.049087385,0.115811672,-2.463979849,-122.6920127,431.7255164,3506.991295,3938.716812,25,120.0485794,469.4718652,589.5204446,13.716
"563","2980",-0.043214461211342,-0.0200570436837263,-0.00877080400674632,1311048,"QULA",3.3,"A",4,"A",0,0,0,98,0,0,0,0,0,0,0,0,0,0,0,0,0,0,5.438356164,0,12.56637061,0.001256637,0.000855299,0.128715365,0.737977524,703.9131039,3304.240759,4008.153863,27,139.9601705,340.7019563,480.6621267,13.716
"564","2981",-0.043214461211342,-0.0200570436837263,-0.00877080400674632,1311049,"QULA",5.3,"A",4.7,"A",0,0,0,98,0,0,0,0,0,0,0,0,0,0,0,0,0,0,5.438356164,0,17.34944543,0.001734945,0.002206183,-0.110327456,-0.866509813,699.1300291,3451.652141,4150.78217,28,136.9050351,356.8569582,493.7619934,13.716
"565","3029",0.0314978293204576,-0.0581428735463296,-0.058011668899673,1313044,"QULA",17.3,"A",18.6,"AU",1,0,0,94,0,0,1,0,0,0,0,0,0,0,0,0,0,0,5.438356164,0,271.7163486,0.027171635,0.023506182,0.239042821,6.740002158,2452.649239,5137.305095,7589.954333,22,188.6959243,588.1714159,776.8673402,13.716
"566","305",0.0184690411487363,-0.0470007793754714,-0.0211505352092178,301078,"QULA",2.6,"A",3,"AU",3,0,0,88,0,0,0,0,0,0,0,0,0,0,0,0,0,0,5.482191781,0,7.068583471,0.000706858,0.000530929,0.072963518,0.320910314,1070.301347,5855.653817,6925.955164,34,85.62978171,727.1435701,812.7733518,12.192
"567","3064",-0.0390203139482904,0.122167394906561,0.131092107811762,1315034,"QULA",15.4,"A",16.2,"AU",0,0,0,76,0,1,0,0,0,0,0,0,0,0,0,0,0,0,5.438356164,1,206.119894,0.020611989,0.018626503,0.147103275,3.650894677,1552.826417,8244.560141,9797.386557,41,136.4546241,1759.242606,1895.69723,13.716
"568","3071",-0.060524194115599,-0.038006710392864,0.128296470681816,1315041,"QULA",19,"A",20.2,"A",0,0,0,100,0,0,0,0,0,0,0,0,0,0,0,0,0,0,5.438356164,1,320.4738666,0.032047387,0.028352874,0.220654912,6.79343693,206.119894,3920.44845,4126.568344,13,14.41640209,422.8454264,437.2618284,13.716
"569","31",-0.0432144612113426,-0.0200570436837263,-0.00877080400674749,103030,"QULA",20.8,"A",21.4,"A",0,0,0,87,0,0,0,0,0,0,0,0,0,0,0,0,0,0,5.542465753,0,359.6809429,0.035968094,0.033979466,0.108255067,3.587984551,325.3511892,3225.920854,3551.272044,20,54.91448753,333.0846032,387.9990907,11.8872
"570","3122",-0.0390203139482904,0.122167394906561,0.131092107811762,1317007,"QULA",12.9,"A",13.3,"AU",0,0,0,83,0,1,0,0,0,0,0,0,0,0,0,0,0,0,5.438356164,1,138.9290811,0.013892908,0.013069811,0.073551637,1.513503806,430.4374634,7115.534573,7545.972036,32,99.94609609,732.7551363,832.7012324,13.4112
"571","3123",-0.043214461211342,-0.0200570436837263,-0.00877080400674633,1317008,"QULA",15.2,"A",16.2,"A",0,0,0,100,0,0,0,0,0,0,0,0,0,0,0,0,0,0,5.438356164,0,206.119894,0.020611989,0.018145839,0.183879093,4.534734685,363.2466506,6782.297986,7145.544637,29,82.98780578,699.5813999,782.5692057,13.4112
"572","3130",-0.060524194115599,-0.038006710392864,0.128296470681816,1317017,"QULA",6.2,"A",16.9,"A",0,0,0,90,0,0,0,0,0,0,0,0,0,0,0,0,0,0,5.438356164,1,224.3175694,0.022431757,0.003019071,1.967506297,35.69587173,573.3249513,9732.646187,10305.97114,45,61.77586392,1014.202863,1075.978726,13.716
"573","317",-0.0432144612113426,-0.0200570436837264,-0.00877080400674634,301094,"QULA",8.4,"A",9.9,"A",0,0,0,97,0,0,0,0,0,0,0,0,0,0,0,0,0,0,5.482191781,0,76.97687399,0.007697687,0.005541769,0.273613193,3.932583982,805.1116573,6346.975346,7152.087003,43,62.07314854,863.2829004,925.3560489,12.192
"574","3182",0.0534090696672621,-0.0774405283681793,0.109938286365719,1317079,"QULA",21.8,"A",22.2,"AU",1,0,0,95,0,0,1,0,0,0,0,0,0,0,0,0,0,0,5.438356164,1,387.0756308,0.038707563,0.037325262,0.073551637,2.541762117,14.52201204,8584.339094,8598.861106,32,1.438515615,855.991384,857.4298996,13.716
"575","32",-0.0432144612113426,-0.0200570436837264,-0.00877080400674628,103031,"QULA",7.6,"A",8.7,"A",0,0,0,98,0,0,0,0,0,0,0,0,0,0,0,0,0,0,5.542465753,0,59.44678699,0.005944679,0.00453646,0.198467622,2.540780529,625.5853451,3885.835953,4511.421298,19,153.2814935,376.8989012,530.1803947,11.8872
"576","3244",-0.043214461211342,-0.0200570436837263,-0.00877080400674633,1319039,"QULA",34.3,"A",36.2,"A",0,0,0,96,0,0,0,0,0,0,0,0,0,0,0,0,0,0,5.438356164,0,1029.217169,0.102921717,0.092401309,0.349370277,19.34483156,0,5562.778842,5562.778842,17,0,684.2082296,684.2082296,12.8016
"577","3263",0.0719787058213116,-0.0679512900511631,-0.0555679498846144,1321015,"QULA",32.4,"A",34,"AU",1,1,0,92,0,0,1,0,0,0,0,0,0,0,0,0,0,0,5.460273973,0,907.9202769,0.090792028,0.082447958,0.29302559,15.28141286,0,9755.273508,9755.273508,34,0,1227.671297,1227.671297,13.1064
"578","332",-0.0432144612113426,-0.0200570436837264,-0.00877080400674634,301117,"QULA",12.6,"A",14.3,"A",0,0,0,90,0,0,0,0,0,0,0,0,0,0,0,0,0,0,5.482191781,0,160.6060704,0.016060607,0.012468981,0.310094953,6.551441367,440.027175,6294.895594,6734.922769,32,45.87867815,744.0180418,789.89672,11.8872
"579","3357",-0.038387381940165,0.100111989353028,-0.0211765268763416,1501007,"QULA",10,"A",11.2,"AU",0,0,0,42,0,1,0,0,0,0,0,0,0,0,0,0,0,0,5.438356164,0,98.52034562,0.009852035,0.007853982,0.220654912,3.674001605,2064.152037,6645.238153,8709.39019,26,251.1066417,615.3007465,866.4073882,12.192
"580","3358",0.106719160094331,0.109803249898191,0.129918163693937,1501009,"QULA",4.8,"A",5.1,"AU",2,1,0,20,0,1,0,0,0,0,0,0,0,0,0,0,0,0,5.438356164,1,20.42820623,0.002042821,0.001809557,0.055163728,0.428922357,2264.96264,7384.462758,9649.425397,30,350.3783034,658.0630681,1008.441372,12.192
"581","3359",0.048561116909108,-0.0430566420758165,-0.0155121250291673,1501012,"QULA",5.9,"A",5.6,"AU",2,1,0,99,0,0,0,0,0,0,0,0,0,0,0,0,0,0,5.438356164,0,24.6300864,0.002463009,0.002733971,-0.055163728,-0.498243142,2163.991852,7149.400942,9313.392793,28,298.8905292,631.9631085,930.8536377,12.192
"582","3360",-0.0912433882533411,0.151046726060484,-0.0437310056263659,1501015,"QULA",10,"A",9.1,"AU",0,0,0,67,0,1,0,0,1,0,0,0,0,0,0,0,0,0,5.438356164,0,65.03882191,0.006503882,0.007853982,-0.165491184,-2.482550613,2148.213203,5528.268447,7676.481649,27,338.3758329,517.4313625,855.8071954,12.192
"583","3361",-0.043214461211342,-0.0200570436837263,-0.00877080400674633,1501016,"QULA",10.2,"A",11.1,"A",0,0,0,99,0,0,0,0,0,0,0,0,0,0,0,0,0,0,5.438356164,0,96.76890771,0.009676891,0.008171282,0.165491184,2.768498851,2177.304351,4969.551901,7146.856252,26,298.8247283,479.2136826,778.038411,12.192
"584","3362",-0.0700633057990573,0.120818148264216,-0.0336363194857542,1501018,"QULA",4.5,"A",4.8,"AU",0,0,1,83,0,1,0,0,0,0,0,0,0,0,0,0,0,0,5.438356164,0,18.09557368,0.001809557,0.001590431,0.055163728,0.402927063,1412.766362,6662.697554,8075.463916,33,191.3019936,600.728918,792.0309116,12.192
"585","3365",-0.043214461211342,-0.0200570436837263,-0.00877080400674633,1501023,"QULA",10.3,"A",11.6,"A",0,0,0,97,0,0,0,0,0,0,0,0,0,0,0,0,0,0,5.438356164,0,105.6831769,0.010568318,0.008332289,0.239042821,4.11158906,1764.577616,4548.657025,6313.234641,35,240.2279803,503.6930956,743.921076,12.192
"586","3367",-0.0912433882533411,0.151046726060484,-0.0437310056263659,1501025,"QULA",15.9,"A",14.9,"AU",0,0,0,30,0,1,0,0,1,0,0,0,0,0,0,0,0,0,5.438356164,0,174.3662463,0.017436625,0.019855651,-0.183879093,-4.448083704,1904.347073,3715.208202,5619.555275,34,252.0562065,536.8358005,788.8920071,12.192
"587","3370",0.0197860933961664,-0.0519415718546191,0.12255193941441,1501030,"QULA",9.1,"A",9.7,"AU",2,0,0,92,0,0,0,0,0,0,0,0,0,0,0,0,0,0,5.438356164,1,73.89811319,0.007389811,0.006503882,0.110327456,1.629038448,2071.291306,3184.404707,5255.696014,36,319.9700999,422.6611261,742.6312261,11.8872
"588","3371",0.048561116909108,-0.0430566420758165,-0.0155121250291673,1501031,"QULA",15.7,"A",16.9,"AU",2,1,0,99,0,0,0,0,0,0,0,0,0,0,0,0,0,0,5.438356164,0,224.3175694,0.022431757,0.019359279,0.220654912,5.649643978,1753.456378,3317.922395,5071.378773,35,231.6515931,612.9539187,844.6055119,11.8872
"589","3372",-0.043214461211342,-0.0200570436837263,-0.00877080400674633,1501033,"QULA",11.2,"A",12.5,"A",0,0,0,100,0,0,0,0,0,0,0,0,0,0,0,0,0,0,5.438356164,0,122.718463,0.012271846,0.009852035,0.239042821,4.449527887,1756.535138,3339.98423,5096.519368,35,284.7557933,510.1517441,794.9075374,11.8872
"590","3375",-0.038387381940165,0.100111989353028,-0.0211765268763415,1501036,"QULA",8.7,"A",8.8,"AU",0,0,0,52,0,1,0,0,0,0,0,0,0,0,0,0,0,0,5.438356164,0,60.82123377,0.006082123,0.005944679,0.018387909,0.252732029,1932.495743,3933.760949,5866.256692,36,390.6198406,451.7921141,842.4119547,11.8872
"591","3376",-0.043214461211342,-0.0200570436837263,-0.00877080400674632,1501037,"QULA",15.3,"A",18,"A",0,0,0,99,0,0,0,0,0,0,0,0,0,0,0,0,0,0,5.438356164,0,254.4690049,0.0254469,0.018385386,0.496473552,12.98464954,1585.334047,3825.305317,5410.639364,33,273.3318987,540.8174149,814.1493136,11.8872
"592","3378",-0.010276078735,-0.0249701991717411,-0.00922952053995883,1501041,"QULA",8.1,"A",9.2,"AU",1,0,0,100,0,0,0,0,0,0,0,0,0,0,0,0,0,0,5.438356164,0,66.47610055,0.00664761,0.005152997,0.202267003,2.748280289,1676.39311,6332.099905,8008.493015,29,132.3445181,713.9992811,846.3437992,11.8872
"593","3381",0.048561116909108,-0.0430566420758165,-0.0155121250291673,1501059,"QULA",30,"A",31.1,"AU",2,1,0,100,0,0,0,0,0,0,0,0,0,0,0,0,0,0,5.438356164,0,759.6449576,0.075964496,0.070685835,0.202267003,9.706354083,177.6963345,5564.585258,5742.281592,15,14.59250021,620.6291738,635.221674,11.8872
"594","3385",-0.043214461211342,-0.0200570436837263,-0.00877080400674633,1501064,"QULA",10.6,"A",11.9,"A",0,0,0,100,0,0,0,0,0,0,0,0,0,0,0,0,0,0,5.438356164,0,111.2202339,0.011122023,0.008824734,0.239042821,4.224235336,1379.74037,5900.939875,7280.680245,18,121.1243339,577.7448558,698.8691897,12.192
"595","3387",0.048561116909108,-0.0430566420758165,-0.0155121250291673,1501071,"QULA",5.1,"A",5.8,"AU",2,1,0,99,0,0,0,0,0,0,0,0,0,0,0,0,0,0,5.438356164,0,26.42079422,0.002642079,0.002042821,0.128715365,1.101911645,704.8948516,5803.283467,6508.178319,20,131.9965411,648.3001387,780.2966798,12.192
"596","3389",-0.043214461211342,-0.0200570436837263,-0.00877080400674632,1501076,"QULA",23.7,"A",25.8,"A",0,0,0,100,0,0,0,0,0,0,0,0,0,0,0,0,0,0,5.438356164,0,522.7924335,0.052279243,0.044115029,0.386146096,15.0122825,137.6410281,8109.133935,8246.774963,24,15.19738773,745.2523342,760.4497219,12.192
"597","3399",0.148310494231708,0.110340733623648,0.132830979329609,1503007,"QULA",24.1,"A",24.7,"AU",2,2,0,85,0,1,0,0,0,0,0,0,0,0,0,0,0,0,5.438356164,1,479.1635655,0.047916357,0.045616711,0.110327456,4.228567885,2227.664081,3169.85128,5397.51536,24,196.7877668,431.8829605,628.6707273,12.4968
"598","340",-0.0432144612113426,-0.0200570436837264,-0.00877080400674634,303007,"QULA",1.3,"A",2.8,"A",0,0,0,100,0,0,0,0,0,0,0,0,0,0,0,0,0,0,5.482191781,0,6.157521601,0.000615752,0.000132732,0.273613193,0.881070728,474.7339199,4581.714434,5056.448354,20,68.97064346,386.1830506,455.1536941,11.8872
"599","3403",0.00140265207779344,0.0934709252610171,-0.0193403460192346,1503013,"QULA",10.9,"A",12.3,"AU",1,0,0,95,0,1,0,0,0,0,0,0,0,0,0,0,0,0,5.438356164,0,118.8228881,0.011882289,0.009331316,0.25743073,4.690706452,1889.4088,6095.32592,7984.73472,20,170.939808,776.6235949,947.5634029,12.192
"600","3408",0.00140265207779344,0.0934709252610171,-0.0193403460192346,1503021,"QULA",11,"A",11.1,"AU",1,0,0,90,0,1,0,0,0,0,0,0,0,0,0,0,0,0,5.438356164,0,96.76890771,0.009676891,0.009503318,0.018387909,0.319164448,1542.953962,5884.485784,7427.439745,18,241.9004643,743.4887706,985.3892349,12.192
"601","341",-0.0432144612113426,-0.0200570436837264,-0.00877080400674634,303008,"QULA",2.4,"A",2.8,"A",0,0,0,98,0,0,0,0,0,0,0,0,0,0,0,0,0,0,5.482191781,0,6.157521601,0.000615752,0.000452389,0.072963518,0.297988149,488.5883435,4581.714434,5070.302777,21,70.7286929,385.478054,456.2067469,11.8872
"602","3411",0.00140265207779343,0.0934709252610171,-0.0193403460192346,1503025,"QULA",37.5,"A",38.5,"AU",1,0,0,85,0,1,0,0,0,0,0,0,0,0,0,0,0,0,5.438356164,0,1164.156428,0.116415643,0.110446617,0.183879093,10.97579096,520.9781637,7151.874946,7672.85311,20,52.29329435,729.8717323,782.1650266,12.192
"603","343",0.0485611169091085,-0.0430566420758161,-0.0155121250291675,303011,"QULA",2.1,"A",2.4,"AU",2,1,0,73,0,0,0,0,0,0,0,0,0,0,0,0,0,0,5.482191781,0,4.523893421,0.000452389,0.000346361,0.054722639,0.19340577,352.9343727,2904.936479,3257.870852,20,89.31104807,420.9039535,510.2150016,11.8872
"604","3433",-0.043214461211342,-0.0200570436837263,-0.00877080400674632,1503057,"QULA",12.7,"A",13.7,"A",0,0,0,95,0,0,0,0,0,0,0,0,0,0,0,0,0,0,5.438356164,0,147.4113813,0.014741138,0.012667687,0.183879093,3.812643175,0,8304.109029,8304.109029,12,0,688.4735954,688.4735954,12.4968
"605","3435",0.141820474539663,-0.0924678640940116,-0.0663887017802108,1505001,"QULA",2.6,"A",3.7,"AU",2,2,0,94,0,0,1,0,0,0,0,0,0,0,0,0,0,0,5.438356164,0,10.75210086,0.00107521,0.000530929,0.202267003,1.000818833,3435.739974,4147.742679,7583.482653,25,551.606668,593.2437606,1144.850429,13.1064
"606","3436",0.0402084099371072,0.0885191601261956,-0.0186259122466661,1505002,"QULA",9,"A",10.3,"AU",1,1,0,72,0,1,0,0,0,0,0,0,0,0,0,0,0,0,5.438356164,0,83.32289115,0.008332289,0.006361725,0.239042821,3.623455199,2733.531184,3907.07312,6640.604303,26,284.4586112,722.3929957,1006.851607,13.1064
"607","3437",0.266043681545383,0.114271450238301,-0.105724431260647,1505004,"QULA",25.1,"A",23,"AU",2,2,0,18,1,1,1,0,0,0,0,0,0,0,0,0,0,0,5.438356164,0,415.4756284,0.041547563,0.04948087,-0.386146096,-14.58769269,2449.350566,4490.812451,6940.163017,26,239.0026819,529.0940463,768.0967282,13.1064
"608","3440",0.108830399273619,-0.0791479844606891,-0.0599074695109704,1505009,"QULA",2.1,"A",3.8,"AU",2,1,0,81,0,0,1,0,0,0,0,0,0,0,0,0,0,0,5.438356164,0,11.34114948,0.001134115,0.000346361,0.312594458,1.44851557,2930.077074,3361.213542,6291.290616,26,931.6396895,356.0014993,1287.641189,13.1064
"609","3441",0.0212395459122681,-0.0333448175932699,-0.0103431934648925,1505010,"QULA",26.6,"A",28.5,"AU",1,1,0,97,0,0,0,0,0,0,0,0,0,0,0,0,0,0,5.438356164,0,637.9396582,0.063793966,0.055571632,0.349370277,15.11915205,2303.478565,3361.213542,5664.692107,26,280.9066569,344.905685,625.8123419,13.1064
"610","3442",-0.043214461211342,-0.0200570436837263,-0.0087708040067463,1505011,"QULA",17.1,"A",18.4,"A",0,0,0,97,0,0,0,0,0,0,0,0,0,0,0,0,0,0,5.438356164,0,265.9044022,0.02659044,0.022965828,0.239042821,6.664904641,3019.117664,3494.417071,6513.534735,29,348.3766686,535.2176332,883.5943018,13.1064
"611","3444",0.141820474539663,-0.0924678640940117,-0.0663887017802108,1505014,"QULA",16,"A",16.4,"AU",2,2,0,83,0,0,1,0,0,0,0,0,0,0,0,0,0,0,5.438356164,0,211.24069,0.021124069,0.020106193,0.073551637,1.871661195,2761.562044,3875.437282,6636.999326,28,436.3875452,322.5028486,758.8903938,13.1064
"612","3447",-0.043214461211342,-0.0200570436837263,-0.00877080400674631,1505017,"QULA",10.8,"A",11,"A",0,0,0,97,0,0,0,0,0,0,0,0,0,0,0,0,0,0,5.438356164,0,95.03317777,0.009503318,0.009160884,0.036775819,0.629663797,2001.783569,2761.137929,4762.921498,22,368.9647299,318.8077495,687.7724794,13.1064
"613","3449",-0.038387381940165,0.100111989353028,-0.0211765268763415,1505019,"QULA",29.1,"A",29.1,"AU",0,0,0,21,0,1,0,0,0,0,0,0,0,0,0,0,0,0,5.438356164,0,665.0830187,0.066508302,0.066508302,0,0,2117.213537,2486.492045,4603.705583,27,279.3732655,219.2755679,498.6488334,13.1064
"614","345",0.0212395459122681,-0.03334481759327,-0.0103431934648927,303014,"QULA",4.3,"A",4.9,"AU",1,1,0,84,0,0,0,0,0,0,0,0,0,0,0,0,0,0,5.482191781,0,18.8574099,0.001885741,0.001452201,0.109445277,0.790814702,1109.367052,4914.471928,6023.83898,30,98.0237549,635.0466574,733.0704123,12.192
"615","3450",0.0719787058213116,-0.0679512900511632,-0.0555679498846144,1505020,"QULA",10.3,"A",10.3,"AU",1,1,0,93,0,0,1,0,0,0,0,0,0,0,0,0,0,0,5.438356164,0,83.32289115,0.008332289,0.008332289,0,0,2499.726005,2504.587619,5004.313624,27,538.7027815,251.0353067,789.7380882,13.1064
"616","3452",0.0212395459122681,-0.0333448175932699,-0.0103431934648925,1505023,"QULA",10.7,"A",12,"AU",1,1,0,97,0,0,0,0,0,0,0,0,0,0,0,0,0,0,5.438356164,0,113.0973355,0.011309734,0.008992024,0.239042821,4.261784095,2494.298903,2907.28482,5401.583723,31,257.5646081,245.6199614,503.1845696,13.1064
"617","3453",0.0740849815369315,-0.0551053752455034,-0.022703145764308,1505025,"QULA",2.5,"A",3.2,"AU",2,2,0,87,0,0,0,0,0,0,0,0,0,0,0,0,0,0,5.438356164,0,8.042477193,0.000804248,0.000490874,0.128715365,0.576229025,2751.697443,2354.050353,5105.747797,27,311.0208777,226.849173,537.8700506,13.1064
"618","3454",-0.0118641267365933,-0.0286302487938526,-0.00981200096876204,1505027,"QULA",13.4,"A",17.2,"AU",0,1,0,100,0,0,0,0,0,0,0,0,0,0,0,0,0,0,5.438356164,0,232.3521927,0.023235219,0.014102609,0.698740554,16.79296017,3576.718944,2109.689423,5686.408367,28,306.0332369,396.1056077,702.1388446,13.1064
"619","3459",0.0212395459122681,-0.0333448175932699,-0.0103431934648925,1505032,"QULA",17,"A",18.4,"AU",1,1,0,96,0,0,0,0,0,0,0,0,0,0,0,0,0,0,5.438356164,0,265.9044022,0.02659044,0.022698007,0.25743073,7.157371051,2815.628854,2022.384563,4838.013417,28,466.7656988,218.2263504,684.9920492,13.4112
"620","3460",0.0402084099371072,0.0885191601261956,-0.018625912246666,1505033,"QULA",11,"A",11.4,"AU",1,1,0,22,0,1,0,0,0,0,0,0,0,0,0,0,0,0,5.438356164,0,102.0703453,0.010207035,0.009503318,0.073551637,1.293987987,2979.462911,1592.331944,4571.794855,27,741.3923967,190.715346,932.1077427,13.1064
"621","3461",-0.0432144612113421,-0.0200570436837263,-0.00877080400674631,1505034,"QULA",8.2,"A",9.1,"A",0,0,0,96,0,0,0,0,0,0,0,0,0,0,0,0,0,0,5.438356164,0,65.03882191,0.006503882,0.005281017,0.165491184,2.248592963,3016.494434,1925.615655,4942.110089,27,677.4711339,212.7194427,890.1905766,13.1064
"622","3468",-0.0118641267365933,-0.0286302487938526,-0.00981200096876203,1505042,"QULA",15.9,"A",18,"AU",0,1,0,97,0,0,0,0,0,0,0,0,0,0,0,0,0,0,5.438356164,0,254.4690049,0.0254469,0.019855651,0.386146096,10.28113893,2518.677662,2752.608505,5271.286167,33,270.891838,361.396496,632.2883339,13.1064
"623","3470",-0.0432144612113421,-0.0200570436837263,-0.0087708040067463,1505047,"QULA",22.4,"A",22.5,"A",0,0,0,98,0,0,0,0,0,0,0,0,0,0,0,0,0,0,5.438356164,0,397.6078202,0.039760782,0.039408138,0.018387909,0.648438176,1530.701751,4586.984456,6117.686206,31,291.1592698,412.4678043,703.6270741,12.4968
"624","3471",0.163512690430888,0.121392317744619,-0.0586298718578612,1505048,"QULA",12.2,"A",12.3,"AU",2,3,0,12,1,1,0,0,0,0,0,0,0,0,0,0,0,0,5.438356164,0,118.8228881,0.011882289,0.011689866,0.018387909,0.35382484,1871.627385,2961.07674,4832.704125,34,246.0478289,480.235401,726.2832299,13.1064
"625","3472",0.0740849815369315,-0.0551053752455034,-0.0227031457643079,1505050,"QULA",5.9,"A",6.9,"AU",2,2,0,96,0,0,0,0,0,0,0,0,0,0,0,0,0,0,5.438356164,0,37.39280656,0.003739281,0.002733971,0.183879093,1.848554267,1658.564572,3820.585074,5479.149645,27,446.8097109,369.5757519,816.3854628,12.4968
"626","3473",-0.043214461211342,-0.0200570436837263,-0.0087708040067463,1505051,"QULA",15.7,"A",17.5,"A",0,0,0,96,0,0,0,0,0,0,0,0,0,0,0,0,0,0,5.438356164,0,240.5281875,0.024052819,0.019359279,0.330982368,8.630437733,1774.371531,4509.98402,6284.35555,32,388.926841,408.5350754,797.4619164,12.4968
"627","3474",0.141820474539663,-0.0924678640940118,-0.0663887017802108,1505052,"QULA",8.3,"A",8.5,"AU",2,2,0,91,0,0,1,0,0,0,0,0,0,0,0,0,0,0,5.438356164,0,56.74501731,0.005674502,0.005410608,0.036775819,0.485245495,1639.212361,3820.585074,5459.797435,27,294.6335948,387.309595,681.9431899,12.4968
"628","3475",-0.043214461211342,-0.0200570436837263,-0.00877080400674631,1505053,"QULA",7.1,"A",7.9,"A",0,0,0,98,0,0,0,0,0,0,0,0,0,0,0,0,0,0,5.438356164,0,49.01669938,0.00490167,0.003959192,0.147103275,1.733019625,1270.986286,4131.901198,5402.887484,32,249.6839781,398.5350485,648.2190266,12.4968
"629","348",0.109250469069282,0.0995103633010583,-0.0664889894244793,303021,"QULA",19.8,"A",21.5,"AU",1,1,0,85,0,1,1,0,0,0,0,0,0,0,0,0,0,0,5.482191781,0,363.050301,0.03630503,0.03079075,0.310094953,10.05853266,160.6060704,5499.334378,5659.940449,28,17.30906281,665.0546615,682.3637243,12.192
"630","3481",-0.043214461211342,-0.0200570436837263,-0.00877080400674631,1505065,"QULA",8.7,"A",8.9,"A",0,0,0,96,0,0,0,0,0,0,0,0,0,0,0,0,0,0,5.438356164,0,62.21138852,0.006221139,0.005944679,0.036775819,0.508352423,2064.230577,3863.42069,5927.651267,41,204.5633343,482.6542665,687.2176008,13.1064
"631","3486",-0.0118641267365933,-0.0286302487938526,-0.00981200096876204,1505070,"QULA",9.2,"A",10.5,"AU",0,1,0,98,0,0,0,0,0,0,0,0,0,0,0,0,0,0,5.438356164,0,86.59014751,0.008659015,0.00664761,0.239042821,3.698552716,1683.445985,5204.943585,6888.38957,38,159.6480179,594.7111963,754.3592143,12.4968
"632","3490",0.0740849815369315,-0.0551053752455034,-0.022703145764308,1505074,"QULA",8.3,"A",8.8,"AU",2,2,0,93,0,0,0,0,0,0,0,0,0,0,0,0,0,0,5.438356164,0,60.82123377,0.006082123,0.005410608,0.091939547,1.234776483,1441.12709,5556.134373,6997.261463,39,226.3140042,606.2710988,832.585103,12.4968
"633","3491",0.0212395459122681,-0.0333448175932699,-0.0103431934648925,1505076,"QULA",6.8,"A",7.3,"AU",1,1,0,100,0,0,0,0,0,0,0,0,0,0,0,0,0,0,5.438356164,0,41.85386813,0.004185387,0.003631681,0.091939547,1.01814903,1565.777633,5953.742194,7519.519826,41,261.9393329,644.366392,906.3057248,12.4968
"634","3492",0.242551214643383,0.105916668328734,-0.0930821333217181,1505078,"QULA",3.4,"A",4.6,"AU",3,3,0,82,0,1,1,0,0,0,0,0,0,0,0,0,0,0,5.438356164,0,16.61902514,0.001661903,0.00090792,0.220654912,1.3864157,1538.555732,4296.921206,5835.476938,38,204.4891461,536.7300057,741.2191518,13.1064
"635","3499",-0.0118641267365933,-0.0286302487938526,-0.00981200096876203,1505086,"QULA",17.5,"A",17.9,"AU",0,1,0,88,0,0,0,0,0,0,0,0,0,0,0,0,0,0,5.438356164,0,251.6494255,0.025164943,0.024052819,0.073551637,2.044963158,1084.265727,4783.836651,5868.102378,42,136.5620489,861.881319,998.4433679,13.1064
"636","3501",-0.038387381940165,0.100111989353028,-0.0211765268763415,1505088,"QULA",23.2,"A",23.4,"AU",0,0,0,86,0,1,0,0,0,0,0,0,0,0,0,0,0,0,5.438356164,0,430.0526183,0.043005262,0.042273271,0.036775819,1.345978575,1485.258613,4144.718896,5629.977509,36,128.7272083,644.4125998,773.1398082,13.1064
"637","3507",0.141820474539663,-0.0924678640940118,-0.0663887017802108,1505099,"QULA",5,"A",5.3,"AU",2,2,0,92,0,0,1,0,0,0,0,0,0,0,0,0,0,0,5.438356164,0,22.06183441,0.002206183,0.001963495,0.055163728,0.446252553,2067.576373,4548.861229,6616.437602,25,204.8548082,507.6076925,712.4625007,13.1064
"638","3508",0.192505250851569,0.0957867794805619,-0.0746046502248154,1505100,"QULA",10.6,"A",11,"AU",2,2,0,68,0,1,1,0,0,0,0,0,0,0,0,0,0,0,5.438356164,0,95.03317777,0.009503318,0.008824734,0.073551637,1.24777413,1728.386468,4454.165772,6182.552241,21,210.5599133,750.8796066,961.4395199,13.1064
"639","3513",-0.043214461211342,-0.0200570436837264,-0.00877080400674629,1507001,"QULA",7.9,"A",8.1,"A",0,0,0,100,0,0,0,0,0,0,0,0,0,0,0,0,0,0,5.438356164,0,51.5299735,0.005152997,0.00490167,0.036775819,0.462138567,5132.781201,1336.928316,6469.709517,33,524.2321979,144.3515204,668.5837183,13.716
"640","3515",-0.0500016073812436,0.134118172314097,-0.0437556236148197,1507005,"QULA",18.2,"A",17.4,"AU",0,0,0,67,1,1,0,0,0,0,0,0,0,0,0,0,0,0,5.438356164,0,237.787148,0.023778715,0.026015529,-0.147103275,-4.113033243,4952.752234,752.0265954,5704.77883,28,528.3780401,455.8445275,984.2225676,13.716
"641","3516",-0.0432144612113421,-0.0200570436837264,-0.00877080400674629,1507006,"QULA",14.4,"A",16.4,"A",0,0,0,100,0,0,0,0,0,0,0,0,0,0,0,0,0,0,5.438356164,0,211.24069,0.021124069,0.016286016,0.367758186,8.896167408,4089.77244,752.0265954,4841.799036,26,539.2125512,145.2019334,684.4144846,13.716
"642","3517",0.00469763960886326,0.124614673610941,-0.0412666759538853,1507007,"QULA",2.5,"A",2.5,"AU",1,0,0,60,1,1,0,0,0,0,0,0,0,0,0,0,0,0,5.438356164,0,4.908738521,0.000490874,0.000490874,0,0,3639.731439,752.0265954,4391.758034,25,975.465755,114.2187792,1089.684534,13.716
"643","3518",-0.0432144612113421,-0.0200570436837264,-0.0087708040067463,1507008,"QULA",15.5,"A",15.9,"A",0,0,0,87,0,0,0,0,0,0,0,0,0,0,0,0,0,0,5.438356164,0,198.5565097,0.019855651,0.018869191,0.073551637,1.813893874,3352.770512,752.0265954,4104.797107,24,503.4219691,111.8453674,615.2673365,13.716
"644","3519",-0.0432144612113421,-0.0200570436837264,-0.0087708040067463,1507009,"QULA",8.1,"A",9.4,"A",0,0,0,92,0,0,0,0,0,0,0,0,0,0,0,0,0,0,5.438356164,0,69.39778172,0.006939778,0.005152997,0.239042821,3.285516372,4850.870385,759.5742718,5610.444656,30,594.7600307,89.23627076,683.9963014,13.716
"645","3520",-0.0432144612113421,-0.0200570436837264,-0.0087708040067463,1507011,"QULA",1.9,"A",2.3,"A",0,0,0,97,0,0,0,0,0,0,0,0,0,0,0,0,0,0,5.438356164,0,4.154756284,0.000415476,0.000283529,0.073551637,0.242622748,4437.782367,609.3040412,5047.086408,29,586.622759,59.57176009,646.1945191,13.1064
"646","3521",-0.0432144612113421,-0.0200570436837264,-0.0087708040067463,1507012,"QULA",2.8,"A",3.5,"A",0,0,0,90,0,0,0,0,0,0,0,0,0,0,0,0,0,0,5.438356164,0,9.621127502,0.000962113,0.000615752,0.128715365,0.636884712,5495.80794,662.0906517,6157.898592,33,537.033566,60.75500223,597.7885682,13.716
"647","3522",-0.038387381940165,0.100111989353028,-0.0211765268763416,1507013,"QULA",22.5,"A",22.7,"AU",0,0,0,75,0,1,0,0,0,0,0,0,0,0,0,0,0,0,5.438356164,0,404.7078196,0.040470782,0.039760782,0.036775819,1.305541451,3547.117287,942.3599864,4489.477274,30,413.1505389,73.40383787,486.5543767,13.1064
"648","3523",-0.0432144612113421,-0.0200570436837264,-0.0087708040067463,1507014,"QULA",16.5,"A",17.8,"A",0,0,0,95,0,0,0,0,0,0,0,0,0,0,0,0,0,0,5.438356164,0,248.8455541,0.024884555,0.021382465,0.239042821,6.43961209,3798.421138,483.3340298,4281.755167,29,442.6890612,42.38678582,485.075847,13.1064
"649","3524",-0.038387381940165,0.100111989353028,-0.0211765268763416,1507015,"QULA",12.8,"A",16.8,"AU",0,0,0,79,0,1,0,0,0,0,0,0,0,0,0,0,0,0,5.438356164,0,221.6707776,0.022167078,0.012867964,0.735516373,17.09912697,3955.704974,2815.730956,6771.435929,35,449.1864784,257.556505,706.7429834,13.1064
"650","3525",-0.0432144612113421,-0.0200570436837264,-0.0087708040067463,1507017,"QULA",6.2,"A",7.1,"A",0,0,0,87,0,0,0,0,0,0,0,0,0,0,0,0,0,0,5.438356164,0,39.59192142,0.003959192,0.003019071,0.165491184,1.728687076,3888.938276,2815.730956,6704.669232,34,604.5845486,274.6270113,879.2115599,13.1064
"651","3526",-0.0432144612113421,-0.0200570436837264,-0.0087708040067463,1507018,"QULA",16.3,"A",17.2,"A",0,0,0,92,0,0,0,0,0,0,0,0,0,0,0,0,0,0,5.438356164,0,232.3521927,0.023235219,0.020867244,0.165491184,4.354211808,3327.559231,755.7101128,4083.269344,26,433.6266611,58.95038089,492.577042,13.1064
"652","3527",-0.0432144612113421,-0.0200570436837264,-0.0087708040067463,1507020,"QULA",16.2,"A",18.7,"A",0,0,0,90,0,0,0,0,0,0,0,0,0,0,0,0,0,0,5.438356164,0,274.6458838,0.027464588,0.020611989,0.459697733,12.60049686,3114.692766,2177.42216,5292.114927,29,386.4232111,239.1863107,625.6095218,13.4112
"653","3529",0.00140265207779343,0.0934709252610171,-0.0193403460192346,1507022,"QULA",7.3,"A",7.6,"AU",1,0,0,60,0,1,0,0,0,0,0,0,0,0,0,0,0,0,5.438356164,0,45.36459792,0.00453646,0.004185387,0.055163728,0.64554981,3426.197386,2177.42216,5603.619546,28,624.4550922,204.3353593,828.7904515,13.4112
"654","3530",-0.0432144612113421,-0.0200570436837264,-0.0087708040067463,1507024,"QULA",7.5,"A",7.9,"A",0,0,0,95,0,0,0,0,0,0,0,0,0,0,0,0,0,0,5.438356164,0,49.01669938,0.00490167,0.004417865,0.073551637,0.889616741,3151.465109,2507.485738,5658.950847,26,370.3025438,263.8047682,634.107312,13.4112
"655","3531",0.00140265207779342,0.0934709252610171,-0.0193403460192346,1507027,"QULA",11,"A",11.4,"AU",1,0,0,10,0,1,0,0,0,0,0,0,0,0,0,0,0,0,5.438356164,0,102.0703453,0.010207035,0.009503318,0.073551637,1.293987987,2124.776921,3389.872721,5514.649642,29,250.2147283,424.0511004,674.2658288,13.4112
"656","3532",-0.0432144612113421,-0.0200570436837264,-0.0087708040067463,1507028,"QULA",15.8,"A",17.7,"A",0,0,0,100,0,0,0,0,0,0,0,0,0,0,0,0,0,0,5.438356164,0,246.0573906,0.024605739,0.01960668,0.349370277,9.192224928,3216.645302,3076.545978,6293.19128,32,407.2708794,397.3790467,804.6499262,13.1064
"657","3534",-0.0432144612113421,-0.0200570436837264,-0.0087708040067463,1507030,"QULA",11,"A",11.8,"A",0,0,0,92,0,0,0,0,0,0,0,0,0,0,0,0,0,0,5.438356164,0,109.3588403,0.010935884,0.009503318,0.147103275,2.63418983,1360.317473,3238.02384,4598.341313,22,195.3855482,455.2537352,650.6392834,13.4112
"658","3535",0.0154730195733715,-0.0345633975905647,-0.0147495839768903,1507032,"QULA",7.8,"A",8.5,"AU",2,0,0,95,0,0,0,0,0,0,0,0,0,0,0,0,0,0,5.438356164,0,56.74501731,0.005674502,0.004778362,0.128715365,1.647812827,3683.68232,3421.492851,7105.175171,35,414.3274963,741.8929044,1156.220401,13.1064
"659","3537",-0.0432144612113421,-0.0200570436837264,-0.0087708040067463,1507034,"QULA",13.7,"A",15.8,"A",0,0,0,95,0,0,0,0,0,0,0,0,0,0,0,0,0,0,5.438356164,0,196.0667975,0.01960668,0.014741138,0.386146096,8.946713814,1309.258738,4113.821332,5423.08007,27,144.0987697,1661.822308,1805.921077,13.1064
"660","3539",0.0427235909914149,0.099562438812039,-0.0280808111581273,1507036,"QULA",8.9,"A",9.9,"AU",3,0,0,50,0,1,0,0,0,0,0,0,0,0,0,0,0,0,5.438356164,0,76.97687399,0.007697687,0.006221139,0.183879093,2.715064079,2343.196151,3879.709848,6222.905998,31,271.5041361,731.0229146,1002.527051,13.1064
"661","3541",-0.0432144612113421,-0.0200570436837264,-0.0087708040067463,1507040,"QULA",10.9,"A",11.6,"A",0,0,0,95,0,0,0,0,0,0,0,0,0,0,0,0,0,0,5.438356164,0,105.6831769,0.010568318,0.009331316,0.128715365,2.274588258,2735.455409,3751.556429,6487.011839,32,374.863347,513.9403457,888.8036927,13.1064
"662","3543",0.0339643235744544,0.0924836662874151,-0.0233862229711251,1507042,"QULA",17.9,"A",19.5,"AU",2,0,0,87,0,1,0,0,0,0,0,0,0,0,0,0,0,0,5.438356164,0,298.6476516,0.029864765,0.025164943,0.294206549,8.641991197,3194.025835,2927.44599,6121.471825,31,381.0785162,415.644632,796.7231482,13.1064
"663","3544",-0.0432144612113421,-0.0200570436837264,-0.00877080400674629,1507044,"QULA",3.6,"A",5.2,"A",0,0,0,95,0,0,0,0,0,0,0,0,0,0,0,0,0,0,5.438356164,0,21.23716634,0.002123717,0.001017876,0.294206549,2.033409693,2450.418708,3712.75776,6163.176468,30,371.1806567,528.0510774,899.2317341,13.1064
"664","3546",-0.010276078735,-0.0249701991717411,-0.00922952053995883,1507047,"QULA",9.4,"A",10.2,"AU",1,0,0,96,0,0,0,0,0,0,0,0,0,0,0,0,0,0,5.438356164,0,81.71282492,0.008171282,0.006939778,0.147103275,2.264478977,2677.626543,4770.422051,7448.048593,33,308.9035441,872.1937163,1181.09726,13.1064
"665","3547",-0.038387381940165,0.100111989353028,-0.0211765268763416,1507048,"QULA",21.6,"A",21.6,"AU",0,0,0,76,0,1,0,0,0,0,0,0,0,0,0,0,0,0,5.438356164,0,366.4353671,0.036643537,0.036643537,0,0,2240.811646,4819.39948,7060.211126,32,221.943699,577.8407688,799.7844678,13.1064
"666","3549",-0.038387381940165,0.100111989353028,-0.0211765268763416,1507051,"QULA",4,"A",4,"AU",0,0,0,60,0,1,0,0,0,0,0,0,0,0,0,0,0,0,5.438356164,0,12.56637061,0.001256637,0.001256637,0,0,2510.619477,3551.939632,6062.559109,30,434.5179921,449.5790202,884.0970123,13.1064
"667","3550",-0.0432144612113421,-0.0200570436837264,-0.0087708040067463,1507054,"QULA",4.1,"A",4.7,"A",0,0,0,95,0,0,0,0,0,0,0,0,0,0,0,0,0,0,5.438356164,0,17.34944543,0.001734945,0.001320254,0.110327456,0.762528635,2706.309283,4509.976166,7216.285449,32,342.4530308,507.9033747,850.3564054,13.1064
"668","3553",-0.038387381940165,0.100111989353028,-0.0211765268763416,1507057,"QULA",8.8,"A",10.1,"AU",0,0,0,95,0,1,0,0,0,0,0,0,0,0,0,0,0,0,5.438356164,0,80.11846665,0.008011847,0.006082123,0.239042821,3.548357682,2624.761392,2759.402199,5384.163591,31,325.7898404,350.38143,676.1712704,13.1064
"669","3555",-0.0432144612113421,-0.0200570436837264,-0.0087708040067463,1507060,"QULA",4.3,"A",4.9,"A",0,0,0,98,0,0,0,0,0,0,0,0,0,0,0,0,0,0,5.438356164,0,18.8574099,0.001885741,0.001452201,0.110327456,0.797189028,3284.307354,2929.118888,6213.426242,33,428.5235136,352.5882759,781.1117894,13.1064
"670","3556",0.0212395459122681,-0.0333448175932699,-0.0103431934648925,1507061,"QULA",26.8,"A",27.6,"AU",1,1,0,85,0,0,0,0,0,0,0,0,0,0,0,0,0,0,5.438356164,0,598.2849049,0.05982849,0.056410438,0.147103275,6.285084507,612.3513861,3941.355749,4553.707135,22,62.2097633,406.7189889,468.9287522,13.1064
"671","3558",-0.0432144612113421,-0.0200570436837264,-0.0087708040067463,1507064,"QULA",8.2,"A",10.4,"A",0,0,0,92,0,0,0,0,0,0,0,0,0,0,0,0,0,0,5.438356164,0,84.94866535,0.008494867,0.005281017,0.404534005,5.909596921,3077.857593,1577.519335,4655.376928,29,301.8175744,222.953085,524.7706593,13.1064
"672","3559",-0.0432144612113421,-0.0200570436837264,-0.0087708040067463,1507067,"QULA",2.5,"A",4.3,"A",0,0,0,95,0,0,0,0,0,0,0,0,0,0,0,0,0,0,5.438356164,0,14.52201204,0.001452201,0.000490874,0.330982368,1.767680018,2684.812936,2667.070791,5351.883727,32,286.4198558,283.3312654,569.7511213,13.1064
"673","356",-0.0383873819401651,0.10011198935303,-0.0211765268763413,303045,"QULA",14.4,"A",15,"AU",0,0,0,72,0,1,0,0,0,0,0,0,0,0,0,0,0,0,5.482191781,0,176.7145868,0.017671459,0.016286016,0.109445277,2.527168723,118.8228881,2169.898046,2288.720934,15,18.61519819,232.206497,250.8216952,11.8872
"674","3561",-0.0432144612113421,-0.0200570436837264,-0.0087708040067463,1507070,"QULA",4.3,"A",5.7,"A",0,0,0,95,0,0,0,0,0,0,0,0,0,0,0,0,0,0,5.438356164,0,25.51758633,0.002551759,0.001452201,0.25743073,2.021856229,2158.706122,2940.624972,5099.331094,23,226.9287206,361.6461407,588.5748613,13.1064
"675","3562",-0.0432144612113421,-0.0200570436837264,-0.0087708040067463,1507071,"QULA",11.5,"A",14.6,"A",0,0,0,95,0,0,0,0,0,0,0,0,0,0,0,0,0,0,5.438356164,0,167.4154725,0.016741547,0.010386891,0.570025189,11.68488482,2824.048322,3138.254711,5962.303034,31,264.1561701,363.8384,627.9945701,13.1064
"676","3564",0.0184690411487362,-0.0470007793754715,-0.0211505352092175,1507075,"QULA",20.6,"A",21.1,"AU",3,0,0,87,0,0,0,0,0,0,0,0,0,0,0,0,0,0,5.438356164,0,349.6671163,0.034966712,0.033329156,0.091939547,3.011121598,2914.698978,2764.468017,5679.166996,36,280.2254122,286.5738449,566.7992571,13.1064
"677","3566",-0.0432144612113421,-0.0200570436837264,-0.0087708040067463,1507078,"QULA",11.3,"A",13.2,"A",0,0,0,92,0,0,0,0,0,0,0,0,0,0,0,0,0,0,5.438356164,0,136.847776,0.013684778,0.010028749,0.349370277,6.722671962,2413.662074,1854.851281,4268.513354,31,506.6656748,337.0003966,843.6660714,13.1064
"678","3568",-0.0432144612113421,-0.0200570436837264,-0.0087708040067463,1507080,"QULA",11.6,"A",12.5,"A",0,0,0,93,0,0,0,0,0,0,0,0,0,0,0,0,0,0,5.438356164,0,122.718463,0.012271846,0.010568318,0.165491184,3.132432972,2619.734844,2294.203013,4913.937857,34,590.5746044,332.7602562,923.3348607,13.1064
"679","3569",-0.0432144612113421,-0.0200570436837264,-0.0087708040067463,1507081,"QULA",9,"A",9.5,"A",0,0,0,91,0,0,0,0,0,0,0,0,0,0,0,0,0,0,5.438356164,0,70.88218425,0.007088218,0.006361725,0.091939547,1.335869294,2811.497659,2266.721931,5078.219591,33,499.3083896,293.3492975,792.657687,13.1064
"680","3571",-0.038387381940165,0.100111989353028,-0.0211765268763415,1507083,"QULA",13.3,"A",13.9,"AU",0,0,0,95,0,1,0,0,0,0,0,0,0,0,0,0,0,0,5.438356164,0,151.7467792,0.015174678,0.013892908,0.110327456,2.35690669,2889.032166,2477.93906,5366.971226,35,397.6212527,275.3213151,672.9425678,13.1064
"681","3572",-0.0432144612113421,-0.0200570436837264,-0.0087708040067463,1507086,"QULA",1.4,"A",2.7,"A",0,0,0,98,0,0,0,0,0,0,0,0,0,0,0,0,0,0,5.438356164,0,5.725552611,0.000572555,0.000153938,0.239042821,0.76974955,4379.482261,2745.806957,7125.289218,41,452.1505327,284.6915851,736.8421178,13.1064
"682","3573",-0.038387381940165,0.100111989353028,-0.0211765268763415,1507087,"QULA",2.7,"A",3.3,"AU",0,0,0,40,0,1,0,0,0,0,0,0,0,0,0,0,0,0,5.438356164,0,8.552985999,0.000855299,0.000572555,0.110327456,0.519905888,3896.069691,2745.806957,6641.876648,38,415.8287272,299.460101,715.2888283,13.1064
"683","3574",-0.0432144612113421,-0.0200570436837264,-0.0087708040067463,1507089,"QULA",10.1,"A",12.1,"A",0,0,0,95,0,0,0,0,0,0,0,0,0,0,0,0,0,0,5.438356164,0,114.9901451,0.011499015,0.008011847,0.367758186,6.412172613,4093.966467,3268.348063,7362.31453,43,421.8449322,310.2183885,732.0633207,13.1064
"684","3575",-0.0432144612113421,-0.0200570436837264,-0.0087708040067463,1507090,"QULA",2.4,"A",2.7,"A",0,0,0,97,0,0,0,0,0,0,0,0,0,0,0,0,0,0,5.438356164,0,5.725552611,0.000572555,0.000452389,0.055163728,0.220960002,4428.726726,3232.094084,7660.82081,41,473.992144,326.579625,800.5717689,13.1064
"685","3576",-0.0432144612113421,-0.0200570436837264,-0.0087708040067463,1507091,"QULA",13.6,"A",14.6,"A",0,0,0,94,0,0,0,0,0,0,0,0,0,0,0,0,0,0,5.438356164,0,167.4154725,0.016741547,0.014526724,0.183879093,4.072596119,4562.205144,3268.348063,7830.553207,46,416.6650433,337.3890116,754.0540549,13.1064
"686","3577",-0.038387381940165,0.100111989353028,-0.0211765268763415,1507093,"QULA",3.7,"A",3.8,"AU",0,0,0,95,0,1,0,0,0,0,0,0,0,0,0,0,0,0,5.438356164,0,11.34114948,0.001134115,0.00107521,0.018387909,0.108313727,4534.394195,2422.882648,6957.276843,40,461.9918733,445.9202532,907.9121265,13.4112
"687","3579",-0.0204632713490709,-0.0496313134492424,-0.0353766866426361,1507095,"QULA",21.5,"A",22,"AU",1,0,0,87,1,0,0,0,0,0,0,0,0,0,0,0,0,0,5.438356164,0,380.1327111,0.038013271,0.03630503,0.091939547,3.14109807,3352.260003,2179.110766,5531.370769,37,408.6837198,259.1113683,667.7950881,13.1064
"688","3581",-0.038387381940165,0.100111989353028,-0.0211765268763415,1507098,"QULA",8.7,"A",9.1,"AU",0,0,0,87,0,1,0,0,0,0,0,0,0,0,0,0,0,0,5.438356164,0,65.03882191,0.006503882,0.005944679,0.073551637,1.028258311,4214.313027,2609.218363,6823.53139,40,421.4250157,583.3700606,1004.795076,13.4112
"689","3583",-0.0432144612113421,-0.0200570436837264,-0.00877080400674629,1507100,"QULA",10.3,"A",11.5,"A",0,0,0,92,0,0,0,0,0,0,0,0,0,0,0,0,0,0,5.438356164,0,103.8689071,0.010386891,0.008332289,0.220654912,3.777982783,3705.217938,2197.057114,5902.275052,30,405.8282252,341.9811424,747.8093675,13.716
"690","3586",-0.038387381940165,0.100111989353028,-0.0211765268763415,1507103,"QULA",20.6,"A",20.1,"AU",0,0,0,80,0,1,0,0,0,0,0,0,0,0,0,0,0,0,5.438356164,0,317.308712,0.031730871,0.033329156,-0.091939547,-2.938912447,3897.813275,2025.534009,5923.347285,32,1041.027187,300.6298499,1341.657037,13.1064
"691","3587",-0.0432144612113421,-0.0200570436837264,-0.0087708040067463,1507104,"QULA",9.5,"A",10.9,"A",0,0,0,95,0,0,0,0,0,0,0,0,0,0,0,0,0,0,5.438356164,0,93.31315579,0.009331316,0.007088218,0.25743073,4.124586708,4672.003807,1789.137016,6461.140823,34,569.5634878,265.7037267,835.2672145,13.1064
"692","3588",-0.0432144612113421,-0.0200570436837264,-0.0087708040067463,1507105,"QULA",25.3,"A",27,"A",0,0,0,92,0,0,0,0,0,0,0,0,0,0,0,0,0,0,5.438356164,0,572.5552611,0.057255526,0.050272551,0.312594458,12.84023124,3602.542836,1698.68271,5301.225545,31,749.7828363,303.1526988,1052.935535,13.1064
"693","3589",-0.0432144612113421,-0.0200570436837264,-0.0087708040067463,1507106,"QULA",7.2,"A",8,"A",0,0,0,90,0,0,0,0,0,0,0,0,0,0,0,0,0,0,5.438356164,0,50.26548246,0.005026548,0.004071504,0.147103275,1.756126553,3840.227882,1783.631375,5623.859257,32,739.6798377,255.1331788,994.8130165,13.1064
"694","3590",-0.0432144612113421,-0.0200570436837264,-0.0087708040067463,1507107,"QULA",9.1,"A",9.7,"A",0,0,0,92,0,0,0,0,0,0,0,0,0,0,0,0,0,0,5.438356164,0,73.89811319,0.007389811,0.006503882,0.110327456,1.629038448,4044.454966,2025.534009,6069.988976,31,1581.891572,283.0095927,1864.901165,13.1064
"695","3613",-0.0432144612113421,-0.0200570436837264,-0.0087708040067463,1509029,"QULA",23.3,"A",24,"A",0,0,0,100,0,0,0,0,0,0,0,0,0,0,0,0,0,0,5.438356164,0,452.3893421,0.045238934,0.042638481,0.128715365,4.781689982,2089.033451,6256.843053,8345.876504,37,231.0711144,927.9751713,1159.046286,14.0208
"696","3618",-0.0432144612113421,-0.0200570436837264,-0.0087708040067463,1509035,"QULA",11.3,"A",11.7,"A",0,0,0,90,0,0,0,0,0,0,0,0,0,0,0,0,0,0,5.438356164,0,107.5131546,0.010751315,0.010028749,0.073551637,1.328648379,3226.132912,3896.195355,7122.328267,33,564.4354934,431.0835098,995.5190032,13.716
"697","3620",-0.0432144612113421,-0.0200570436837264,-0.0087708040067463,1509037,"QULA",14,"A",15.3,"A",0,0,0,95,0,0,0,0,0,0,0,0,0,0,0,0,0,0,5.438356164,0,183.8538561,0.018385386,0.015393804,0.239042821,5.500893126,3295.059455,3910.049779,7205.109233,35,477.8113778,410.715701,888.5270788,13.716
"698","3621",0.141820474539664,-0.0924678640940117,-0.0663887017802107,1509039,"QULA",12.7,"A",13.5,"AU",2,2,0,100,0,0,1,0,0,0,0,0,0,0,0,0,0,0,5.438356164,0,143.1388153,0.014313882,0.012667687,0.147103275,3.027007612,3714.964729,5675.687682,9390.652411,40,347.6245094,863.807233,1211.431742,13.716
"699","3622",-0.199044437245381,-0.079997564491157,-0.0557668067681132,1509040,"QULA",12.5,"A",13.7,"AU",0,0,0,10,0,0,0,0,0,0,0,0,1,0,0,0,1,0,5.438356164,0,147.4113813,0.014741138,0.012271846,0.220654912,4.540511418,4630.778257,3307.39806,7938.176317,32,454.5009931,326.2736111,780.7746042,13.716
"700","3623",-0.0432144612113421,-0.0200570436837264,-0.00877080400674629,1509042,"QULA",23.2,"A",23.8,"A",0,0,0,100,0,0,0,0,0,0,0,0,0,0,0,0,0,0,5.438356164,0,444.8809357,0.044488094,0.042273271,0.110327456,4.072596119,3989.657736,851.002472,4840.660208,31,537.4445394,74.87204603,612.3165854,13.716
"701","3624",-0.0432144612113421,-0.0200570436837264,-0.00877080400674629,1509043,"QULA",15.6,"A",17.2,"A",0,0,0,100,0,0,0,0,0,0,0,0,0,0,0,0,0,0,5.438356164,0,232.3521927,0.023235219,0.01911345,0.294206549,7.579072493,4995.66639,913.9599888,5909.626379,34,720.6088024,83.82598412,804.4347865,13.716
"702","3627",-0.0432144612113421,-0.0200570436837264,-0.00877080400674629,1509047,"QULA",12.1,"A",13.6,"A",0,0,0,70,0,0,0,0,0,0,0,0,0,0,0,0,0,0,5.438356164,0,145.2672443,0.014526724,0.011499015,0.27581864,5.567325545,3855.111177,913.9599888,4769.071166,29,520.5500435,108.784889,629.3349325,13.716
"703","3629",-0.0432144612113421,-0.0200570436837264,-0.00877080400674629,1509050,"QULA",24.8,"A",25.6,"A",0,0,0,96,0,0,0,0,0,0,0,0,0,0,0,0,0,0,5.438356164,0,514.7185404,0.051471854,0.048305129,0.147103275,5.82294594,4552.199171,1967.595187,6519.794358,29,484.1097756,316.7052259,800.8150015,13.716
"704","363",0.19250525085157,0.0957867794805625,-0.0746046502248152,303055,"QULA",12.9,"A",14.1,"AU",2,2,0,37,0,1,1,0,0,0,0,0,0,0,0,0,0,0,5.482191781,0,156.1450089,0.015614501,0.013069811,0.218890555,4.641738471,12.3150432,5075.627777,5087.94282,13,0.924106425,1029.472504,1030.39661,11.8872
"705","3631",-0.0432144612113421,-0.0200570436837264,-0.0087708040067463,1509052,"QULA",2.1,"A",3,"A",0,0,0,100,0,0,0,0,0,0,0,0,0,0,0,0,0,0,5.438356164,0,7.068583471,0.000706858,0.000346361,0.165491184,0.662880007,4748.352362,791.3986054,5539.750968,31,525.0700217,157.9867756,683.0567973,13.716
"706","3633",-0.038387381940165,0.100111989353028,-0.0211765268763415,1509055,"QULA",25,"A",26.2,"AU",0,0,0,65,0,1,0,0,0,0,0,0,0,0,0,0,0,0,5.438356164,0,539.1287153,0.053912872,0.049087385,0.220654912,8.87306048,4752.334331,1248.413943,6000.748274,29,531.1909082,162.7464352,693.9373435,13.716
"707","3635",0.227415965661962,-0.145621358848107,-0.111119687108927,1509059,"QULA",37.6,"A",37.3,"AU",3,2,0,48,1,0,1,0,0,0,0,0,0,0,0,0,0,0,5.438356164,0,1092.716611,0.109271661,0.111036451,-0.055163728,-3.245079248,2913.340239,3346.400933,6259.741172,29,356.5115208,341.7230018,698.2345226,13.716
"708","3636",-0.038387381940165,0.100111989353028,-0.0211765268763415,1509061,"QULA",17.4,"A",17.1,"AU",0,0,0,61,0,1,0,0,0,0,0,0,0,0,0,0,0,0,5.438356164,0,229.658277,0.022965828,0.023778715,-0.055163728,-1.494729427,5733.351615,2044.88622,7778.237835,35,645.7787991,178.970998,824.7497971,13.716
"709","3637",0.0212395459122681,-0.0333448175932699,-0.0103431934648925,1509062,"QULA",18.6,"A",19.7,"AU",1,1,0,99,0,0,0,0,0,0,0,0,0,0,0,0,0,0,5.438356164,0,304.8051732,0.030480517,0.027171635,0.202267003,6.084343067,4472.567651,2481.504767,6954.072418,30,575.8242269,214.9128782,790.7371051,13.716
"710","3638",-0.038387381940165,0.100111989353028,-0.0211765268763415,1509063,"QULA",17.3,"A",17.2,"AU",0,0,0,47,0,1,0,0,0,0,0,0,0,0,0,0,0,0,5.438356164,0,232.3521927,0.023235219,0.023506182,-0.018387909,-0.498243142,4257.109373,3516.70667,7773.816043,32,752.3215762,346.0476469,1098.369223,13.716
"711","3639",-0.0432144612113421,-0.0200570436837264,-0.00877080400674628,1509065,"QULA",20.6,"A",22.2,"A",0,0,0,100,0,0,0,0,0,0,0,0,0,0,0,0,0,0,5.438356164,0,387.0756308,0.038707563,0.033329156,0.294206549,9.889765327,5212.514823,3111.645422,8324.160244,34,505.1001834,279.9578986,785.058082,13.716
"712","3640",-0.0432144612113421,-0.0200570436837264,-0.00877080400674628,1509066,"QULA",5.2,"A",5.9,"A",0,0,0,99,0,0,0,0,0,0,0,0,0,0,0,0,0,0,5.438356164,0,27.33971007,0.002733971,0.002123717,0.128715365,1.122130207,4225.591345,2802.7012,7028.292545,34,550.9683039,337.2480742,888.2163781,13.716
"713","3641",-0.0432144612113421,-0.0200570436837264,-0.00877080400674628,1509067,"QULA",10.8,"A",11.1,"A",0,0,0,100,0,0,0,0,0,0,0,0,0,0,0,0,0,0,5.438356164,0,96.76890771,0.009676891,0.009160884,0.055163728,0.948828245,3509.708773,2804.248434,6313.957207,32,445.5168165,339.0713308,784.5881473,13.716
"714","3645",-0.0432144612113421,-0.0200570436837264,-0.00877080400674628,1509074,"QULA",9.7,"A",10.3,"A",0,0,0,100,0,0,0,0,0,0,0,0,0,0,0,0,0,0,5.438356164,0,83.32289115,0.008332289,0.007389811,0.110327456,1.733019625,4741.519398,3123.567766,7865.087164,40,586.4583975,314.6929045,901.151302,13.716
"715","3646",-0.0432144612113421,-0.0200570436837264,-0.00877080400674628,1509075,"QULA",23.9,"A",25.4,"A",0,0,0,98,0,0,0,0,0,0,0,0,0,0,0,0,0,0,5.438356164,0,506.7074791,0.050670748,0.044862728,0.27581864,10.67973344,3342.615314,2755.443793,6098.059106,45,371.3595957,306.0950009,677.4545966,13.4112
"716","3647",-0.0683108667975617,-0.0418557233500822,-0.0355707369132502,1509077,"QULA",20.4,"A",21.1,"AU",0,0,0,0,1,0,0,0,0,0,0,0,0,0,0,0,0,0,5.438356164,0,349.6671163,0.034966712,0.03268513,0.128715365,4.195351676,2806.141244,2966.12685,5772.268094,47,346.5055616,338.1365936,684.6421553,13.4112
"717","3651",-0.0432144612113421,-0.0200570436837264,-0.00877080400674628,1509085,"QULA",10.1,"A",12.6,"A",0,0,0,100,0,0,0,0,0,0,0,0,0,0,0,0,0,0,5.438356164,0,124.6898124,0.012468981,0.008011847,0.459697733,8.195738643,2575.38341,3463.817958,6039.201368,42,316.6902378,400.2017248,716.8919627,13.4112
"718","3653",0.250442084846439,-0.159611914087915,-0.123873790412403,1509087,"QULA",11.9,"A",11.4,"AU",3,3,0,15,1,0,1,0,0,0,0,0,0,0,0,0,0,0,5.438356164,0,102.0703453,0.010207035,0.011122023,-0.091939547,-1.682473219,3214.406917,3803.204212,7017.61113,34,349.2639068,679.031529,1028.295436,13.716
"719","3655",-0.000317923269108934,-0.109409721027238,-0.0698920702105563,1509089,"QULA",16.6,"A",17.1,"AU",3,0,0,30,1,0,0,0,0,0,0,0,1,0,0,0,0,0,5.438356164,0,229.658277,0.022965828,0.021642432,0.091939547,2.43344839,3680.564289,3857.310292,7537.874581,40,340.4992998,1348.775068,1689.274368,13.4112
"720","3662",-0.038387381940165,0.100111989353029,-0.0211765268763415,1509098,"QULA",6.8,"A",7.1,"AU",0,0,0,40,0,1,0,0,0,0,0,0,0,0,0,0,0,0,5.438356164,0,39.59192142,0.003959192,0.003631681,0.055163728,0.60222432,2293.543279,3753.637734,6047.181013,43,206.6441036,510.2405688,716.8846724,13.4112
"721","3665",-0.038387381940165,0.100111989353029,-0.0211765268763415,1509103,"QULA",2.5,"A",4,"AU",0,0,0,88,0,1,0,0,0,0,0,0,0,0,0,0,0,0,5.438356164,0,12.56637061,0.001256637,0.000490874,0.27581864,1.408078445,2413.245813,3467.894175,5881.139987,34,272.6167373,320.1436624,592.7603997,13.4112
"722","367",-0.0432144612113426,-0.0200570436837264,-0.00877080400674634,305006,"QULA",23.4,"A",23.6,"A",0,0,0,97,0,0,0,0,0,0,0,0,0,0,0,0,0,0,5.501369863,0,437.4353611,0.043743536,0.043005262,0.036354582,1.341982619,2077.715863,2571.959074,4649.674937,12,590.9489703,201.0117808,791.9607512,11.8872
"723","368",0.0212395459122681,-0.03334481759327,-0.0103431934648927,305007,"QULA",28.6,"A",29.7,"AU",1,1,0,98,0,0,0,0,0,0,0,0,0,0,0,0,0,0,5.501369863,0,692.791866,0.069279187,0.064242428,0.199950199,9.155462271,1822.359359,2571.959074,4394.318432,12,494.7395215,212.4251673,707.1646888,11.8872
"724","369",0.0212395459122681,-0.03334481759327,-0.0103431934648927,305008,"QULA",6.6,"A",8.6,"AU",1,1,0,99,0,0,0,0,0,0,0,0,0,0,0,0,0,0,5.501369863,0,58.08804816,0.005808805,0.003421194,0.363545817,4.340028895,2457.063176,2868.509712,5325.572888,12,349.3556648,226.7776621,576.1333269,11.8872
"725","3699",-0.0432144612113421,-0.0200570436837264,-0.00877080400674625,1511029,"QULA",2,"A",4.1,"A",0,0,0,98,0,0,0,0,0,0,0,0,0,0,0,0,0,0,5.438356164,0,13.20254313,0.001320254,0.000314159,0.386146096,1.84999845,1105.981986,3159.696081,4265.678067,19,120.9873847,316.3472584,437.3346432,14.0208
"726","3713",-0.038387381940165,0.100111989353029,-0.0211765268763415,1511049,"QULA",14.4,"A",13.8,"AU",0,0,0,22,0,1,0,0,0,0,0,0,0,0,0,0,0,0,5.438356164,0,149.5712262,0.014957123,0.016286016,-0.110327456,-2.443557671,983.1928369,4257.619882,5240.812719,27,108.3568707,441.0879862,549.4448569,13.4112
"727","3715",0.0454466458788884,-0.0452201643511942,-0.0175697347104668,1511053,"QULA",7.3,"A",7.3,"AU",1,2,0,96,0,0,0,0,0,0,0,0,0,0,0,0,0,0,5.438356164,0,41.85386813,0.004185387,0.004185387,0,0,2407.71661,2811.717571,5219.434181,33,329.8564539,297.9810844,627.8375383,13.4112
"728","3716",0.141820474539664,-0.0924678640940117,-0.0663887017802106,1511054,"QULA",1.9,"A",3.5,"AU",2,2,0,93,0,0,1,0,0,0,0,0,0,0,0,0,0,0,5.438356164,0,9.621127502,0.000962113,0.000283529,0.294206549,1.24777413,2439.94935,2850.524094,5290.473445,32,374.6090993,289.4146699,664.0237692,13.4112
"729","3718",-0.0825202612398315,-0.0343082866068973,-0.0217127784423505,1511057,"QULA",18.4,"A",18.9,"AU",0,0,1,97,0,0,0,0,0,0,0,0,0,0,0,0,0,0,5.438356164,0,280.5520779,0.028055208,0.02659044,0.091939547,2.693401334,1845.347963,2648.983072,4494.331034,28,200.6519204,335.0694298,535.7213502,13.4112
"730","3794",-0.0432144612113421,-0.0200570436837264,-0.00877080400674625,1513069,"QULA",3.2,"A",4.2,"A",0,0,0,100,0,0,0,0,0,0,0,0,0,0,0,0,0,0,5.435616438,0,13.8544236,0.001385442,0.000804248,0.183971774,1.069234092,100.2874915,8702.56508,8802.852571,26,15.92084357,868.2631468,884.1839904,14.0208
"731","3796",-0.038387381940165,0.100111989353029,-0.0211765268763415,1513071,"QULA",11.3,"A",11.3,"AU",0,0,0,83,0,1,0,0,0,0,0,0,0,0,0,0,0,0,5.435616438,0,100.2874915,0.010028749,0.010028749,0,0,13.8544236,9538.00096,9551.855384,25,2.19941797,838.0382902,840.2377082,14.0208
"732","3829",0.0154730195733715,-0.0345633975905647,-0.0147495839768903,1513110,"QULA",8.4,"A",8.3,"AU",2,0,0,95,0,0,0,0,0,0,0,0,0,0,0,0,0,0,5.435616438,0,54.10607948,0.005410608,0.005541769,-0.018397177,-0.241300126,387.0756308,9174.667916,9561.743546,35,144.2672992,1462.749112,1607.016411,14.0208
"733","3835",-0.0432144612113421,-0.0200570436837264,-0.00877080400674625,1515004,"QULA",17.7,"A",20.3,"A",0,0,0,100,0,0,0,0,0,0,0,0,0,0,0,0,0,0,5.454794521,0,323.6547292,0.032365473,0.024605739,0.476644902,14.22552917,2051.475711,8234.915451,10286.39116,38,184.7450019,843.358834,1028.103836,14.0208
"734","3845",0.0212395459122681,-0.0333448175932698,-0.0103431934648924,1515022,"QULA",11.9,"A",12.1,"AU",1,1,0,70,0,0,0,0,0,0,0,0,0,0,0,0,0,0,5.454794521,0,114.9901451,0.011499015,0.011122023,0.036664992,0.691118826,1513.038146,7875.870681,9388.908827,37,160.3938015,954.443198,1114.836999,14.0208
"735","3853",0.250442084846439,-0.159611914087914,-0.123873790412403,1515030,"QULA",10.8,"A",10,"AU",3,3,0,17,1,0,1,0,0,0,0,0,0,0,0,0,0,0,5.454794521,0,78.53981634,0.007853982,0.009160884,-0.14665997,-2.395878596,1322.728317,7650.924793,8973.65311,32,268.5449464,842.3724629,1110.917409,14.0208
"736","3856",-0.0432144612113421,-0.0200570436837264,-0.00877080400674623,1515035,"QULA",21.9,"A",24.2,"A",0,0,0,87,0,0,0,0,0,0,0,0,0,0,0,0,0,0,5.454794521,0,459.9605804,0.045996058,0.037668481,0.421647413,15.2665269,941.3075528,7735.252994,8676.560546,29,138.5752331,776.6556478,915.2308808,14.0208
"737","3857",0.0212395459122681,-0.0333448175932698,-0.0103431934648924,1515037,"QULA",17.5,"A",17.7,"AU",1,1,0,40,0,0,0,0,0,0,0,0,0,0,0,0,0,0,5.454794521,0,246.0573906,0.024605739,0.024052819,0.036664992,1.013640945,1155.210743,6847.878733,8003.089475,19,175.1760436,713.6166765,888.7927201,14.0208
"738","3859",0.0454466458788884,-0.0452201643511941,-0.0175697347104668,1515039,"QULA",10.8,"A",11.6,"AU",1,2,0,100,0,0,0,0,0,0,0,0,0,0,0,0,0,0,5.454794521,0,105.6831769,0.010568318,0.009160884,0.14665997,2.58017695,971.9302272,8011.815249,8983.745476,23,151.4437997,832.640037,984.0838368,14.0208
"739","3862",-0.0432144612113422,-0.0200570436837264,-0.00877080400674623,1515042,"QULA",8.7,"A",9.6,"A",0,0,0,95,0,0,0,0,0,0,0,0,0,0,0,0,0,0,5.454794521,0,72.38229474,0.007238229,0.005944679,0.164992466,2.371401471,1277.316595,7859.620793,9136.937388,15,128.2901641,750.6604735,878.9506375,14.0208
"740","3865",-0.0432144612113422,-0.0200570436837264,-0.00877080400674623,1515045,"QULA",21.4,"A",22.2,"A",0,0,0,100,0,0,0,0,0,0,0,0,0,0,0,0,0,0,5.454794521,0,387.0756308,0.038707563,0.035968094,0.14665997,5.022130135,126.4883742,8973.346804,9099.835179,34,25.22140493,1023.205697,1048.427102,14.0208
"741","3873",0.0939364926580466,-0.0810401803971136,-0.0392064727449912,1515053,"QULA",10.1,"A",9.2,"AU",3,3,0,95,0,0,0,0,0,0,0,0,0,0,0,0,0,0,5.454794521,0,66.47610055,0.00664761,0.008011847,-0.164992466,-2.500986251,2317.246595,5798.209795,8115.456391,26,375.0416339,460.2381535,835.2797874,13.716
"742","3874",-0.0432144612113422,-0.0200570436837264,-0.00877080400674623,1515054,"QULA",10.8,"A",11,"A",0,0,0,100,0,0,0,0,0,0,0,0,0,0,0,0,0,0,5.454794521,0,95.03317777,0.009503318,0.009160884,0.036664992,0.627766267,1965.034789,4258.52309,6223.557879,27,405.5835957,395.3469821,800.9305777,13.716
"743","3876",-0.0432144612113422,-0.0200570436837264,-0.00877080400674623,1515056,"QULA",26.2,"A",27.8,"A",0,0,0,100,0,0,0,0,0,0,0,0,0,0,0,0,0,0,5.454794521,0,606.9871166,0.060698712,0.053912872,0.29331994,12.44013887,1453.08085,4320.043328,5773.124178,27,316.6161745,427.508045,744.1242195,13.716
"744","3877",-0.0432144612113422,-0.0200570436837264,-0.00877080400674624,1515057,"QULA",16,"A",18.8,"A",0,0,0,100,0,0,0,0,0,0,0,0,0,0,0,0,0,0,5.454794521,0,277.5911269,0.027759113,0.020106193,0.513309895,14.02971216,2106.131569,6247.826682,8353.958251,29,537.6407531,534.078469,1071.719222,13.716
"745","3878",-0.0432144612113422,-0.0200570436837264,-0.00877080400674624,1515059,"QULA",21.6,"A",22.2,"A",0,0,0,100,0,0,0,0,0,0,0,0,0,0,0,0,0,0,5.454794521,0,387.0756308,0.038707563,0.036643537,0.109994977,3.783875572,1790.527171,5084.78552,6875.312691,23,275.7594555,456.5670933,732.3265488,14.0208
"746","3879",-0.0432144612113422,-0.0200570436837264,-0.00877080400674624,1515060,"QULA",10.2,"A",10.4,"A",0,0,0,85,0,0,0,0,0,0,0,0,0,0,0,0,0,0,5.454794521,0,84.94866535,0.008494867,0.008171282,0.036664992,0.593210326,2092.654136,7041.817101,9134.471238,33,609.9233571,623.3641997,1233.287557,14.0208
"747","3880",-0.0432144612113422,-0.0200570436837264,-0.00877080400674624,1515061,"QULA",16.6,"A",15.4,"A",0,0,0,100,0,0,0,0,0,0,0,0,0,0,0,0,0,0,5.454794521,0,186.2650284,0.018626503,0.021642432,-0.219989955,-5.528950607,2197.457667,7291.196726,9488.654393,34,487.4474285,658.5821927,1146.029621,13.716
"748","3887",-0.0102760787350001,-0.024970199171741,-0.00922952053995882,1515070,"QULA",13.2,"A",13.8,"AU",1,0,0,100,0,0,0,0,0,0,0,0,0,0,0,0,0,0,5.454794521,0,149.5712262,0.014957123,0.013684778,0.109994977,2.332526037,2143.021721,9491.560367,11634.58209,42,242.8116956,911.9758514,1154.787547,14.0208
"749","3890",-0.0432144612113422,-0.0200570436837264,-0.00877080400674623,1517002,"QULA",20.8,"A",19.4,"A",0,0,0,96,0,0,0,0,0,0,0,0,0,0,0,0,0,0,5.473972603,0,295.5924528,0.029559245,0.033979466,-0.255755756,-8.074978054,1780.309141,4470.093647,6250.402788,32,165.8419479,454.0660951,619.908043,13.1064
"750","3891",-0.0432144612113422,-0.0200570436837264,-0.00877080400674624,1517003,"QULA",7.7,"A",7.9,"A",0,0,0,100,0,0,0,0,0,0,0,0,0,0,0,0,0,0,5.454794521,0,49.01669938,0.00490167,0.004656626,0.036664992,0.449227237,2722.669127,3913.921792,6636.590919,34,441.2891923,336.1602718,777.4494641,14.0208
"751","3892",-0.0432144612113422,-0.0200570436837264,-0.00877080400674624,1517004,"QULA",15.1,"A",17.2,"A",0,0,0,100,0,0,0,0,0,0,0,0,0,0,0,0,0,0,5.454794521,0,232.3521927,0.023235219,0.017907864,0.384982421,9.766372908,2660.096456,4332.240561,6992.337017,40,411.1403042,382.2580219,793.3983261,14.0208
"752","3894",-0.0432144612113422,-0.0200570436837264,-0.00877080400674624,1517006,"QULA",2.8,"A",2.8,"A",0,0,0,96,0,0,0,0,0,0,0,0,0,0,0,0,0,0,5.473972603,0,6.157521601,0.000615752,0.000615752,0,0,2218.474922,2754.265695,4972.740618,30,318.5126023,275.1775182,593.6901204,13.1064
"753","3895",0.106466858625705,0.0875515926963149,-0.0282807734508207,1517007,"QULA",11.1,"A",12.7,"AU",2,2,0,83,0,1,0,0,0,0,0,0,0,0,0,0,0,0,5.473972603,0,126.6768698,0.012667687,0.009676891,0.292292292,5.463666743,2733.5626,3841.13109,6574.69369,33,337.2627388,341.5801026,678.8428415,13.1064
"754","3896",0.0740849815369314,-0.0551053752455035,-0.0227031457643079,1517008,"QULA",10,"A",11,"AU",2,2,0,97,0,0,0,0,0,0,0,0,0,0,0,0,0,0,5.473972603,0,95.03317777,0.009503318,0.007853982,0.182682683,3.013051513,2769.604521,3295.624941,6065.229463,32,366.9716654,320.8647503,687.8364157,13.1064
"755","3897",-0.038387381940165,0.100111989353029,-0.0211765268763414,1517009,"QULA",10.6,"A",10.9,"AU",0,0,0,83,0,1,0,0,0,0,0,0,0,0,0,0,0,0,5.454794521,0,93.31315579,0.009331316,0.008824734,0.054997489,0.928690922,2167.007781,4359.957263,6526.965043,41,390.5798337,415.1867505,805.7665842,14.0208
"756","3898",-0.0432144612113422,-0.0200570436837264,-0.00877080400674624,1517011,"QULA",7.4,"A",8.4,"A",0,0,0,94,0,0,0,0,0,0,0,0,0,0,0,0,0,0,5.473972603,0,55.41769441,0.005541769,0.00430084,0.182682683,2.266962567,2512.041048,2079.962102,4592.00315,26,300.8172246,188.443484,489.2607086,13.1064
"757","3900",-0.0432144612113422,-0.0200570436837264,-0.00877080400674624,1517016,"QULA",19.3,"A",20.7,"A",0,0,0,95,0,0,0,0,0,0,0,0,0,0,0,0,0,0,5.473972603,0,336.535259,0.033653526,0.029255296,0.255755756,8.034804034,2655.007075,2531.338281,5186.345356,26,270.723196,422.8105343,693.5337303,13.1064
"758","3901",0.00140265207779328,0.0934709252610172,-0.0193403460192345,1517017,"QULA",11.6,"A",11.8,"AU",1,0,0,30,0,1,0,0,0,0,0,0,0,0,0,0,0,0,5.473972603,0,109.3588403,0.010935884,0.010568318,0.036536537,0.671480051,2366.930883,2417.337737,4784.26862,28,354.5983825,393.2578321,747.8562146,13.1064
"759","3904",-0.0432144612113422,-0.0200570436837264,-0.00877080400674624,1517020,"QULA",11.9,"A",11.8,"A",0,0,0,99,0,0,0,0,0,0,0,0,0,0,0,0,0,0,5.473972603,0,109.3588403,0.010935884,0.011122023,-0.018268268,-0.340044385,2594.272235,2007.650493,4601.922729,29,297.6802117,393.5228454,691.2030571,14.0208
"760","3905",-0.0432144612113422,-0.0200570436837264,-0.00877080400674624,1517024,"QULA",8.5,"A",9,"A",0,0,0,94,0,0,0,0,0,0,0,0,0,0,0,0,0,0,5.473972603,0,63.61725124,0.006361725,0.005674502,0.091341341,1.25543813,3134.916769,2843.133498,5978.050267,23,389.0029135,303.5176368,692.5205503,14.0208
"761","3907",-0.0432144612113422,-0.0200570436837264,-0.00877080400674624,1517027,"QULA",12.4,"A",13.2,"A",0,0,0,97,0,0,0,0,0,0,0,0,0,0,0,0,0,0,5.473972603,0,136.847776,0.013684778,0.012076282,0.146146146,2.938442618,2385.034311,2843.133498,5228.167808,21,276.878666,347.8695086,624.7481747,14.0208
"762","393",0.033964323574454,0.0924836662874153,-0.0233862229711248,305042,"QULA",15.3,"A",15.6,"AU",2,0,0,79,0,1,0,0,0,0,0,0,0,0,0,0,0,0,5.501369863,0,191.134497,0.01911345,0.018385386,0.054531873,1.323423285,193.6948951,4638.561553,4832.256448,26,20.4686342,502.4955157,522.9641499,10.9728
"763","3952",-0.0432144612113422,-0.0200570436837264,-0.00877080400674624,1517082,"QULA",23.6,"A",25.2,"A",0,0,0,90,0,0,0,0,0,0,0,0,0,0,0,0,0,0,5.473972603,0,498.7592497,0.049875925,0.043743536,0.292292292,11.20281248,1646.045325,7706.727332,9352.772657,50,207.3626169,704.569538,911.9321549,14.0208
"764","3957",-0.0432144612113422,-0.0200570436837264,-0.00877080400674624,1517089,"QULA",11.5,"A",12.4,"A",0,0,0,90,0,0,0,0,0,0,0,0,0,0,0,0,0,0,5.454794521,0,120.7628216,0.012076282,0.010386891,0.164992466,3.097076238,1868.273735,8515.176932,10383.45067,51,168.38002,1353.678845,1522.058865,13.716
"765","3963",-0.0432144612113422,-0.0200570436837264,-0.00877080400674624,1517097,"QULA",11.3,"A",11.7,"A",0,0,0,100,0,0,0,0,0,0,0,0,0,0,0,0,0,0,5.454794521,0,107.5131546,0.010751315,0.010028749,0.073329985,1.324644416,1930.540102,6647.688595,8578.228696,43,226.4998889,823.7866254,1050.286514,13.716
"766","3972",-0.0432144612113422,-0.0200570436837264,-0.00877080400674624,1517109,"QULA",15.4,"A",16.6,"A",0,0,0,85,0,0,0,0,0,0,0,0,0,0,0,0,0,0,5.454794521,0,216.4243179,0.021642432,0.018626503,0.219989955,5.528950607,2120.771391,5991.676925,8112.448316,42,416.8444848,575.5628308,992.4073156,13.1064
"767","3973",-0.0432144612113422,-0.0200570436837264,-0.00877080400674624,1517110,"QULA",13.6,"A",14.8,"A",0,0,0,100,0,0,0,0,0,0,0,0,0,0,0,0,0,0,5.454794521,0,172.0336137,0.017203361,0.014526724,0.219989955,4.906943664,2274.520935,5435.285158,7709.806093,42,494.1857122,517.6662549,1011.851967,14.0208
"768","3976",-0.0432144612113422,-0.0200570436837264,-0.00877080400674624,1517113,"QULA",14.1,"A",14.1,"A",0,0,0,93,0,0,0,0,0,0,0,0,0,0,0,0,0,0,5.454794521,0,156.1450089,0.015614501,0.015614501,0,0,2399.76838,5528.739685,7928.508066,45,422.8722342,462.7044658,885.5767,14.0208
"769","3977",0.00140265207779326,0.0934709252610172,-0.0193403460192345,1517114,"QULA",17.3,"A",14.6,"AU",1,0,0,100,0,1,0,0,0,0,0,0,0,0,0,0,0,0,5.454794521,0,167.4154725,0.016741547,0.023506182,-0.494977398,-12.40126343,2388.497917,5773.587563,8162.085479,47,451.5233164,487.0981471,938.6214635,14.0208
"770","3981",-0.0432144612113422,-0.0200570436837264,-0.00877080400674624,1519003,"QULA",23.7,"A",21.9,"A",0,0,0,97,0,0,0,0,0,0,0,0,0,0,0,0,0,0,5.471232877,0,376.6848131,0.037668481,0.044115029,-0.32899349,-11.78262426,375.6873575,2455.806539,2831.493897,6,32.58158896,271.4851134,304.0667024,13.1064
"771","3982",-0.0432144612113422,-0.0200570436837264,-0.00877080400674624,1519007,"QULA",8.8,"A",9.5,"A",0,0,0,99,0,0,0,0,0,0,0,0,0,0,0,0,0,0,5.471232877,0,70.88218425,0.007088218,0.006082123,0.127941913,1.838881784,861.5189534,718.7571292,1580.276083,10,113.2194907,52.01225523,165.2317459,13.1064
"772","3983",-0.0432144612113422,-0.0200570436837264,-0.00877080400674624,1519008,"QULA",15.4,"A",16.5,"A",0,0,0,98,0,0,0,0,0,0,0,0,0,0,0,0,0,0,5.471232877,0,213.82465,0.021382465,0.018626503,0.201051577,5.037186714,250.9111513,1590.305617,1841.216768,9,42.65183871,138.6069556,181.2587943,13.1064
"773","3984",0.103571253308513,0.103423797618604,-0.073977280151012,1519010,"QULA",9.3,"A",9.1,"AU",2,0,0,8,0,1,1,0,0,0,0,0,0,0,0,0,0,0,5.471232877,0,65.03882191,0.006503882,0.006792909,-0.036554832,-0.528265805,284.7068342,3005.922975,3290.629809,10,49.73261461,313.8997525,363.6323671,13.1064
"774","3987",-0.0432144612113422,-0.0200570436837264,-0.00877080400674624,1519014,"QULA",14.5,"A",15.7,"A",0,0,0,99,0,0,0,0,0,0,0,0,0,0,0,0,0,0,5.471232877,0,193.5927933,0.019359279,0.016512996,0.219328993,5.202269778,2286.749585,1600.138802,3886.888387,24,304.613541,165.2185803,469.8321214,13.1064
"775","3988",-0.0432144612113422,-0.0200570436837264,-0.00877080400674624,1519015,"QULA",1.3,"A",2.2,"A",0,0,0,96,0,0,0,0,0,0,0,0,0,0,0,0,0,0,5.471232877,0,3.801327111,0.000380133,0.000132732,0.164496745,0.452184045,2590.141041,2060.327148,4650.468189,24,273.5739387,211.6613996,485.2353383,13.1064
"776","400",-0.0432144612113426,-0.0200570436837264,-0.00877080400674635,305051,"QULA",33.2,"A",35.6,"A",0,0,0,94,0,0,0,0,0,0,0,0,0,0,0,0,0,0,5.501369863,0,995.3822164,0.099538222,0.086569727,0.43625498,23.57320958,556.3210811,3425.113537,3981.434618,29,42.05106822,331.8746309,373.9256991,10.9728
"777","4000",-0.0432144612113422,-0.0200570436837264,-0.00877080400674624,1519028,"QULA",3.2,"A",33.5,"A",0,0,0,96,0,0,0,0,0,0,0,0,0,0,0,0,0,0,5.471232877,0,881.4130889,0.088141309,0.000804248,5.538057086,159.629581,0,7573.586636,7573.586636,25,0,1017.49575,1017.49575,13.4112
"778","4009",-0.0432144612113422,-0.0200570436837264,-0.00877080400674624,1519041,"QULA",24.7,"A",25.6,"A",0,0,0,99,0,0,0,0,0,0,0,0,0,0,0,0,0,0,5.471232877,0,514.7185404,0.051471854,0.047916357,0.164496745,6.498530707,1088.263403,1877.887009,2966.150412,8,289.9159626,314.8324196,604.7483823,13.1064
"779","4011",-0.0102760787350001,-0.024970199171741,-0.00922952053995883,1519043,"QULA",28.8,"A",30.1,"AU",1,0,0,100,0,0,0,0,0,0,0,0,0,0,0,0,0,0,5.471232877,0,711.57859,0.071157859,0.065144065,0.23760641,10.99166106,891.4033535,1877.887009,2769.290362,8,233.073236,280.8990308,513.9722668,13.1064
"780","4012",0.0402084099371074,0.0885191601261958,-0.0186259122466659,1519046,"QULA",23.8,"A",21.9,"AU",1,1,0,48,0,1,0,0,0,0,0,0,0,0,0,0,0,0,5.471232877,0,376.6848131,0.037668481,0.044488094,-0.347270906,-12.46448909,1226.29713,1454.832288,2681.129418,8,168.4981434,162.4678844,330.9660278,13.1064
"781","4042",0.0154730195733714,-0.0345633975905647,-0.0147495839768902,1521044,"QULA",17.5,"A",19.7,"AU",2,0,0,97,0,0,0,0,0,0,0,0,0,0,0,0,0,0,5.471232877,0,304.8051732,0.030480517,0.024052819,0.402103155,11.74817215,376.6848131,3229.282359,3605.967172,8,34.40848027,445.9030023,480.3114825,13.1064
"782","4105",-0.0432144612113422,-0.0200570436837264,-0.00877080400674624,1701010,"QULA",2.6,"A",3,"A",0,0,0,99,0,0,0,0,0,0,0,0,0,0,0,0,0,0,5.449315068,0,7.068583471,0.000706858,0.000530929,0.07340372,0.322846425,1460.981956,4055.120673,5516.102629,24,159.4348999,361.2150836,520.6499835,11.8872
"783","4106",0.146333284196382,0.112168808543594,-0.0494440154330269,1701011,"QULA",20,"A",20.4,"AU",2,2,0,0,1,1,0,0,0,0,0,0,0,0,0,0,0,0,5.449315068,0,326.8512997,0.03268513,0.031415927,0.07340372,2.329106348,1151.087402,5407.874762,6558.962164,35,93.60235829,679.4207139,773.0230722,11.8872
"784","4107",-0.00848369905259454,-0.0624152148900127,0.146195096544077,1701015,"QULA",2.8,"A",3.1,"AU",1,0,0,93,1,0,0,0,0,0,0,0,0,0,0,0,0,0,5.449315068,1,7.54767635,0.000754768,0.000615752,0.05505279,0.255106327,1411.407624,2627.918693,4039.326316,22,240.7550176,215.8986357,456.6536533,11.8872
"785","4109",-0.0432144612113422,-0.0200570436837264,-0.00877080400674624,1701017,"QULA",6.1,"A",7,"A",0,0,0,98,0,0,0,0,0,0,0,0,0,0,0,0,0,0,5.449315068,0,38.48451001,0.003848451,0.002922467,0.165158371,1.699267565,1380.47079,2649.980527,4030.451317,23,172.0143494,214.8594205,386.8737699,11.8872
"786","4112",-0.0432144612113422,-0.0200570436837264,-0.00877080400674624,1701050,"QULA",7.8,"A",8.4,"A",0,0,0,89,0,0,0,0,0,0,0,0,0,0,0,0,0,0,5.449315068,0,55.41769441,0.005541769,0.004778362,0.110105581,1.400922878,1699.813683,6401.654766,8101.468449,34,846.6284933,635.6883782,1482.316871,11.8872
"787","4113",-0.0432144612113422,-0.0200570436837264,-0.00877080400674624,1701051,"QULA",17,"A",18.1,"A",0,0,0,97,0,0,0,0,0,0,0,0,0,0,0,0,0,0,5.449315068,0,257.3042923,0.025730429,0.022698007,0.201860231,5.564776987,1497.927085,6454.03297,7951.960055,34,361.4059149,621.6915786,983.0974935,11.8872
"788","4115",-0.0432144612113422,-0.0200570436837264,-0.00877080400674624,1701054,"QULA",12.7,"A",14.6,"A",0,0,0,97,0,0,0,0,0,0,0,0,0,0,0,0,0,0,5.449315068,0,167.4154725,0.016741547,0.012667687,0.348667672,7.475912518,1135.096696,5419.930624,6555.027319,29,140.8069055,576.2477209,717.0546265,11.8872
"789","4116",-0.0432144612113422,-0.0200570436837264,-0.00877080400674624,1701055,"QULA",11.6,"A",12.7,"A",0,0,0,96,0,0,0,0,0,0,0,0,0,0,0,0,0,0,5.449315068,0,126.6768698,0.012667687,0.010568318,0.201860231,3.852537914,1628.554508,5283.703312,6912.25782,33,274.6515326,528.3766634,803.028196,11.8872
"790","4117",-0.0432144612113422,-0.0200570436837264,-0.00877080400674624,1701056,"QULA",5.7,"A",5.6,"A",0,0,0,99,0,0,0,0,0,0,0,0,0,0,0,0,0,0,5.449315068,0,24.6300864,0.002463009,0.002551759,-0.01835093,-0.162864491,1910.504594,4699.791194,6610.295788,33,215.24589,619.2577545,834.5036445,12.192
"791","4126",-0.0432144612113422,-0.0200570436837264,-0.00877080400674624,1703001,"QULA",10.6,"A",11.9,"A",0,0,0,98,0,0,0,0,0,0,0,0,0,0,0,0,0,0,5.449315068,0,111.2202339,0.011122023,0.008824734,0.238562092,4.215740142,3571.904453,2367.551348,5939.455801,29,630.5813189,283.5467404,914.1280593,13.1064
"792","4127",-0.0432144612113422,-0.0200570436837264,-0.00877080400674624,1703003,"QULA",16.9,"A",19.5,"A",0,0,0,93,0,0,0,0,0,0,0,0,0,0,0,0,0,0,5.449315068,0,298.6476516,0.029864765,0.022431757,0.477124183,13.64026144,3195.887229,1820.160244,5016.047472,28,425.7345301,256.4520636,682.1865937,13.1064
"793","4131",-0.119884433385484,-0.0496509540546988,-0.0354779463369479,1703007,"QULA",28.7,"A",30.6,"AU",0,0,0,92,0,0,0,1,0,0,0,0,0,0,0,0,0,0,5.449315068,0,735.4154243,0.073541542,0.064692461,0.348667672,16.2388869,2270.86098,3231.709239,5502.570219,27,222.5492482,362.3823253,584.9315735,13.1064
"794","4135",-0.0204632713490708,-0.0496313134492424,-0.035376686642636,1703012,"QULA",2.7,"A",3.3,"AU",1,0,0,100,1,0,0,0,0,0,0,0,0,0,0,0,0,0,5.449315068,0,8.552985999,0.000855299,0.000572555,0.110105581,0.518860325,3930.650772,4088.248768,8018.89954,35,471.4808526,369.155005,840.6358577,13.1064
"795","4136",-0.0432144612113422,-0.0200570436837264,-0.00877080400674624,1703013,"QULA",19.6,"A",20.5,"A",0,0,0,93,0,0,0,0,0,0,0,0,0,0,0,0,0,0,5.449315068,0,330.0635782,0.033006358,0.030171856,0.165158371,5.20157476,3639.676461,2464.626561,6104.303021,33,361.7387266,270.0028906,631.7416172,13.1064
"796","4137",-0.0432144612113422,-0.0200570436837264,-0.00877080400674624,1703014,"QULA",9.9,"A",10.8,"A",0,0,0,97,0,0,0,0,0,0,0,0,0,0,0,0,0,0,5.449315068,0,91.60884178,0.009160884,0.007697687,0.165158371,2.685102183,2600.366925,2850.908939,5451.275865,34,420.9934938,320.644323,741.6378168,13.1064
"797","4148",0.181518348287026,-0.122835185239516,-0.0877168675101359,1703026,"QULA",21.8,"A",22.3,"AU",3,3,0,83,0,0,1,0,0,0,0,0,0,0,0,0,0,0,5.449315068,0,390.5706527,0.039057065,0.037325262,0.091754651,3.178019491,456.1671073,5082.04448,5538.211587,11,111.3438839,586.8798636,698.2237475,12.192
"798","4149",0.108830399273619,-0.0791479844606892,-0.0599074695109703,1703027,"QULA",22.9,"A",24.1,"AU",2,1,0,79,0,0,1,0,0,0,0,0,0,0,0,0,0,0,5.449315068,0,456.1671073,0.045616711,0.041187065,0.220211161,8.128811761,390.5706527,3863.562061,4254.132714,8,95.33272502,539.7661823,635.0989073,12.192
"799","4156",0.233747697565215,0.135255010425369,-0.112229444204752,1703038,"QULA",12,"A",13.4,"AU",2,2,0,64,0,1,1,0,1,0,0,0,0,0,0,0,0,0,5.449315068,0,141.0260942,0.014102609,0.011309734,0.256913022,5.125186989,1897.616211,4565.331028,6462.947239,26,268.7190917,595.974565,864.6936567,13.1064
"800","4157",-0.0432144612113423,-0.0200570436837264,-0.00877080400674621,1703039,"QULA",15.6,"A",18,"A",0,0,0,96,0,0,0,0,0,0,0,0,0,0,0,0,0,0,5.449315068,0,254.4690049,0.0254469,0.01911345,0.440422323,11.62247128,1762.834032,4093.895781,5856.729812,25,319.1363441,438.8745015,758.0108456,13.1064
"801","4158",-0.0912433882533412,0.151046726060484,-0.0437310056263657,1703040,"QULA",15.2,"A",15.6,"AU",0,0,0,50,0,1,0,0,1,0,0,0,0,0,0,0,0,0,5.449315068,0,191.134497,0.01911345,0.018145839,0.07340372,1.775655335,1826.16854,3853.359739,5679.528279,23,318.3469925,402.3020248,720.6490173,13.1064
"802","416",-0.0432144612113426,-0.0200570436837264,-0.00877080400674635,307016,"QULA",22.8,"A",23.5,"A",0,0,0,96,0,0,0,0,0,0,0,0,0,0,0,0,0,0,5.465753425,0,433.7361357,0.043373614,0.040828138,0.128070175,4.657135531,595.1433123,2058.622834,2653.766146,17,111.4837518,203.3482689,314.8320207,11.5824
"803","4161",-0.101212622826713,0.14226361723627,-0.0454994441217318,1703043,"QULA",8.4,"A",7.3,"AU",0,0,0,35,0,1,0,0,0,0,0,0,0,0,0,0,1,0,5.449315068,0,41.85386813,0.004185387,0.005541769,-0.201860231,-2.489088282,1975.449169,2420.714949,4396.164118,20,456.0798688,286.6896,742.7694688,13.1064
"804","4163",0.155044085114485,0.145935157364998,-0.0685295586323094,1703047,"QULA",26,"A",28,"AU",3,3,0,0,0,1,0,0,1,0,0,0,0,0,0,0,0,0,5.449315068,0,615.7521601,0.061575216,0.053092916,0.367018602,15.56580975,2185.998708,4471.004709,6657.003417,25,334.8071973,472.7684737,807.575671,13.1064
"805","4165",-0.0383873819401651,0.100111989353029,-0.0211765268763413,1703049,"QULA",15.4,"A",16.6,"AU",0,0,0,78,0,1,0,0,0,0,0,0,0,0,0,0,0,0,5.449315068,0,216.4243179,0.021642432,0.018626503,0.220211161,5.534510135,2660.75619,3999.569461,6660.325651,25,568.5643446,399.8926715,968.4570161,13.1064
"806","4166",0.0212395459122681,-0.0333448175932698,-0.0103431934648923,1703051,"QULA",17,"A",18.6,"AU",1,1,0,96,0,0,0,0,0,0,0,0,0,0,0,0,0,0,5.449315068,0,271.7163486,0.027171635,0.022698007,0.293614882,8.209523367,3656.42115,3075.360026,6731.781176,29,476.2476882,292.9347999,769.182488,13.1064
"807","4169",-0.0432144612113422,-0.0200570436837264,-0.00877080400674619,1703055,"QULA",9.7,"A",9.8,"A",0,0,0,88,0,0,0,0,0,0,0,0,0,0,0,0,0,0,5.449315068,0,75.42963961,0.007542964,0.007389811,0.01835093,0.281049343,3007.11678,1991.01576,4998.13254,24,356.7314479,267.5726445,624.3040924,13.1064
"808","417",0.0402084099371077,0.0885191601261966,-0.0186259122466655,307018,"QULA",15.1,"A",16,"AU",1,1,0,97,0,1,0,0,0,0,0,0,0,0,0,0,0,0,5.465753425,0,201.0619298,0.020106193,0.017907864,0.164661654,4.022006279,1823.199735,1477.742352,3300.942087,18,245.752095,204.9550473,450.7071423,11.5824
"809","4170",0.159225241565386,0.119980857552583,0.116398263469449,1703056,"QULA",6.7,"A",6.7,"AU",1,1,0,44,0,1,1,0,0,0,0,0,0,0,0,0,0,0,5.449315068,1,35.25652355,0.003525652,0.003525652,0,0,4419.828165,1999.45879,6419.286955,29,471.9849436,281.1918211,753.1767647,13.1064
"810","4171",0.0314978293204576,-0.0581428735463296,-0.0580116688996728,1703057,"QULA",7.6,"A",8.4,"AU",1,0,0,92,0,0,1,0,0,0,0,0,0,0,0,0,0,0,5.449315068,0,55.41769441,0.005541769,0.00453646,0.146807441,1.844836712,3308.607573,3710.94349,7019.551063,27,499.7408407,340.1014405,839.8422812,13.1064
"811","4172",0.136666459791273,0.102113997538382,-0.0419334177984811,1703059,"QULA",9.5,"A",9.9,"AU",3,3,0,77,0,1,0,0,0,0,0,0,0,0,0,0,0,0,5.449315068,0,76.97687399,0.007697687,0.007088218,0.07340372,1.118432256,3857.734407,3096.251618,6953.986025,34,455.6164289,344.3721786,799.9886075,13.1064
"812","4173",-0.0432144612113422,-0.0200570436837264,-0.00877080400674619,1703061,"QULA",19.1,"A",17.6,"A",0,0,0,86,0,0,0,0,0,0,0,0,0,0,0,0,0,0,5.449315068,0,243.2849351,0.024328494,0.02865211,-0.275263952,-7.934239139,3333.583235,3844.131311,7177.714545,30,397.5115733,331.9158341,729.4274074,13.1064
"813","4194",-0.0432144612113422,-0.0200570436837264,-0.00877080400674619,1705022,"QULA",14.4,"A",15.3,"A",0,0,0,100,0,0,0,0,0,0,0,0,0,0,0,0,0,0,5.44109589,0,183.8538561,0.018385386,0.016286016,0.165407855,3.858357458,1137.37435,4945.102456,6082.476807,38,200.3119037,826.3150658,1026.626969,13.4112
"814","4196",0.108830399273619,-0.0791479844606892,-0.0599074695109703,1705024,"QULA",15.7,"A",16.2,"AU",2,1,0,80,0,0,1,0,0,0,0,0,0,0,0,0,0,0,5.44109589,0,206.119894,0.020611989,0.019359279,0.091893253,2.302312063,902.2575561,8873.514844,9775.7724,52,100.5371403,871.9545603,972.4917006,13.4112
"815","4211",0.0485611169091078,-0.0430566420758166,-0.0155121250291673,1705045,"QULA",21.6,"A",21.7,"AU",2,1,0,96,0,0,0,0,0,0,0,0,0,0,0,0,0,0,5.44109589,0,369.8361412,0.036983614,0.036643537,0.018378651,0.625016378,1835.703273,6179.167174,8014.870448,43,156.6271064,840.6356658,997.2627722,13.4112
"816","4217",-0.0432144612113422,-0.0200570436837264,-0.00877080400674619,1705053,"QULA",11.3,"A",11.7,"A",0,0,0,95,0,0,0,0,0,0,0,0,0,0,0,0,0,0,5.44109589,0,107.5131546,0.010751315,0.010028749,0.073514602,1.327979372,3886.260068,4177.831282,8064.091351,48,456.5432768,451.5341452,908.077422,13.1064
"817","4219",0.0719787058213115,-0.0679512900511633,-0.0555679498846142,1705055,"QULA",12,"A",13.2,"AU",1,1,0,94,0,0,1,0,0,0,0,0,0,0,0,0,0,0,5.44109589,0,136.847776,0.013684778,0.011309734,0.220543807,4.365010457,1966.872621,5837.244084,7804.116705,39,249.5599833,931.2693383,1180.829322,13.1064
"818","4220",-0.0383873819401651,0.100111989353029,-0.0211765268763413,1705056,"QULA",12.2,"A",12.3,"AU",0,0,0,72,0,1,0,0,0,0,0,0,0,0,0,0,0,0,5.44109589,0,118.8228881,0.011882289,0.011689866,0.018378651,0.353646681,3735.97413,2833.017569,6568.991699,40,598.8776244,294.1917064,893.0693307,13.1064
"819","4222",-0.0432144612113422,-0.0200570436837264,-0.00877080400674619,1705058,"QULA",24.8,"A",24.3,"A",0,0,0,93,0,0,0,0,0,0,0,0,0,0,0,0,0,0,5.44109589,0,463.7697615,0.046376976,0.048305129,-0.091893253,-3.543684085,3021.191115,2670.039596,5691.230711,40,372.7967496,278.5150757,651.3118254,13.1064
"820","4223",-0.0102760787350001,-0.024970199171741,-0.00922952053995883,1705061,"QULA",11.9,"A",11,"AU",1,0,0,90,0,0,0,0,0,0,0,0,0,0,0,0,0,0,5.44109589,0,95.03317777,0.009503318,0.011122023,-0.165407855,-2.974962484,3035.768105,3472.55944,6508.327545,38,477.410236,402.489904,879.90014,13.1064
"821","4224",0.0154730195733714,-0.0345633975905647,-0.0147495839768902,1705062,"QULA",18,"A",17.8,"AU",2,0,0,5,0,0,0,0,0,0,0,0,0,0,0,0,0,0,5.44109589,0,248.8455541,0.024884555,0.0254469,-0.036757301,-1.033514381,2930.713247,4381.53215,7312.245397,38,379.1609286,512.6918673,891.8527959,13.1064
"822","4227",-0.0432144612113422,-0.0200570436837264,-0.00877080400674619,1705065,"QULA",9.1,"A",10.2,"A",0,0,0,94,0,0,0,0,0,0,0,0,0,0,0,0,0,0,5.44109589,0,81.71282492,0.008171282,0.006503882,0.202165156,3.064456746,3212.969639,4673.229028,7886.198667,41,574.1739041,520.3112223,1094.485126,13.1064
"823","4228",-0.0432144612113422,-0.0200570436837264,-0.00877080400674619,1705066,"QULA",16.7,"A",17.1,"A",0,0,0,95,0,0,0,0,0,0,0,0,0,0,0,0,0,0,5.44109589,0,229.658277,0.022965828,0.021903969,0.073514602,1.951552294,3276.139213,4321.60627,7597.745483,39,419.3127242,486.1285549,905.4412791,13.1064
"824","423",0.106719160094331,0.109803249898193,0.129918163693937,307024,"QULA",22,"A",22.4,"AU",2,1,0,50,0,1,0,0,0,0,0,0,0,0,0,0,0,0,5.465753425,1,394.0813825,0.039408138,0.038013271,0.073182957,2.552012559,634.7980656,4469.936567,5104.734633,17,81.82559326,380.3834282,462.2090215,11.5824
"825","4230",-0.0102760787350001,-0.024970199171741,-0.00922952053995883,1705068,"QULA",6.6,"A",7,"AU",1,0,0,92,0,0,0,0,0,0,0,0,0,0,0,0,0,0,5.44109589,0,38.48451001,0.003848451,0.003421194,0.073514602,0.785239976,3441.913203,6415.375672,9857.288875,47,422.0103392,655.9402169,1077.950556,13.1064
"826","4231",-0.0432144612113422,-0.0200570436837264,-0.00877080400674619,1705069,"QULA",11.4,"A",12,"A",0,0,0,92,0,0,0,0,0,0,0,0,0,0,0,0,0,0,5.44109589,0,113.0973355,0.011309734,0.010207035,0.110271903,2.026611998,3367.300378,6758.092015,10125.39239,49,360.6713152,714.6021279,1075.273443,13.1064
"827","4232",0.303973299066339,-0.189304354775318,0.155158855468169,1705070,"QULA",10.4,"A",9.3,"AU",3,3,0,50,0,0,1,0,0,1,0,0,0,0,0,0,0,0,5.44109589,1,67.92908715,0.006792909,0.008494867,-0.202165156,-3.127968803,3709.48265,4691.230354,8400.713003,40,405.0788552,486.877796,891.9566512,13.1064
"828","4236",-0.0432144612113422,-0.0200570436837264,-0.00877080400674617,1705075,"QULA",16.5,"A",18.9,"A",0,0,0,80,0,0,0,0,0,0,0,0,0,0,0,0,0,0,5.44109589,0,280.5520779,0.028055208,0.021382465,0.441087613,12.26360081,3096.950622,4307.209922,7404.160544,35,355.1910115,534.9853393,890.1763508,13.1064
"829","4239",-0.0383873819401651,0.100111989353029,-0.0211765268763413,1705078,"QULA",12.3,"A",13.4,"AU",0,0,0,80,0,1,0,0,0,0,0,0,0,0,0,0,0,0,5.44109589,0,141.0260942,0.014102609,0.011882289,0.202165156,4.080649657,3681.608869,5127.574012,8809.18288,42,472.1190847,661.7831562,1133.902241,13.1064
"830","4240",0.0184690411487361,-0.0470007793754715,-0.0211505352092174,1705079,"QULA",19.2,"A",19.9,"AU",3,0,0,87,0,0,0,0,0,0,0,0,0,0,0,0,0,0,5.44109589,0,311.0255267,0.031102553,0.028952918,0.128650554,3.950738632,1862.571744,6644.421338,8506.993083,41,618.5251274,1114.918375,1733.443502,13.4112
"831","4241",-0.0432144612113422,-0.0200570436837264,-0.00877080400674617,1705080,"QULA",11.5,"A",12.7,"A",0,0,0,98,0,0,0,0,0,0,0,0,0,0,0,0,0,0,5.44109589,0,126.6768698,0.012667687,0.010386891,0.220543807,4.191795757,3486.453133,3593.212306,7079.665439,28,505.9813926,322.093342,828.0747346,13.1064
"832","4242",-0.0432144612113422,-0.0200570436837264,-0.00877080400674617,1705081,"QULA",21,"A",23.6,"A",0,0,0,100,0,0,0,0,0,0,0,0,0,0,0,0,0,0,5.44109589,0,437.4353611,0.043743536,0.034636059,0.477844914,16.73831391,2566.021464,3182.794641,5748.816105,26,309.508596,296.9383359,606.4469319,13.1064
"833","4244",-0.0432144612113422,-0.0200570436837264,-0.00877080400674617,1705083,"QULA",12.8,"A",13.7,"A",0,0,0,98,0,0,0,0,0,0,0,0,0,0,0,0,0,0,5.44109589,0,147.4113813,0.014741138,0.012867964,0.165407855,3.442642176,3284.213106,6030.891855,9315.104961,46,603.4640119,1107.770719,1711.234731,13.4112
"834","4245",-0.0432144612113422,-0.0200570436837264,-0.00877080400674617,1705085,"QULA",7.2,"A",7.8,"A",0,0,0,93,0,0,0,0,0,0,0,0,0,0,0,0,0,0,5.44109589,0,47.78362426,0.004778362,0.004071504,0.110271903,1.299110255,2799.716687,3791.768815,6591.485502,26,428.0724169,340.2179358,768.2903527,13.1064
"835","4247",0.141820474539664,-0.0924678640940121,-0.0663887017802108,1705087,"QULA",26.2,"A",28.2,"AU",2,2,0,92,0,0,1,0,0,0,0,0,0,0,0,0,0,0,5.44109589,0,624.5800355,0.062458004,0.053912872,0.367573011,15.70479953,1345.363492,6798.869887,8144.233379,39,369.5375719,1082.431786,1451.969358,13.4112
"836","4248",-0.0432144612113422,-0.0200570436837264,-0.00877080400674617,1705089,"QULA",18.8,"A",20.8,"A",0,0,0,87,0,0,0,0,0,0,0,0,0,0,0,0,0,0,5.44109589,0,339.7946614,0.033979466,0.027759113,0.367573011,11.43217025,2609.783849,3138.089778,5747.873627,27,329.601881,307.83274,637.4346211,13.1064
"837","4252",-0.0432144612113422,-0.0200570436837264,-0.00877080400674617,1705096,"QULA",15.8,"A",17,"A",0,0,0,100,0,0,0,0,0,0,0,0,0,0,0,0,0,0,5.44109589,0,226.9800692,0.022698007,0.01960668,0.220543807,5.681442183,2500.307199,4253.92851,6754.23571,35,232.6273882,388.6785914,621.3059795,13.4112
"838","4254",0.100469226962469,-0.086293022025648,-0.0480872239145397,1705099,"QULA",4.5,"A",4.9,"AU",2,2,0,92,1,0,0,0,0,0,0,0,0,0,0,0,0,0,5.44109589,0,18.8574099,0.001885741,0.001590431,0.073514602,0.542739395,2612.556305,5758.162343,8370.718648,38,220.7314029,646.3089912,867.0403941,13.4112
"839","4273",-0.0432144612113422,-0.0200570436837264,-0.00877080400674618,1707004,"QULA",2.3,"A",2.7,"A",0,0,0,98,0,0,0,0,0,0,0,0,0,0,0,0,0,0,5.44109589,0,5.725552611,0.000572555,0.000415476,0.073514602,0.288691168,4422.569204,531.1098,4953.679004,30,474.2574709,41.26024675,515.5177177,13.716
"840","4274",-0.0432144612113422,-0.0200570436837264,-0.00877080400674618,1707005,"QULA",21.3,"A",22.4,"A",0,0,0,97,0,0,0,0,0,0,0,0,0,0,0,0,0,0,5.44109589,0,394.0813825,0.039408138,0.035632729,0.202165156,6.938692218,4501.682361,951.8947201,5453.577081,31,382.9784779,84.40120931,467.3796872,13.4112
"841","4275",-0.0432144612113422,-0.0200570436837264,-0.00877080400674618,1707006,"QULA",1.1,"A",2.1,"A",0,0,0,99,0,0,0,0,0,0,0,0,0,0,0,0,0,0,5.44109589,0,3.463605901,0.000346361,9.50331777710913e-05,0.183786506,0.461905869,4629.168191,1576.859601,6206.027792,40,519.1938543,143.5944199,662.7882742,13.716
"842","4276",-0.0432144612113422,-0.0200570436837264,-0.00877080400674618,1707007,"QULA",2,"A",3.3,"A",0,0,0,99,0,0,0,0,0,0,0,0,0,0,0,0,0,0,5.44109589,0,8.552985999,0.000855299,0.000314159,0.238922457,0.994541073,4624.078811,1562.337589,6186.416399,39,506.6490202,144.1925786,650.8415988,13.716
"843","4277",-0.0432144612113422,-0.0200570436837264,-0.00877080400674618,1707008,"QULA",3.7,"A",4.3,"A",0,0,0,98,0,0,0,0,0,0,0,0,0,0,0,0,0,0,5.44109589,0,14.52201204,0.001452201,0.00107521,0.110271903,0.692858803,3032.14742,1562.337589,4594.485008,33,416.7574087,153.8823708,570.6397795,13.716
"844","4278",0.0212395459122681,-0.0333448175932699,-0.0103431934648923,1707009,"QULA",1.2,"A",1.6,"AU",1,1,0,98,0,0,0,0,0,0,0,0,0,0,0,0,0,0,5.44109589,0,2.010619298,0.000201062,0.000113097,0.073514602,0.161667054,3289.051159,1568.49511,4857.546269,38,640.9614081,167.4034134,808.3648215,13.716
"845","4279",-0.0432144612113422,-0.0200570436837264,-0.00877080400674618,1707010,"QULA",12.3,"A",14.4,"A",0,0,0,74,0,0,0,0,0,0,0,0,0,0,0,0,0,0,5.44109589,0,162.8601632,0.016286016,0.011882289,0.385951662,8.09345689,3128.201615,1568.49511,4696.696725,38,348.5717223,175.7620053,524.3337276,13.716
"846","4280",0.0485611169091078,-0.0430566420758167,-0.0155121250291673,1707011,"QULA",3.7,"A",4.1,"AU",2,1,0,98,0,0,0,0,0,0,0,0,0,0,0,0,0,0,5.44109589,0,13.20254313,0.001320254,0.00107521,0.073514602,0.450358222,3409.366303,1730.554167,5139.920471,42,604.8928459,244.9133698,849.8062157,14.0208
"847","4281",0.0644604022049729,-0.072315988960764,-0.0402251484854712,1707012,"QULA",16.1,"A",16.1,"AU",2,1,0,41,1,0,0,0,0,0,0,0,0,0,0,0,0,0,5.44109589,0,203.5830579,0.020358306,0.020358306,0,0,3360.011883,2011.106245,5371.118128,44,464.2107624,276.3963319,740.6070942,13.716
"848","4283",-0.0432144612113422,-0.0200570436837264,-0.00877080400674618,1707014,"QULA",11.9,"A",12.7,"A",0,0,0,97,0,0,0,0,0,0,0,0,0,0,0,0,0,0,5.44109589,0,126.6768698,0.012667687,0.011122023,0.147029204,2.840721091,3498.823154,2011.106245,5509.929399,44,567.8922292,364.8880424,932.7802716,14.0208
"849","4284",-0.038387381940165,0.100111989353029,-0.0211765268763413,1707017,"QULA",3.2,"A",3,"AU",0,0,0,9,0,1,0,0,0,0,0,0,0,0,0,0,0,0,5.44109589,0,7.068583471,0.000706858,0.000804248,-0.036757301,-0.178988524,2616.389048,1579.922653,4196.311701,31,423.3733712,182.5080577,605.8814289,13.4112
"850","4285",-0.0432144612113422,-0.0200570436837264,-0.00877080400674618,1707018,"QULA",19.7,"A",21.1,"A",0,0,0,91,0,0,0,0,0,0,0,0,0,0,0,0,0,0,5.44109589,0,349.6671163,0.034966712,0.030480517,0.257301108,8.245019753,2620.253207,1589.543781,4209.796988,31,262.8126725,197.295973,460.1086455,13.4112
"851","4287",-0.0432144612113422,-0.0200570436837264,-0.00877080400674618,1707020,"QULA",8.4,"A",10.5,"A",0,0,0,98,0,0,0,0,0,0,0,0,0,0,0,0,0,0,5.44109589,0,86.59014751,0.008659015,0.005541769,0.385951662,5.729076225,3796.206315,2013.768745,5809.97506,42,517.8474859,309.9739161,827.821402,13.716
"852","4288",-0.038387381940165,0.100111989353029,-0.0211765268763413,1707022,"QULA",16.1,"A",16.8,"AU",0,0,0,72,0,1,0,0,0,0,0,0,0,0,0,0,0,0,5.44109589,0,221.6707776,0.022167078,0.020358306,0.128650554,3.324278797,3305.733016,2064.034227,5369.767243,41,430.0156095,301.1707684,731.1863778,13.716
"853","4290",0.0212395459122681,-0.0333448175932699,-0.0103431934648923,1707024,"QULA",17.5,"A",20.1,"AU",1,1,0,98,0,0,0,0,0,0,0,0,0,0,0,0,0,0,5.44109589,0,317.308712,0.031730871,0.024052819,0.477844914,14.11122428,3308.411223,1978.472951,5286.884175,39,328.681755,216.0677534,544.7495084,13.716
"854","4291",0.0644604022049729,-0.072315988960764,-0.0402251484854712,1707025,"QULA",3.1,"A",3.6,"AU",2,1,0,66,1,0,0,0,0,0,0,0,0,0,0,0,0,0,5.44109589,0,10.1787602,0.001017876,0.000754768,0.091893253,0.483557706,3608.386198,2470.658419,6079.044617,49,457.4396989,313.6431855,771.0828844,13.716
"855","4292",0.0212395459122681,-0.0333448175932699,-0.0103431934648923,1707026,"QULA",3.1,"A",3.8,"AU",1,1,0,95,0,0,0,0,0,0,0,0,0,0,0,0,0,0,5.44109589,0,11.34114948,0.001134115,0.000754768,0.128650554,0.69718917,3607.223809,2470.658419,6077.882227,49,449.8280434,314.4005836,764.2286271,13.716
"856","4294",-0.0432144612113422,-0.0200570436837264,-0.00877080400674618,1707028,"QULA",9.5,"A",9.3,"A",0,0,0,98,0,0,0,0,0,0,0,0,0,0,0,0,0,0,5.44109589,0,67.92908715,0.006792909,0.007088218,-0.036757301,-0.542739395,3460.464308,1680.327955,5140.792263,44,394.7146093,448.5325914,843.2472007,13.716
"857","4296",-0.0432144612113422,-0.0200570436837264,-0.00877080400674618,1707030,"QULA",8.2,"A",8.7,"A",0,0,0,81,0,0,0,0,0,0,0,0,0,0,0,0,0,0,5.44109589,0,59.44678699,0.005944679,0.005281017,0.091893253,1.219720184,2891.922431,2067.804139,4959.72657,41,357.2152037,220.8387142,578.053918,13.716
"858","4297",-0.0432144612113422,-0.0200570436837264,-0.00877080400674618,1707031,"QULA",6.7,"A",7.1,"A",0,0,0,92,0,0,0,0,0,0,0,0,0,0,0,0,0,0,5.44109589,0,39.59192142,0.003959192,0.003525652,0.073514602,0.796787623,1778.007924,3179.213226,4957.22115,31,212.1914504,331.0766151,543.2680655,13.716
"859","4308",-0.038387381940165,0.100111989353029,-0.0211765268763413,1707043,"QULA",14.6,"A",16.2,"AU",0,0,0,29,0,1,0,0,0,0,0,0,0,0,0,0,0,0,5.44109589,0,206.119894,0.020611989,0.016741547,0.294058409,7.113350375,767.3968375,4118.863588,4886.260426,27,92.81459455,461.7229181,554.5375126,13.4112
"860","4312",0.074342554122237,0.0874132750888714,-0.0223206573258998,1707050,"QULA",5.1,"A",5.7,"AU",2,1,0,79,0,1,0,0,0,0,0,0,0,0,0,0,0,0,5.44109589,0,25.51758633,0.002551759,0.002042821,0.110271903,0.935359384,2195.344946,2244.031778,4439.376725,24,347.1659991,285.0078468,632.1738459,13.4112
"861","4313",0.0212395459122681,-0.0333448175932699,-0.0103431934648923,1707052,"QULA",4.8,"A",5.4,"AU",1,1,0,97,0,0,0,0,0,0,0,0,0,0,0,0,0,0,5.44109589,0,22.90221044,0.002290221,0.001809557,0.110271903,0.883394974,943.5459376,3555.442508,4498.988445,24,124.7984833,609.9702855,734.7687688,13.4112
"862","4315",-0.0432144612113422,-0.0200570436837264,-0.00877080400674618,1707055,"QULA",2.1,"A",4.2,"A",0,0,0,98,0,0,0,0,0,0,0,0,0,0,0,0,0,0,5.44109589,0,13.8544236,0.001385442,0.000346361,0.385951662,1.909692075,2117.61409,3366.954803,5484.568893,23,171.2177879,387.9844068,559.2021947,13.4112
"863","4316",-0.0432144612113422,-0.0200570436837264,-0.00877080400674618,1707056,"QULA",12.4,"A",13.7,"A",0,0,0,91,0,0,0,0,0,0,0,0,0,0,0,0,0,0,5.44109589,0,147.4113813,0.014741138,0.012076282,0.238922457,4.897645662,1529.28018,2598.631195,4127.911375,23,179.259377,343.6033835,522.8627605,13.4112
"864","4317",0.0212395459122681,-0.0333448175932699,-0.0103431934648923,1707057,"QULA",14.4,"A",16.3,"AU",1,1,0,96,0,0,0,0,0,0,0,0,0,0,0,0,0,0,5.44109589,0,208.672438,0.020867244,0.016286016,0.349194361,8.419677909,2012.190095,2208.783109,4220.973204,24,238.17643,302.2855494,540.4619794,13.4112
"865","4318",-0.038387381940165,0.100111989353029,-0.0211765268763413,1707060,"QULA",2,"A",2.8,"AU",0,0,0,42,0,1,0,0,0,0,0,0,0,0,0,0,0,0,5.44109589,0,6.157521601,0.000615752,0.000314159,0.147029204,0.554287042,1973.477819,3149.878604,5123.356423,29,161.405049,339.2885621,500.6936111,13.4112
"866","4323",-0.0432144612113422,-0.0200570436837264,-0.00877080400674618,1707068,"QULA",20.1,"A",23.5,"A",0,0,0,94,0,0,0,0,0,0,0,0,0,0,0,0,0,0,5.44109589,0,433.7361357,0.043373614,0.031730871,0.624874119,21.39778936,3144.372963,1071.259533,4215.632496,24,354.0793864,108.0197129,462.0990993,13.4112
"867","4324",-0.0432144612113422,-0.0200570436837264,-0.00877080400674618,1707069,"QULA",12.6,"A",14.3,"A",0,0,0,81,0,0,0,0,0,0,0,0,0,0,0,0,0,0,5.44109589,0,160.6060704,0.016060607,0.012468981,0.312437059,6.600923552,3430.540638,1388.568245,4819.108883,24,615.316539,164.9556871,780.2722261,13.4112
"868","4326",-0.0432144612113422,-0.0200570436837264,-0.00877080400674618,1707071,"QULA",22.4,"A",22.9,"A",0,0,0,93,0,0,0,0,0,0,0,0,0,0,0,0,0,0,5.44109589,0,411.8706509,0.041187065,0.039408138,0.091893253,3.269427476,3558.324919,1497.927085,5056.252004,28,489.8359492,157.4225559,647.2585051,13.4112
"869","4327",-0.0432144612113422,-0.0200570436837264,-0.00877080400674618,1707072,"QULA",12.9,"A",12.9,"A",0,0,0,83,0,0,0,0,0,0,0,0,0,0,0,0,0,0,5.44109589,0,130.6981084,0.013069811,0.013069811,0,0,3498.618951,1517.562039,5016.18099,26,560.7959365,162.3258536,723.1217901,13.4112
"870","4328",-0.0432144612113422,-0.0200570436837264,-0.00877080400674618,1707074,"QULA",16.7,"A",18.1,"A",0,0,0,96,0,0,0,0,0,0,0,0,0,0,0,0,0,0,5.44109589,0,257.3042923,0.025730429,0.021903969,0.257301108,7.032516848,4260.737913,147.0736601,4407.811573,25,444.4263341,21.49718013,465.9235143,13.4112
"871","4329",-0.0432144612113422,-0.0200570436837264,-0.00877080400674618,1707076,"QULA",20.2,"A",20.8,"A",0,0,0,96,0,0,0,0,0,0,0,0,0,0,0,0,0,0,5.44109589,0,339.7946614,0.033979466,0.032047387,0.110271903,3.550901364,3851.034961,769.1796913,4620.214652,25,401.7010879,67.11889355,468.8199815,13.4112
"872","4330",-0.0432144612113422,-0.0200570436837264,-0.00877080400674619,1707077,"QULA",12.7,"A",14.6,"A",0,0,0,97,0,0,0,0,0,0,0,0,0,0,0,0,0,0,5.44109589,0,167.4154725,0.016741547,0.012667687,0.349194361,7.487205437,3715.977892,769.1796913,4485.157584,26,394.9178055,91.47661837,486.3944238,13.4112
"873","4331",-0.0432144612113422,-0.0200570436837264,-0.00877080400674619,1707078,"QULA",3.3,"A",4.4,"A",0,0,0,99,0,0,0,0,0,0,0,0,0,0,0,0,0,0,5.44109589,0,15.20530844,0.001520531,0.000855299,0.202165156,1.222607096,5192.471462,441.1895643,5633.661026,31,536.2236788,40.57312879,576.7968076,13.716
"874","4332",-0.0432144612113422,-0.0200570436837264,-0.00877080400674619,1709001,"QULA",17.3,"A",19.3,"A",0,0,0,96,0,0,0,0,0,0,0,0,0,0,0,0,0,0,5.44109589,0,292.5529619,0.029255296,0.023506182,0.367573011,10.56609674,2040.872836,2158.124927,4198.997763,19,459.2325717,182.2988842,641.5314559,14.0208
"875","4333",-0.0432144612113422,-0.0200570436837264,-0.00877080400674619,1709003,"QULA",2.2,"A",2.9,"A",0,0,0,100,0,0,0,0,0,0,0,0,0,0,0,0,0,0,5.44109589,0,6.605198554,0.00066052,0.000380133,0.128650554,0.515313735,2977.570101,973.7052271,3951.275328,22,360.3647906,101.0791017,461.4438923,14.0208
"876","4334",-0.0432144612113422,-0.0200570436837264,-0.00877080400674619,1709004,"QULA",14.1,"A",15.8,"A",0,0,0,87,0,0,0,0,0,0,0,0,0,0,0,0,0,0,5.44109589,0,196.0667975,0.01960668,0.015614501,0.312437059,7.33708603,2137.359,2158.124927,4295.483927,19,601.364866,186.6286904,787.9935564,14.0208
"877","4335",-0.0432144612113422,-0.0200570436837264,-0.00877080400674619,1709005,"QULA",1.8,"A",2.6,"A",0,0,0,98,0,0,0,0,0,0,0,0,0,0,0,0,0,0,5.44109589,0,5.309291585,0.000530929,0.000254469,0.147029204,0.508096455,3096.660025,682.3146545,3778.974679,29,349.3561785,77.2931832,426.6493617,14.0208
"878","4339",-0.0432144612113422,-0.0200570436837264,-0.00877080400674619,1709010,"QULA",4.2,"A",7.5,"A",0,0,0,99,0,0,0,0,0,0,0,0,0,0,0,0,0,0,5.44109589,0,44.17864669,0.004417865,0.001385442,0.606495468,5.573182995,1155.34426,3100.178608,4255.522869,15,82.65919054,262.273731,344.9329215,14.0208
"879","4341",-0.0432144612113422,-0.0200570436837264,-0.00877080400674619,1709012,"QULA",21.4,"A",21.9,"A",0,0,0,16,0,0,0,0,0,0,0,0,0,0,0,0,0,0,5.44109589,0,376.6848131,0.037668481,0.035968094,0.091893253,3.125081892,3541.124699,324.4558353,3865.580535,33,393.8892902,54.09608826,447.9853785,14.0208
"880","4344",-0.0432144612113422,-0.0200570436837264,-0.00877080400674619,1709015,"QULA",19.2,"A",18.5,"A",0,0,0,94,0,0,0,0,0,0,0,0,0,0,0,0,0,0,5.44109589,0,268.8025214,0.026880252,0.028952918,-0.128650554,-3.809279959,3120.968098,1685.401627,4806.369725,33,501.8835606,165.438298,667.3218586,14.0208
"881","4345",-0.0432144612113422,-0.0200570436837264,-0.00877080400674619,1709016,"QULA",1.7,"A",3.2,"A",0,0,0,100,0,0,0,0,0,0,0,0,0,0,0,0,0,0,5.44109589,0,8.042477193,0.000804248,0.00022698,0.275679758,1.060940042,3958.901544,757.4458428,4716.347387,35,655.182169,77.82851142,733.0106804,14.0208
"882","4346",0.0402084099371073,0.0885191601261959,-0.0186259122466657,1709017,"QULA",21.8,"A",22.3,"AU",1,1,0,39,0,1,0,0,0,0,0,0,0,0,0,0,0,0,5.44109589,0,390.5706527,0.039057065,0.037325262,0.091893253,3.182820125,4277.192004,629.9600129,4907.152017,40,399.79576,54.01569931,453.8114594,14.0208
"883","4347",0.0212395459122681,-0.0333448175932699,-0.0103431934648923,1709018,"QULA",20.2,"A",23,"AU",1,1,0,97,0,0,0,0,0,0,0,0,0,0,0,0,0,0,5.44109589,0,415.4756284,0.041547563,0.032047387,0.514602216,17.46004183,3448.29849,1792.663454,5240.961944,35,790.2373038,154.071947,944.3092508,14.0208
"884","4348",-0.0432144612113422,-0.0200570436837264,-0.00877080400674619,1709019,"QULA",1.9,"A",3.1,"A",0,0,0,98,0,0,0,0,0,0,0,0,0,0,0,0,0,0,5.44109589,0,7.54767635,0.000754768,0.000283529,0.220543807,0.866073503,4223.722097,378.9074899,4602.629587,36,606.7146533,45.36728455,652.0819378,14.0208
"885","4349",-0.0432144612113422,-0.0200570436837264,-0.00877080400674619,1709021,"QULA",2.9,"A",4.1,"A",0,0,0,100,0,0,0,0,0,0,0,0,0,0,0,0,0,0,5.44109589,0,13.20254313,0.001320254,0.00066052,0.220543807,1.212502905,4836.167731,617.3936423,5453.561373,44,583.2396614,53.21839597,636.4580574,14.0208
"886","4350",-0.12135350202502,-0.049995880766186,-0.034766815333351,1709024,"QULA",2.6,"A",3.9,"AU",0,0,0,98,0,0,0,0,0,0,0,0,0,1,0,0,0,0,5.44109589,0,11.94590607,0.001194591,0.000530929,0.238922457,1.219720184,4744.433225,393.429502,5137.862727,38,1817.370679,52.96753026,1870.338209,14.0208
"887","4351",-0.0383873819401651,0.100111989353029,-0.0211765268763413,1709025,"QULA",3.2,"A",3.9,"AU",0,0,0,63,0,1,0,0,0,0,0,0,0,0,0,0,0,0,5.44109589,0,11.94590607,0.001194591,0.000804248,0.128650554,0.717397552,4744.433225,393.429502,5137.862727,38,1817.474429,53.00126411,1870.475693,14.0208
"888","4352",-0.0432144612113422,-0.0200570436837264,-0.00877080400674618,1709026,"QULA",1.7,"A",2.7,"A",0,0,0,100,0,0,0,0,0,0,0,0,0,0,0,0,0,0,5.44109589,0,5.725552611,0.000572555,0.00022698,0.183786506,0.635120569,4925.019825,258.5766373,5183.596462,37,641.0725523,43.59352132,684.6660737,14.0208
"889","4353",-0.0432144612113422,-0.0200570436837264,-0.00877080400674619,1709027,"QULA",11.9,"A",13,"A",0,0,0,97,0,0,0,0,0,0,0,0,0,0,0,0,0,0,5.44109589,0,132.7322896,0.013273229,0.011122023,0.202165156,3.953625543,4156.554846,417.1014026,4573.656249,37,390.3994628,36.70413367,427.1035964,13.716
"890","4354",-0.0432144612113422,-0.0200570436837264,-0.00877080400674619,1709028,"QULA",3.3,"A",4.4,"A",0,0,0,100,0,0,0,0,0,0,0,0,0,0,0,0,0,0,5.44109589,0,15.20530844,0.001520531,0.000855299,0.202165156,1.222607096,4865.777242,258.5766373,5124.353879,37,606.0326704,38.77967805,644.8123484,14.0208
"891","4356",-0.0432144612113422,-0.0200570436837264,-0.00877080400674619,1709032,"QULA",2.8,"A",3.7,"A",0,0,0,99,0,0,0,0,0,0,0,0,0,0,0,0,0,0,5.44109589,0,10.75210086,0.00107521,0.000615752,0.165407855,0.844421666,5087.039612,258.5766373,5345.61625,39,692.9304191,42.64117887,735.5715979,14.0208
"892","4357",-0.0432144612113422,-0.0200570436837264,-0.00877080400674619,1709034,"QULA",8.1,"A",10.1,"A",0,0,0,98,0,0,0,0,0,0,0,0,0,0,0,0,0,0,5.44109589,0,80.11846665,0.008011847,0.005152997,0.367573011,5.254179254,5012.363955,258.5766373,5270.940592,38,706.9449783,45.91611453,752.8610928,14.0208
"893","4358",0.0740849815369313,-0.0551053752455034,-0.0227031457643077,1709035,"QULA",4.4,"A",4.8,"AU",2,2,0,97,0,0,0,0,0,0,0,0,0,0,0,0,0,0,5.44109589,0,18.09557368,0.001809557,0.001520531,0.073514602,0.531191749,5244.103537,282.3349318,5526.438469,40,1135.429188,57.8382768,1193.267465,14.0208
"894","4359",-0.0432144612113422,-0.0200570436837264,-0.00877080400674619,1709036,"QULA",19.2,"A",19.8,"A",0,0,0,68,0,0,0,0,0,0,0,0,0,0,0,0,0,0,5.44109589,0,307.907496,0.03079075,0.028952918,0.110271903,3.377686663,4954.291615,282.3349318,5236.626546,40,576.430916,53.878542,630.309458,14.0208
"895","4360",-0.0432144612113422,-0.0200570436837264,-0.00877080400674619,1709037,"QULA",2.5,"A",3.5,"A",0,0,0,99,0,0,0,0,0,0,0,0,0,0,0,0,0,0,5.44109589,0,9.621127502,0.000962113,0.000490874,0.183786506,0.866073503,5460.881284,238.9416833,5699.822967,42,561.9024754,32.57680889,594.4792843,14.0208
"896","4361",-0.0432144612113422,-0.0200570436837264,-0.00877080400674619,1709039,"QULA",10.6,"A",10.9,"A",0,0,0,15,0,0,0,0,0,0,0,0,0,0,0,0,0,0,5.44109589,0,93.31315579,0.009331316,0.008824734,0.055135952,0.931029016,5101.726558,950.4495874,6052.176145,43,483.751336,89.29732465,573.0486606,14.0208
"897","4362",-0.0432144612113422,-0.0200570436837264,-0.00877080400674619,1709041,"QULA",3.6,"A",5.1,"A",0,0,0,99,0,0,0,0,0,0,0,0,0,0,0,0,0,0,5.44109589,0,20.42820623,0.002042821,0.001017876,0.275679758,1.88370987,4791.635655,1007.610866,5799.246521,42,470.6380069,102.111652,572.7496589,14.0208
"898","4363",-0.0432144612113422,-0.0200570436837264,-0.00877080400674619,1709043,"QULA",12.8,"A",13.7,"A",0,0,0,96,0,0,0,0,0,0,0,0,0,0,0,0,0,0,5.44109589,0,147.4113813,0.014741138,0.012867964,0.165407855,3.442642176,4011.240478,1425.631184,5436.871662,43,372.4545291,183.6063829,556.060912,14.0208
"899","4365",-0.0432144612113422,-0.0200570436837264,-0.00877080400674619,1709046,"QULA",18.5,"A",20.5,"A",0,0,0,95,0,0,0,0,0,0,0,0,0,0,0,0,0,0,5.44109589,0,330.0635782,0.033006358,0.026880252,0.367573011,11.25895554,3599.173478,212.3952253,3811.568703,36,470.3096603,31.59220662,501.9018669,14.0208
"900","4366",-0.0432144612113422,-0.0200570436837264,-0.00877080400674619,1709047,"QULA",1.3,"A",3,"A",0,0,0,100,0,0,0,0,0,0,0,0,0,0,0,0,0,0,5.44109589,0,7.068583471,0.000706858,0.000132732,0.312437059,1.055166218,4101.561267,905.9410735,5007.50234,42,758.6212385,76.59173503,835.2129736,14.0208
"901","4367",-0.0432144612113422,-0.0200570436837264,-0.00877080400674619,1709048,"QULA",3.8,"A",5.9,"A",0,0,0,99,0,0,0,0,0,0,0,0,0,0,0,0,0,0,5.44109589,0,27.33971007,0.002733971,0.001134115,0.385951662,2.940319544,3586.363634,187.7651389,3774.128772,33,446.5100044,44.57175698,491.0817613,13.716
"902","4368",-0.0432144612113422,-0.0200570436837264,-0.00877080400674619,1709049,"QULA",3.6,"A",5,"A",0,0,0,99,0,0,0,0,0,0,0,0,0,0,0,0,0,0,5.44109589,0,19.63495408,0.001963495,0.001017876,0.257301108,1.73792083,4393.478056,882.1827791,5275.660835,39,514.1657913,68.07746657,582.2432578,14.0208
"903","4369",0.100469226962469,-0.0862930220256479,-0.0480872239145397,1709051,"QULA",18.4,"A",19.5,"AU",2,2,0,21,1,0,0,0,0,0,0,0,0,0,0,0,0,0,5.44109589,0,298.6476516,0.029864765,0.02659044,0.202165156,6.017767393,4294.219436,187.7651389,4481.984575,36,743.7928468,34.83113331,778.6239801,14.0208
"904","4370",0.0402084099371073,0.088519160126196,-0.0186259122466657,1709052,"QULA",17.3,"A",16.4,"AU",1,1,0,76,0,1,0,0,0,0,0,0,0,0,0,0,0,0,5.44109589,0,211.24069,0.021124069,0.023506182,-0.165407855,-4.37800156,4545.664658,212.3952253,4758.059884,41,614.7562948,24.19361873,638.9499135,14.0208
"905","4371",0.146333284196382,0.112168808543594,-0.0494440154330267,1709054,"QULA",19.4,"A",20.2,"AU",2,2,0,43,1,1,0,0,0,0,0,0,0,0,0,0,0,0,5.44109589,0,320.4738666,0.032047387,0.029559245,0.147029204,4.572868098,4264.845545,187.7651389,4452.610684,35,757.554137,35.60422905,793.1583661,14.0208
"906","4373",-0.0432144612113422,-0.0200570436837264,-0.00877080400674619,1709056,"QULA",11.5,"A",14.9,"A",0,0,0,98,0,0,0,0,0,0,0,0,0,0,0,0,0,0,5.44109589,0,174.3662463,0.017436625,0.010386891,0.624874119,12.95645961,3770.288175,187.7651389,3958.053314,31,674.8475624,31.03856726,705.8861297,13.716
"907","4374",-0.0383873819401651,0.100111989353029,-0.0211765268763413,1709059,"QULA",13.8,"A",13.8,"AU",0,0,0,71,0,1,0,0,0,0,0,0,0,0,0,0,0,0,5.44109589,0,149.5712262,0.014957123,0.014957123,0,0,4704.644954,213.801088,4918.446043,31,573.1133603,22.17171851,595.2850788,13.716
"908","4375",0.0649131424080995,-0.0959345291487819,-0.0462763181688667,1709060,"QULA",24.4,"A",27.2,"AU",2,2,0,92,0,0,0,0,0,0,0,0,1,0,0,0,0,0,5.44109589,0,581.0689772,0.058106898,0.046759465,0.514602216,20.85504996,3712.87557,213.801088,3926.676658,30,460.7574602,20.50272174,481.2601819,13.716
"909","4376",0.129188224094323,-0.111684364155971,-0.0654068565936322,1709062,"QULA",13.6,"A",14.3,"AU",3,3,0,51,1,0,0,0,0,0,0,0,0,0,0,0,0,0,5.44109589,0,160.6060704,0.016060607,0.014526724,0.128650554,2.819069254,4405.526064,213.801088,4619.327152,29,685.0831575,22.12740595,707.2105635,13.716
"910","4377",-0.0432144612113422,-0.0200570436837264,-0.00877080400674619,1709063,"QULA",22.1,"A",23.9,"A",0,0,0,71,0,0,0,0,0,0,0,0,0,0,0,0,0,0,5.44109589,0,448.6272849,0.044862728,0.038359632,0.33081571,11.95181435,4677.957125,123.8808523,4801.837977,29,531.0109476,24.32519554,555.3361431,13.716
"911","4379",0.0402084099371073,0.088519160126196,-0.0186259122466657,1709065,"QULA",13.7,"A",14.3,"AU",1,1,0,87,0,1,0,0,0,0,0,0,0,0,0,0,0,0,5.44109589,0,160.6060704,0.016060607,0.014741138,0.110271903,2.42500581,4177.697765,213.801088,4391.498853,29,521.1847292,17.96859728,539.1533264,13.716
"912","4380",0.00140265207779311,0.0934709252610172,-0.0193403460192345,1709066,"QULA",14.9,"A",16.4,"AU",1,0,0,42,0,1,0,0,0,0,0,0,0,0,0,0,0,0,5.44109589,0,211.24069,0.021124069,0.017436625,0.275679758,6.777025164,5051.366828,239.4364841,5290.803312,28,556.5992617,62.45300798,619.0522697,13.716
"913","4381",-0.0432144612113422,-0.0200570436837264,-0.00877080400674619,1709068,"QULA",8.5,"A",10.8,"A",0,0,0,78,0,0,0,0,0,0,0,0,0,0,0,0,0,0,5.44109589,0,91.60884178,0.009160884,0.005674502,0.422708963,6.40750047,4405.934471,220.5790742,4626.513545,25,579.9627095,58.15930393,638.1220134,13.716
"914","4382",-0.0432144612113422,-0.0200570436837264,-0.00877080400674619,1709069,"QULA",9.4,"A",10.3,"A",0,0,0,97,0,0,0,0,0,0,0,0,0,0,0,0,0,0,5.44109589,0,83.32289115,0.008332289,0.006939778,0.165407855,2.559247203,5340.786051,239.4364841,5580.222535,28,592.4941363,34.66519431,627.1593306,13.716
"915","4383",0.0212395459122681,-0.0333448175932699,-0.0103431934648923,1709070,"QULA",5.6,"A",5.8,"AU",1,1,0,98,0,0,0,0,0,0,0,0,0,0,0,0,0,0,5.44109589,0,26.42079422,0.002642079,0.002463009,0.036757301,0.329107931,4712.687432,239.4364841,4952.123916,27,618.5116354,36.13873824,654.6503736,13.716
"916","4384",-0.0432144612113423,-0.0200570436837264,-0.00877080400674619,1709071,"QULA",9.8,"A",11.3,"A",0,0,0,96,0,0,0,0,0,0,0,0,0,0,0,0,0,0,5.44109589,0,100.2874915,0.010028749,0.007542964,0.275679758,4.568537731,4893.737416,616.8281556,5510.565572,28,499.8428122,60.59128133,560.4340935,13.716
"917","4385",-0.0432144612113423,-0.0200570436837264,-0.00877080400674619,1709072,"QULA",16.4,"A",20.5,"A",0,0,0,98,0,0,0,0,0,0,0,0,0,0,0,0,0,0,5.44109589,0,330.0635782,0.033006358,0.021124069,0.753524673,21.83804339,4105.896665,289.9768559,4395.873521,28,438.9696051,29.29616886,468.265774,13.716
"918","4386",0.0485611169091078,-0.0430566420758167,-0.0155121250291674,1709075,"QULA",1.9,"A",2.2,"AU",2,1,0,96,0,0,0,0,0,0,0,0,0,0,0,0,0,0,5.44109589,0,3.801327111,0.000380133,0.000283529,0.055135952,0.177545068,4627.236112,215.5839419,4842.820053,26,550.8420254,15.75620745,566.5982328,13.716
"919","4387",-0.0432144612113423,-0.0200570436837264,-0.00877080400674619,1709076,"QULA",2.7,"A",3.2,"A",0,0,0,95,0,0,0,0,0,0,0,0,0,0,0,0,0,0,5.44109589,0,8.042477193,0.000804248,0.000572555,0.091893253,0.425819473,4178.114026,215.5839419,4393.697968,25,510.5051494,16.13711787,526.6422673,13.716
"920","4388",-0.0432144612113423,-0.0200570436837264,-0.00877080400674619,1709077,"QULA",3.3,"A",4.9,"A",0,0,0,99,0,0,0,0,0,0,0,0,0,0,0,0,0,0,5.44109589,0,18.8574099,0.001885741,0.000855299,0.294058409,1.893814061,4612.180029,215.5839419,4827.763971,26,505.6319427,15.98850833,521.620451,13.716
"921","4389",-0.0432144612113423,-0.0200570436837264,-0.00877080400674619,1709078,"QULA",14.2,"A",16.4,"A",0,0,0,96,0,0,0,0,0,0,0,0,0,0,0,0,0,0,5.44109589,0,211.24069,0.021124069,0.015836769,0.404330312,9.717344709,4240.812361,1090.52535,5331.337711,32,524.0657312,82.58981695,606.6555482,13.716
"922","4390",-0.0432144612113423,-0.0200570436837264,-0.00877080400674619,1709079,"QULA",2.2,"A",4.1,"A",0,0,0,100,0,0,0,0,0,0,0,0,0,0,0,0,0,0,5.44109589,0,13.20254313,0.001320254,0.000380133,0.349194361,1.727816639,3970.635393,645.5423124,4616.177705,26,424.904644,48.71466765,473.6193117,13.716
"923","4391",-0.0383873819401651,0.100111989353029,-0.0211765268763412,1709080,"QULA",11.1,"A",12.1,"AU",0,0,0,53,0,1,0,0,0,0,0,0,0,0,0,0,0,0,5.44109589,0,114.9901451,0.011499015,0.009676891,0.183786506,3.348817547,4840.03189,877.7845494,5717.816439,28,473.9781062,63.65831479,537.636421,13.716
"924","4392",-0.0432144612113423,-0.0200570436837265,-0.00877080400674619,1709081,"QULA",14.5,"A",17.1,"A",0,0,0,96,0,0,0,0,0,0,0,0,0,0,0,0,0,0,5.44109589,0,229.658277,0.022965828,0.016512996,0.477844914,11.85943317,4002.129859,1135.214505,5137.344365,27,612.7067657,106.1929469,718.8997126,13.716
"925","4393",-0.0432144612113423,-0.0200570436837265,-0.00877080400674619,1709082,"QULA",18.8,"A",20.4,"A",0,0,0,98,0,0,0,0,0,0,0,0,0,0,0,0,0,0,5.44109589,0,326.8512997,0.03268513,0.027759113,0.294058409,9.053355023,3904.936837,1398.236496,5303.173333,28,549.1296623,137.533183,686.6628453,13.716
"926","4395",-0.0432144612113423,-0.0200570436837265,-0.00877080400674619,1709086,"QULA",6.7,"A",7.9,"A",0,0,0,98,0,0,0,0,0,0,0,0,0,0,0,0,0,0,5.44109589,0,49.01669938,0.00490167,0.003525652,0.220543807,2.52893463,3672.812409,1457.612597,5130.425007,27,499.7144562,130.7450942,630.4595504,13.716
"927","4396",-0.0432144612113423,-0.0200570436837265,-0.00877080400674619,1709087,"QULA",21.5,"A",22.8,"A",0,0,0,97,0,0,0,0,0,0,0,0,0,0,0,0,0,0,5.44109589,0,408.2813813,0.040828138,0.03630503,0.238922457,8.312862177,2803.659386,2099.832676,4903.492062,25,338.6787647,229.9002673,568.579032,14.0208
"928","4397",-0.0432144612113423,-0.0200570436837265,-0.0087708040067462,1709088,"QULA",2.9,"A",4.5,"A",0,0,0,98,0,0,0,0,0,0,0,0,0,0,0,0,0,0,5.44109589,0,15.90431281,0.001590431,0.00066052,0.294058409,1.709051713,3196.036454,2099.832676,5295.86913,25,585.6130576,208.6049258,794.2179835,14.0208
"929","4398",0.0485611169091077,-0.0430566420758168,-0.0155121250291674,1709089,"QULA",1.4,"A",2,"AU",2,1,0,98,0,0,0,0,0,0,0,0,0,0,0,0,0,0,5.44109589,0,3.141592654,0.000314159,0.000153938,0.110271903,0.294464991,3208.799174,2099.832676,5308.63185,25,583.1881722,203.1234559,786.3116281,14.0208
"930","4399",-0.0432144612113423,-0.0200570436837265,-0.00877080400674619,1709090,"QULA",17.1,"A",18.3,"A",0,0,0,96,0,0,0,0,0,0,0,0,0,0,0,0,0,0,5.44109589,0,263.0219909,0.026302199,0.022965828,0.220543807,6.131800404,3093.565556,1834.980707,4928.546263,26,408.1311198,180.6723001,588.8034199,14.0208
"931","4402",-0.0432144612113423,-0.0200570436837265,-0.00877080400674619,1709095,"QULA",24,"A",25.4,"A",0,0,0,87,0,0,0,0,0,0,0,0,0,0,0,0,0,0,5.44109589,0,506.7074791,0.050670748,0.045238934,0.257301108,9.982940583,3008.137798,798.0116579,3806.149456,25,309.8093285,157.8443757,467.6537042,14.0208
"932","4404",-0.0432144612113423,-0.0200570436837265,-0.00877080400674619,1709097,"QULA",24.3,"A",25.4,"A",0,0,0,82,0,0,0,0,0,0,0,0,0,0,0,0,0,0,5.44109589,0,506.7074791,0.050670748,0.046376976,0.202165156,7.891373072,2801.947218,1507.021996,4308.969214,20,274.5783495,283.4690948,558.0474443,14.0208
"933","4406",-0.0383873819401651,0.100111989353029,-0.0211765268763412,1711001,"QULA",4.2,"A",4.8,"AU",0,0,0,30,0,1,0,0,0,0,0,0,0,0,0,0,0,0,5.44109589,0,18.09557368,0.001809557,0.001385442,0.110271903,0.779466153,3187.609132,3833.944697,7021.553829,26,449.0695674,298.8146736,747.8842409,14.0208
"934","4407",-0.0432144612113423,-0.0200570436837265,-0.00877080400674619,1711003,"QULA",10.2,"A",10.7,"A",0,0,0,100,0,0,0,0,0,0,0,0,0,0,0,0,0,0,5.44109589,0,89.92023573,0.008992024,0.008171282,0.091893253,1.508411352,3316.8464,3641.891284,6958.737683,27,423.8072003,284.1022933,707.9094935,14.0208
"935","4409",-0.0432144612113423,-0.0200570436837265,-0.00877080400674619,1711005,"QULA",8.5,"A",9.1,"A",0,0,0,60,0,0,0,0,0,0,0,0,0,0,0,0,0,0,5.44109589,0,65.03882191,0.006503882,0.005674502,0.110271903,1.524289366,3140.665884,4232.337915,7373.003799,27,502.3059663,335.5642258,837.8701921,14.0208
"936","441",0.141820474539665,-0.0924678640940125,-0.0663887017802115,309010,"QULA",5.1,"A",7.1,"AU",2,2,0,100,0,0,1,0,0,0,0,0,0,0,0,0,0,0,5.465753425,0,39.59192142,0.003959192,0.002042821,0.365914787,3.50614338,0,7884.290149,7884.290149,9,0,995.7521734,995.7521734,11.8872
"937","4410",-0.0432144612113423,-0.0200570436837265,-0.00877080400674619,1711006,"QULA",9.6,"A",11.1,"A",0,0,0,98,0,0,0,0,0,0,0,0,0,0,0,0,0,0,5.44109589,0,96.76890771,0.009676891,0.007238229,0.275679758,4.48193038,2920.243889,5108.49669,8028.740579,27,462.3979079,393.0035617,855.4014696,14.0208
"938","4411",-0.0383873819401651,0.100111989353029,-0.0211765268763412,1711007,"QULA",10.2,"A",10.9,"AU",0,0,0,80,0,1,0,0,0,0,0,0,0,0,0,0,0,0,5.44109589,0,93.31315579,0.009331316,0.008171282,0.128650554,2.131984274,3112.39155,4807.579238,7919.970788,28,522.500028,371.7200963,894.2201243,14.0208
"939","4412",-0.0432144612113423,-0.0200570436837265,-0.00877080400674619,1711008,"QULA",16.3,"A",18.1,"A",0,0,0,94,0,0,0,0,0,0,0,0,0,0,0,0,0,0,5.44109589,0,257.3042923,0.025730429,0.020867244,0.33081571,8.937878556,3001.210586,4023.241362,7024.451948,27,417.1667904,342.5290081,759.6957985,14.0208
"940","4413",-0.0432144612113423,-0.0200570436837265,-0.00877080400674619,1711009,"QULA",8.2,"A",8.3,"A",0,0,0,95,0,0,0,0,0,0,0,0,0,0,0,0,0,0,5.44109589,0,54.10607948,0.005410608,0.005281017,0.018378651,0.238170213,1767.106598,4189.557277,5956.663875,21,384.3547298,365.0827364,749.4374663,14.0208
"941","4414",-0.0432144612113423,-0.0200570436837265,-0.00877080400674619,1711010,"QULA",8.6,"A",9.8,"A",0,0,0,100,0,0,0,0,0,0,0,0,0,0,0,0,0,0,5.44109589,0,75.42963961,0.007542964,0.005808805,0.220543807,3.187150493,2231.905231,3472.732227,5704.637458,24,507.9226996,358.6479879,866.5706875,14.0208
"942","4415",0.0402084099371073,0.0885191601261961,-0.0186259122466657,1711012,"QULA",9.5,"A",10,"AU",1,1,0,92,0,1,0,0,0,0,0,0,0,0,0,0,0,0,5.44109589,0,78.53981634,0.007853982,0.007088218,0.091893253,1.407369443,2228.795054,3461.391078,5690.186132,23,498.4124363,382.2385925,880.6510289,14.0208
"943","4416",0.18540037137269,0.12727467640695,-0.0639129654790958,1711013,"QULA",23.3,"A",23.7,"AU",3,3,0,2,1,1,0,0,0,0,0,0,0,0,0,0,0,0,5.44109589,0,441.1502944,0.044115029,0.042638481,0.073514602,2.713696977,2541.67412,3497.96707,6039.641191,24,436.5879858,422.3952477,858.9832334,14.0208
"944","4417",-0.0102760787350002,-0.0249701991717411,-0.00922952053995888,1711014,"QULA",25.7,"A",26.5,"AU",1,0,0,90,0,0,0,0,0,0,0,0,0,0,0,0,0,0,5.44109589,0,551.5458602,0.055154586,0.051874763,0.147029204,6.027871584,2751.752421,5270.736389,8022.48881,27,392.9543656,664.6674622,1057.621828,14.0208
"945","4423",0.0314978293204576,-0.0581428735463297,-0.0580116688996729,1711022,"QULA",7.5,"A",8.2,"AU",1,0,0,100,0,0,1,0,0,0,0,0,0,0,0,0,0,0,5.44109589,0,52.81017251,0.005281017,0.004417865,0.128650554,1.586357967,1588.522763,3130.494978,4719.017741,19,160.5872154,432.1908659,592.7780814,14.0208
"946","4427",-0.0432144612113423,-0.0200570436837265,-0.00877080400674618,1711032,"QULA",23.5,"A",27.3,"A",0,0,0,100,0,0,0,0,0,0,0,0,0,0,0,0,0,0,5.44109589,0,585.3493972,0.05853494,0.043373614,0.698388721,27.86447152,1612.689465,2073.082014,3685.771479,15,210.0679275,296.5659702,506.6338976,14.0208
"947","4431",-0.0432144612113423,-0.0200570436837265,-0.00877080400674619,1711037,"QULA",9.3,"A",9.6,"A",0,0,0,93,0,0,0,0,0,0,0,0,0,0,0,0,0,0,5.44109589,0,72.38229474,0.007238229,0.006792909,0.055135952,0.818439461,2138.85911,2829.640357,4968.499467,18,532.8709325,298.1962164,831.0671488,14.0208
"948","4432",-0.0432144612113423,-0.0200570436837265,-0.00877080400674619,1711038,"QULA",22.9,"A",22.5,"A",0,0,0,80,0,0,0,0,0,0,0,0,0,0,0,0,0,0,5.44109589,0,397.6078202,0.039760782,0.041187065,-0.073514602,-2.621315804,1813.633585,3168.429709,4982.063294,19,270.8774848,315.6909045,586.5683894,14.0208
"949","4433",-0.0432144612113423,-0.0200570436837265,-0.00877080400674619,1711042,"QULA",15.9,"A",19.3,"A",0,0,0,93,0,0,0,0,0,0,0,0,0,0,0,0,0,0,5.44109589,0,292.5529619,0.029255296,0.019855651,0.624874119,17.27527948,2131.711987,1034.966284,3166.678271,20,238.5881322,97.14762619,335.7357584,14.0208
"950","4434",0.0740849815369312,-0.0551053752455033,-0.0227031457643076,1711043,"QULA",11.8,"A",12,"AU",2,2,0,92,0,0,0,0,0,0,0,0,0,0,0,0,0,0,5.44109589,0,113.0973355,0.011309734,0.010935884,0.036757301,0.687084979,1591.436591,3345.560557,4936.997147,19,206.8993187,285.0626173,491.961936,14.0208
"951","4435",-0.0432144612113423,-0.0200570436837265,-0.00877080400674619,1711044,"QULA",3.2,"A",4,"A",0,0,0,99,0,0,0,0,0,0,0,0,0,0,0,0,0,0,5.44109589,0,12.56637061,0.001256637,0.000804248,0.147029204,0.831430563,1691.967555,3395.826039,5087.793595,20,221.0660965,315.8211615,536.8872581,14.0208
"952","4436",0.0740849815369312,-0.0551053752455033,-0.0227031457643076,1711045,"QULA",5.7,"A",6.8,"AU",2,2,0,100,0,0,0,0,0,0,0,0,0,0,0,0,0,0,5.44109589,0,36.31681108,0.003631681,0.002551759,0.202165156,1.984751779,3306.581246,1267.821131,4574.402377,22,398.7301423,112.557292,511.2874343,14.0208
"953","4437",-0.0432144612113423,-0.0200570436837265,-0.00877080400674619,1711048,"QULA",12.9,"A",15.2,"A",0,0,0,93,0,0,0,0,0,0,0,0,0,0,0,0,0,0,5.44109589,0,181.4583917,0.018145839,0.013069811,0.422708963,9.329055088,3161.439665,584.1084681,3745.548133,22,330.462383,60.78366834,391.2460513,14.0208
"954","4440",-0.0383873819401652,0.100111989353029,-0.0211765268763412,1711056,"QULA",15.5,"A",16,"AU",0,0,0,82,0,1,0,0,0,0,0,0,0,0,0,0,0,0,5.44109589,0,201.0619298,0.020106193,0.018869191,0.091893253,2.273442947,2037.550601,3461.524595,5499.075197,20,239.994641,315.1243613,555.1190022,14.0208
"955","4442",-0.0432144612113423,-0.0200570436837265,-0.00877080400674619,1711063,"QULA",12.9,"A",15.5,"A",0,0,0,100,0,0,0,0,0,0,0,0,0,0,0,0,0,0,5.44109589,0,188.6919088,0.018869191,0.013069811,0.477844914,10.65847792,2483.672466,1666.355721,4150.028187,23,454.8055814,129.6187728,584.4243542,14.0208
"956","4444",-0.0432144612113423,-0.0200570436837265,-0.00877080400674619,1711065,"QULA",12.4,"A",15.3,"A",0,0,0,98,0,0,0,0,0,0,0,0,0,0,0,0,0,0,5.44109589,0,183.8538561,0.018385386,0.012076282,0.532980866,11.59528076,2739.248882,2563.995136,5303.244019,27,550.4072528,200.5803258,750.9875786,14.0208
"957","4445",0.0314978293204576,-0.0581428735463298,-0.0580116688996729,1711067,"QULA",9.7,"A",10.9,"AU",1,0,0,93,0,0,1,0,0,0,0,0,0,0,0,0,0,0,5.44109589,0,93.31315579,0.009331316,0.007389811,0.220543807,3.568222834,2829.789583,1666.355721,4496.145304,26,721.4792916,136.5207643,858.0000559,14.0208
"958","4446",-0.0432144612113423,-0.0200570436837265,-0.00877080400674619,1711068,"QULA",32.9,"A",34.2,"A",0,0,0,90,0,0,0,0,0,0,0,0,0,0,0,0,0,0,5.44109589,0,918.6331078,0.091863311,0.085012283,0.238922457,12.59126528,1505.13704,2367.849799,3872.986839,24,157.4318091,201.6265483,359.0583575,14.0208
"959","4543",-0.0432144612113423,-0.0200570436837265,-0.00877080400674619,1715004,"QULA",14.6,"A",15.4,"A",0,0,0,92,0,0,0,0,0,0,0,0,0,0,0,0,0,0,5.44109589,0,186.2650284,0.018626503,0.016741547,0.147029204,3.464294014,1855.314665,4011.483951,5866.798617,30,310.4364694,375.7821621,686.2186315,14.0208
"960","4548",-0.0432144612113423,-0.0200570436837265,-0.00877080400674619,1715009,"QULA",9.7,"A",11.9,"A",0,0,0,99,0,0,0,0,0,0,0,0,0,0,0,0,0,0,5.44109589,0,111.2202339,0.011122023,0.007389811,0.404330312,6.859302147,2434.608643,3491.644615,5926.253258,28,251.8605016,413.8498301,665.7103317,14.0208
"961","4558",0.167234083854039,0.118293506572371,-0.0549701788713374,1715024,"QULA",21.1,"A",21.5,"AU",3,2,0,18,1,1,0,0,0,0,0,0,0,0,0,0,0,0,5.44109589,0,363.050301,0.03630503,0.034966712,0.073514602,2.45964875,2167.463312,5024.411963,7191.875274,30,195.5468843,470.8316579,666.3785422,14.0208
"962","4593",-0.0432144612113423,-0.0200570436837265,-0.00877080400674619,1715067,"QULA",22.6,"A",24.5,"A",0,0,0,98,0,0,0,0,0,0,0,0,0,0,0,0,0,0,5.44109589,0,471.4352476,0.047143525,0.040114997,0.349194361,12.9174863,122.718463,5602.394325,5725.112788,28,9.842517138,792.7597866,802.6023037,14.0208
"963","4596",-0.0432144612113423,-0.0200570436837265,-0.00877080400674619,1715071,"QULA",11.8,"A",12.5,"A",0,0,0,84,0,0,0,0,0,0,0,0,0,0,0,0,0,0,5.44109589,0,122.718463,0.012271846,0.010935884,0.128650554,2.455318382,471.4352476,5799.183689,6270.618937,31,37.81101384,570.9080111,608.719025,14.0208
"964","4605",0.0740849815369311,-0.0551053752455033,-0.0227031457643076,1715082,"QULA",12.6,"A",13.8,"AU",2,2,0,99,0,0,0,0,0,0,0,0,0,0,0,0,0,0,5.44109589,0,149.5712262,0.014957123,0.012468981,0.220543807,4.572868098,934.4824428,7789.657524,8724.139967,31,106.1702523,853.4323577,959.6026101,14.0208
"965","4606",0.0743425541222372,0.0874132750888715,-0.0223206573258998,1715083,"QULA",24.7,"A",24.6,"AU",2,1,0,42,0,1,0,0,0,0,0,0,0,0,0,0,0,0,5.44109589,0,475.2915526,0.047529155,0.047916357,-0.018378651,-0.711623729,1223.532529,6019.016635,7242.549164,28,130.5693062,680.2658375,810.8351436,14.0208
"966","4610",0.0388979834172043,-0.073533668447264,0.146736843727071,1717003,"QULA",9.6,"A",9.9,"AU",2,0,0,60,1,0,0,0,0,0,0,0,0,0,0,0,0,0,5.463013699,1,76.97687399,0.007697687,0.007238229,0.054914744,0.841033816,2870.944446,2186.94904,5057.893486,23,425.4348484,234.0945538,659.5294022,13.716
"967","4611",-0.0432144612113423,-0.0200570436837265,-0.00877080400674619,1717005,"QULA",10.3,"A",12.2,"A",0,0,0,100,0,0,0,0,0,0,0,0,0,0,0,0,0,0,5.463013699,0,116.8986626,0.011689866,0.008332289,0.34779338,6.146016345,2967.430611,1772.21954,4739.650151,25,337.1277385,278.1916014,615.3193399,13.716
"968","4613",0.0543421777923189,-0.108733691606828,-0.0681066911296635,1717007,"QULA",25,"A",26,"AU",2,1,0,80,1,0,0,1,0,0,0,0,0,0,0,0,0,0,5.463013699,0,530.9291585,0.053092916,0.049087385,0.183049147,7.332089675,2451.164836,2534.864718,4986.029554,27,234.4448021,241.3933656,475.8381677,13.716
"969","4621",-0.0432144612113423,-0.0200570436837265,-0.00877080400674618,1717018,"QULA",33.8,"A",34.9,"A",0,0,0,98,0,0,0,0,0,0,0,0,0,0,0,0,0,0,5.463013699,0,956.622817,0.095662282,0.089727028,0.201354062,10.8644317,769.1718373,5736.021969,6505.193806,34,61.92283556,743.0951505,805.017986,13.716
"970","4622",-0.0432144612113423,-0.0200570436837265,-0.00877080400674617,1717021,"QULA",15.7,"A",16.4,"A",0,0,0,100,0,0,0,0,0,0,0,0,0,0,0,0,0,0,5.463013699,0,211.24069,0.021124069,0.019359279,0.128134403,3.230432451,4144.49113,2138.277916,6282.769046,27,435.7576407,180.8473561,616.6049969,14.0208
"971","4624",-0.0432144612113423,-0.0200570436837265,-0.00877080400674617,1717023,"QULA",14.2,"A",14.6,"A",0,0,0,100,0,0,0,0,0,0,0,0,0,0,0,0,0,0,5.463013699,0,167.4154725,0.016741547,0.015836769,0.073219659,1.656189668,3459.246941,2020.743081,5479.990021,24,430.0507466,215.750098,645.8008446,14.0208
"972","4626",-0.0432144612113423,-0.0200570436837265,-0.00877080400674617,1717030,"QULA",18.2,"A",21,"A",0,0,0,100,0,0,0,0,0,0,0,0,0,0,0,0,0,0,5.463013699,0,346.3605901,0.034636059,0.026015529,0.512537613,15.77980711,4139.927967,592.1587993,4732.086766,27,523.8109732,52.69510876,576.506082,14.0208
"973","4627",-0.0432144612113423,-0.0200570436837265,-0.00877080400674617,1717031,"QULA",15.5,"A",16.8,"A",0,0,0,96,0,0,0,0,0,0,0,0,0,0,0,0,0,0,5.463013699,0,221.6707776,0.022167078,0.018869191,0.237963892,6.036753832,3750.810301,656.5614487,4407.37175,26,604.5578771,57.25458142,661.8124586,14.0208
"974","4628",-0.0432144612113423,-0.0200570436837265,-0.00877080400674617,1717032,"QULA",13.5,"A",15.3,"A",0,0,0,100,0,0,0,0,0,0,0,0,0,0,0,0,0,0,5.463013699,0,183.8538561,0.018385386,0.014313882,0.329488465,7.452853505,2812.063146,2742.178418,5554.241564,21,277.4640733,267.4817555,544.9458289,14.0208
"975","4629",0.021239545912268,-0.0333448175932699,-0.0103431934648922,1717033,"QULA",23.6,"A",24.7,"AU",1,1,0,100,0,0,0,0,0,0,0,0,0,0,0,0,0,0,5.463013699,0,479.1635655,0.047916357,0.043743536,0.201354062,7.638312244,3276.62616,384.7194364,3661.345596,23,487.4684293,40.93941818,528.4078475,14.0208
"976","4631",-0.0432144612113423,-0.0200570436837265,-0.00877080400674618,1717036,"QULA",17.1,"A",19.6,"A",0,0,0,100,0,0,0,0,0,0,0,0,0,0,0,0,0,0,5.463013699,0,301.7185585,0.030171856,0.022965828,0.457622869,13.19057309,3871.219693,343.8708779,4215.090571,25,633.8918519,39.87393731,673.7657892,14.0208
"977","4633",-0.0432144612113423,-0.0200570436837265,-0.00877080400674617,1717040,"QULA",16.6,"A",18.8,"A",0,0,0,100,0,0,0,0,0,0,0,0,0,0,0,0,0,0,5.463013699,0,277.5911269,0.027759113,0.021642432,0.402708124,11.19653223,4081.612153,313.6801725,4395.292326,25,590.4248298,41.53745448,631.9622843,14.0208
"978","4634",-0.0432144612113423,-0.0200570436837265,-0.00877080400674617,1717041,"QULA",12.1,"A",12.7,"A",0,0,0,100,0,0,0,0,0,0,0,0,0,0,0,0,0,0,5.463013699,0,126.6768698,0.012667687,0.011499015,0.109829488,2.139244987,4227.884707,614.5819168,4842.466624,25,476.8941494,97.30761304,574.2017624,14.0208
"979","4636",-0.0432144612113423,-0.0200570436837265,-0.00877080400674617,1717043,"QULA",18.5,"A",21.1,"A",0,0,0,100,0,0,0,0,0,0,0,0,0,0,0,0,0,0,5.463013699,0,349.6671163,0.034966712,0.026880252,0.475927783,14.80219516,1630.580835,3519.306338,5149.887173,28,245.1922697,328.7864624,573.9787321,14.0208
"980","4638",0.0485611169091077,-0.0430566420758168,-0.0155121250291674,1717046,"QULA",10.3,"A",11.2,"AU",2,1,0,98,0,0,0,0,0,0,0,0,0,0,0,0,0,0,5.463013699,0,98.52034562,0.009852035,0.008332289,0.164744233,2.781881083,4234.097207,1342.897342,5576.994549,27,543.388086,108.8597337,652.2478197,14.0208
"981","4639",0.021239545912268,-0.0333448175932699,-0.0103431934648922,1717047,"QULA",16.6,"A",18.1,"AU",1,1,0,99,0,0,0,0,0,0,0,0,0,0,0,0,0,0,5.463013699,0,257.3042923,0.025730429,0.021642432,0.274573721,7.483044462,3082.577836,2495.390607,5577.968442,27,353.6448283,221.306724,574.9515523,14.0208
"982","4640",-0.0383873819401652,0.100111989353029,-0.0211765268763412,1717048,"QULA",14.4,"A",14.6,"AU",0,0,0,80,0,1,0,0,0,0,0,0,0,0,0,0,0,0,5.463013699,0,167.4154725,0.016741547,0.016286016,0.036609829,0.833845492,4109.006841,1316.476548,5425.483389,26,508.6867666,131.8625693,640.5493359,14.0208
"983","4641",-0.0432144612113423,-0.0200570436837265,-0.00877080400674618,1717050,"QULA",11.2,"A",11.5,"A",0,0,0,98,0,0,0,0,0,0,0,0,0,0,0,0,0,0,5.463013699,0,103.8689071,0.010386891,0.009852035,0.054914744,0.979049621,4061.333173,1672.80384,5734.137013,26,522.9078005,167.3749421,690.2827426,14.0208
"984","4642",0.0740849815369311,-0.0551053752455033,-0.0227031457643076,1717051,"QULA",12.6,"A",13.3,"AU",2,2,0,100,0,0,0,0,0,0,0,0,0,0,0,0,0,0,5.463013699,0,138.9290811,0.013892908,0.012468981,0.128134403,2.606485996,5002.923469,732.5879909,5735.51146,34,557.5917553,69.43684261,627.0285979,14.0208
"985","4643",-0.0432144612113423,-0.0200570436837265,-0.00877080400674618,1717052,"QULA",7.4,"A",8,"A",0,0,0,100,0,0,0,0,0,0,0,0,0,0,0,0,0,0,5.463013699,0,50.26548246,0.005026548,0.00430084,0.109829488,1.328402129,4667.566307,1735.384366,6402.950673,31,620.2555779,159.8790289,780.1346068,14.0208
"986","4644",0.0740849815369311,-0.0551053752455033,-0.0227031457643076,1717053,"QULA",12.2,"A",14.4,"AU",2,2,0,99,0,0,0,0,0,0,0,0,0,0,0,0,0,0,5.463013699,0,162.8601632,0.016286016,0.011689866,0.402708124,8.413213486,3429.119067,3601.081995,7030.201062,29,465.4875557,336.3466728,801.8342285,14.0208
"987","4645",-0.0432144612113423,-0.0200570436837265,-0.00877080400674618,1717054,"QULA",11.4,"A",11.6,"A",0,0,0,99,0,0,0,0,0,0,0,0,0,0,0,0,0,0,5.463013699,0,105.6831769,0.010568318,0.010207035,0.036609829,0.661325735,3625.225135,3713.928003,7339.153138,31,520.4141369,353.4552302,873.8693671,14.0208
"988","4646",-0.0432144612113423,-0.0200570436837265,-0.00877080400674617,1717055,"QULA",20.2,"A",23.2,"A",0,0,0,100,0,0,0,0,0,0,0,0,0,0,0,0,0,0,5.463013699,0,422.7327075,0.042273271,0.032047387,0.549147442,18.71839364,4958.894048,2418.994927,7377.888975,36,511.9605593,249.57114,761.5316993,14.0208
"989","4647",0.021239545912268,-0.0333448175932699,-0.0103431934648922,1717057,"QULA",14.2,"A",16,"AU",1,1,0,100,0,0,0,0,0,0,0,0,0,0,0,0,0,0,5.463013699,0,201.0619298,0.020106193,0.015836769,0.329488465,7.815144995,2577.197679,3587.502461,6164.70014,25,295.9105647,428.8125485,724.7231133,14.0208
"990","4650",0.0154730195733714,-0.0345633975905647,-0.0147495839768901,1717064,"QULA",12.6,"A",13.5,"AU",2,0,0,100,0,0,0,0,0,0,0,0,0,0,0,0,0,0,5.463013699,0,143.1388153,0.014313882,0.012468981,0.164744233,3.377074244,1908.674617,7456.36596,9365.040576,33,207.1456793,794.3090672,1001.454747,14.0208
"991","4654",-0.0383873819401652,0.100111989353029,-0.0211765268763413,1717075,"QULA",6.7,"A",7,"AU",0,0,0,90,0,1,0,0,0,0,0,0,0,0,0,0,0,0,5.463013699,0,38.48451001,0.003848451,0.003525652,0.054914744,0.590880168,4076.585605,2561.772459,6638.358065,29,492.5998311,330.6044563,823.2042873,14.0208
"992","4655",-0.0689750081775951,-0.0573026072812932,-0.0348434081089326,1717077,"QULA",8.9,"A",8.6,"AU",1,0,0,99,0,0,0,0,0,0,0,0,0,1,0,0,0,0,5.463013699,0,58.08804816,0.005808805,0.006221139,-0.054914744,-0.754773937,3954.251987,2561.772459,6516.024447,29,687.7430542,250.3772367,938.1202909,14.0208
"993","4656",-0.0432144612113423,-0.0200570436837265,-0.00877080400674618,1717078,"QULA",10.5,"A",11.8,"A",0,0,0,100,0,0,0,0,0,0,0,0,0,0,0,0,0,0,5.463013699,0,109.3588403,0.010935884,0.008659015,0.237963892,4.167789798,3902.981195,1369.223888,5272.205083,27,590.9660346,162.2924632,753.2584978,14.0208
"994","4657",-0.0102760787350002,-0.0249701991717411,-0.0092295205399589,1717080,"QULA",19.8,"A",21.2,"AU",1,0,0,100,0,0,0,0,0,0,0,0,0,0,0,0,0,0,5.463013699,0,352.9893506,0.035298935,0.03079075,0.256268806,8.252195046,3286.789212,2561.772459,5848.561672,28,405.9718234,260.3585758,666.3303992,14.0208
"995","4660",-0.0432144612113423,-0.0200570436837265,-0.00877080400674618,1717085,"QULA",13,"A",13.3,"A",0,0,0,99,0,0,0,0,0,0,0,0,0,0,0,0,0,0,5.463013699,0,138.9290811,0.013892908,0.013273229,0.054914744,1.134317403,3745.171142,1901.558909,5646.730051,26,609.2716965,180.6268597,789.8985562,14.0208
"996","4661",0.048830442459232,0.12181589218644,-0.0445606116489398,1717086,"QULA",7.5,"A",7.7,"AU",2,0,0,10,1,1,0,0,0,0,0,0,0,0,0,0,0,0,5.463013699,0,46.56625711,0.004656626,0.004417865,0.036609829,0.437050051,4418.579381,1109.005769,5527.58515,29,753.212092,102.1750998,855.3871917,14.0208
"997","4662",-0.0432144612113423,-0.0200570436837265,-0.00877080400674617,1717087,"QULA",7.1,"A",7.6,"A",0,0,0,100,0,0,0,0,0,0,0,0,0,0,0,0,0,0,5.463013699,0,45.36459792,0.00453646,0.003959192,0.091524574,1.056683512,3832.64879,814.6935149,4647.342304,25,755.1521457,84.12004009,839.2721857,14.0208
"998","4663",-0.0432144612113423,-0.0200570436837265,-0.00877080400674618,1717088,"QULA",14.5,"A",16.7,"A",0,0,0,100,0,0,0,0,0,0,0,0,0,0,0,0,0,0,5.463013699,0,219.0396938,0.021903969,0.016512996,0.402708124,9.868130104,4299.387356,1109.005769,5408.393125,29,663.8548976,100.0273031,763.8822007,14.0208
"999","4664",-0.0432144612113423,-0.0200570436837265,-0.00877080400674618,1717089,"QULA",32.3,"A",34.1,"A",0,0,0,100,0,0,0,0,0,0,0,0,0,0,0,0,0,0,5.463013699,0,913.2688384,0.091326884,0.081939805,0.329488465,17.1829678,2985.67541,3226.87904,6212.55445,29,330.498282,234.8977161,565.3959982,14.0208
"1000","4665",-0.0432144612113423,-0.0200570436837265,-0.00877080400674618,1717091,"QULA",17,"A",19.3,"A",0,0,0,100,0,0,0,0,0,0,0,0,0,0,0,0,0,0,5.463013699,0,292.5529619,0.029255296,0.022698007,0.421013039,12.0030621,4120.190911,1135.426563,5255.617474,29,573.9393312,101.5078262,675.4471574,14.0208
"1001","4667",-0.0102760787350002,-0.0249701991717411,-0.0092295205399589,1717094,"QULA",15.8,"A",17.7,"AU",1,0,0,100,0,0,0,0,0,0,0,0,0,0,0,0,0,0,5.463013699,0,246.0573906,0.024605739,0.01960668,0.34779338,9.150735447,3049.379055,1724.930716,4774.309772,26,343.0946931,147.0686459,490.163339,13.716
"1002","4668",-0.0432144612113424,-0.0200570436837265,-0.00877080400674617,1717095,"QULA",22.8,"A",25.5,"A",0,0,0,100,0,0,0,0,0,0,0,0,0,0,0,0,0,0,5.463013699,0,510.7051557,0.051070516,0.040828138,0.494232698,18.7485846,3621.525909,1494.235714,5115.761623,33,337.6467212,151.1155021,488.7622233,13.716
"1003","4670",-0.0432144612113424,-0.0200570436837265,-0.00877080400674617,1717098,"QULA",6.8,"A",8.8,"A",0,0,0,100,0,0,0,0,0,0,0,0,0,0,0,0,0,0,5.463013699,0,60.82123377,0.006082123,0.003631681,0.366098295,4.485513683,3044.454609,1617.456832,4661.91144,25,357.4474573,180.6808401,538.1282974,13.716
"1004","4673",-0.0432144612113424,-0.0200570436837265,-0.00877080400674617,1717103,"QULA",7.3,"A",7.5,"A",0,0,0,99,0,0,0,0,0,0,0,0,0,0,0,0,0,0,5.463013699,0,44.17864669,0.004417865,0.004185387,0.036609829,0.425548734,3714.996145,1372.059176,5087.05532,25,404.2208491,239.4703239,643.691173,13.716
"1005","4674",-0.0432144612113424,-0.0200570436837265,-0.00877080400674617,1717105,"QULA",18,"A",21,"A",0,0,0,100,0,0,0,0,0,0,0,0,0,0,0,0,0,0,5.463013699,0,346.3605901,0.034636059,0.0254469,0.549147442,16.82067631,3694.858536,1256.974783,4951.833318,24,340.0648799,216.0505989,556.1154788,13.716
"1006","4681",-0.0204632713490708,-0.0496313134492424,-0.0353766866426358,1719012,"QULA",9.4,"A",10.1,"AU",1,0,0,79,1,0,0,0,0,0,0,0,0,0,0,0,0,0,5.460273973,0,80.11846665,0.008011847,0.006939778,0.128198695,1.963396889,1219.369919,6165.78399,7385.153908,22,92.46902173,552.1421988,644.6112206,13.1064
"1007","4688",-0.0432144612113424,-0.0200570436837265,-0.00877080400674618,1719025,"QULA",8.5,"A",10,"A",0,0,0,99,0,0,0,0,0,0,0,0,0,0,0,0,0,0,5.460273973,0,78.53981634,0.007853982,0.005674502,0.27471149,3.991521148,1715.246757,4290.944326,6006.191083,29,212.6683097,675.2849927,887.9533025,13.716
"1008","4690",0.0743425541222372,0.0874132750888715,-0.0223206573258998,1719027,"QULA",16.8,"A",18.4,"AU",2,1,0,85,0,1,0,0,0,0,0,0,0,0,0,0,0,0,5.460273973,0,265.9044022,0.02659044,0.022167078,0.29302559,8.100989947,2446.790168,3458.901366,5905.691534,23,285.3648653,434.5989253,719.9637907,13.716
"1009","4691",0.00469763960886318,0.124614673610941,-0.0412666759538851,1719028,"QULA",16.8,"A",17.5,"AU",1,0,0,92,1,1,0,0,0,0,0,0,0,0,0,0,0,0,5.460273973,0,240.5281875,0.024052819,0.022167078,0.128198695,3.453564784,2250.99826,3320.019408,5571.017669,24,271.5057973,354.0251996,625.5309969,13.716
"1010","4697",-0.0432144612113424,-0.0200570436837265,-0.00877080400674618,1719036,"QULA",30.8,"A",32.1,"A",0,0,0,95,0,0,0,0,0,0,0,0,0,0,0,0,0,0,5.460273973,0,809.2821215,0.080928212,0.074506011,0.238083292,11.76168232,2182.236651,2911.32962,5093.566271,22,478.96149,500.9532624,979.9147524,13.716
"1011","4698",-0.0102760787350002,-0.0249701991717411,-0.00922952053995891,1719037,"QULA",19.3,"A",20.8,"AU",1,0,0,100,0,0,0,0,0,0,0,0,0,0,0,0,0,0,5.460273973,0,339.7946614,0.033979466,0.029255296,0.27471149,8.651891785,2513.926003,3429.543182,5943.469186,22,886.11755,645.3019888,1531.419539,13.716
"1012","4701",-0.0432144612113424,-0.0200570436837265,-0.00877080400674618,1719041,"QULA",11.8,"A",13.4,"A",0,0,0,100,0,0,0,0,0,0,0,0,0,0,0,0,0,0,5.460273973,0,141.0260942,0.014102609,0.010935884,0.29302559,5.799572349,3318.048059,1823.576726,5141.624785,28,341.7353007,182.7833537,524.5186544,13.716
"1013","4702",-0.0432144612113424,-0.0200570436837265,-0.00877080400674618,1719043,"QULA",12.3,"A",13.8,"A",0,0,0,100,0,0,0,0,0,0,0,0,0,0,0,0,0,0,5.460273973,0,149.5712262,0.014957123,0.011882289,0.27471149,5.631281187,3525.34605,3726.910635,7252.256685,33,338.6038016,348.2359919,686.8397935,13.716
"1014","4703",-0.0432144612113424,-0.0200570436837265,-0.00877080400674617,1719044,"QULA",3.3,"A",4.9,"A",0,0,0,100,0,0,0,0,0,0,0,0,0,0,0,0,0,0,5.460273973,0,18.8574099,0.001885741,0.000855299,0.29302559,1.887162431,2281.314629,1510.823323,3792.137952,23,393.9021016,146.6526807,540.5547823,13.716
"1015","4704",-0.0432144612113424,-0.0200570436837265,-0.00877080400674617,1719047,"QULA",23,"A",23.9,"A",0,0,0,100,0,0,0,0,0,0,0,0,0,0,0,0,0,0,5.460273973,0,448.6272849,0.044862728,0.041547563,0.164826894,6.071427303,1585.820994,1172.324569,2758.145562,21,180.7561867,238.5086509,419.2648376,13.716
"1016","4708",-0.0102760787350003,-0.0249701991717411,-0.00922952053995891,1719053,"QULA",5.7,"A",7.2,"AU",1,0,0,100,0,0,0,0,0,0,0,0,0,0,0,0,0,0,5.460273973,0,40.71504079,0.004071504,0.002551759,0.27471149,2.783276908,1191.613947,1638.309153,2829.9231,16,208.7620206,290.9888427,499.7508633,13.716
"1017","4709",0.0154730195733714,-0.0345633975905647,-0.0147495839768901,1719054,"QULA",7.1,"A",8,"AU",2,0,0,100,0,0,0,0,0,0,0,0,0,0,0,0,0,0,5.460273973,0,50.26548246,0.005026548,0.003959192,0.164826894,1.954766573,1178.262179,1785.720534,2963.982713,16,204.9648682,297.0403908,502.005259,13.716
"1018","4710",-0.0383873819401652,0.100111989353029,-0.0211765268763413,1719055,"QULA",11.4,"A",12.1,"AU",0,0,0,80,0,1,0,0,0,0,0,0,0,0,0,0,0,0,5.460273973,0,114.9901451,0.011499015,0.010207035,0.128198695,2.366144969,1167.478662,1638.309153,2805.787815,14,136.3654332,247.5398247,383.9052579,13.716
"1019","4715",-0.0432144612113424,-0.0200570436837265,-0.00877080400674618,1719061,"QULA",21.3,"A",21.9,"A",0,0,0,99,0,0,0,0,0,0,0,0,0,0,0,0,0,0,5.460273973,0,376.6848131,0.037668481,0.035632729,0.109884596,3.72829651,1414.981185,5357.923439,6772.904624,21,100.6872135,627.8313486,728.5185621,13.1064
"1020","4727",0.152914735709881,0.0969196083367547,-0.0693543225657942,1721010,"QULA",17.5,"A",18.1,"AU",2,1,0,8,0,1,1,0,0,0,0,0,0,0,0,0,0,0,5.460273973,0,257.3042923,0.025730429,0.024052819,0.109884596,3.072392494,2003.919852,4051.209391,6055.129242,31,205.7727942,529.9824715,735.7552658,12.4968
"1021","4739",0.103724019563242,0.113958790831348,-0.0428128446141782,1721022,"QULA",17.3,"A",16.1,"AU",2,1,0,5,1,1,0,0,0,0,0,0,0,0,0,0,0,0,5.460273973,0,203.5830579,0.020358306,0.023506182,-0.219769192,-5.765051085,1677.846096,5181.546573,6859.39267,38,250.3203422,570.2918001,820.6121423,12.4968
"1022","4741",-0.0432144612113424,-0.0200570436837265,-0.00877080400674617,1721026,"QULA",16.9,"A",17.6,"A",0,0,0,89,0,0,0,0,0,0,0,0,0,0,0,0,0,0,5.460273973,0,243.2849351,0.024328494,0.022431757,0.128198695,3.473702188,3756.677225,3640.1477,7396.824925,34,544.2970124,346.9892106,891.2862231,12.4968
"1023","4743",-0.0432144612113424,-0.0200570436837265,-0.00877080400674617,1721030,"QULA",25.4,"A",27.5,"A",0,0,0,97,0,0,0,0,0,0,0,0,0,0,0,0,0,0,5.460273973,0,593.9573611,0.059395736,0.050670748,0.384596086,15.97903007,3406.004799,4804.194172,8210.198971,34,428.4684112,407.952312,836.4207232,12.4968
"1024","4744",-0.0432144612113424,-0.0200570436837265,-0.00877080400674617,1721031,"QULA",11.6,"A",12.6,"A",0,0,0,97,0,0,0,0,0,0,0,0,0,0,0,0,0,0,5.460273973,0,124.6898124,0.012468981,0.010568318,0.183140993,3.480894118,2949.908378,4080.410494,7030.318872,30,457.9881482,426.7059464,884.6940946,12.4968
"1025","4746",-0.0432144612113424,-0.0200570436837265,-0.00877080400674617,1721035,"QULA",20.5,"A",21,"A",0,0,0,97,0,0,0,0,0,0,0,0,0,0,0,0,0,0,5.460273973,0,346.3605901,0.034636059,0.033006358,0.091570497,2.984650948,2728.2376,4907.772481,7636.010082,27,512.0727927,429.7968887,941.8696814,12.4968
"1026","4747",-0.0432144612113424,-0.0200570436837265,-0.00877080400674617,1721037,"QULA",26.5,"A",27.1,"A",0,0,0,74,0,0,0,0,0,0,0,0,0,0,0,0,0,0,5.460273973,0,576.8042652,0.057680427,0.055154586,0.109884596,4.625849373,2497.793925,4615.21952,7113.013445,21,363.486739,450.1036551,813.5903942,12.4968
"1027","4748",-0.0432144612113424,-0.0200570436837265,-0.00877080400674617,1721038,"QULA",10.1,"A",11,"A",0,0,0,91,0,0,0,0,0,0,0,0,0,0,0,0,0,0,5.460273973,0,95.03317777,0.009503318,0.008011847,0.164826894,2.731495012,1484.418237,4389.409694,5873.82793,24,192.8502544,452.7817814,645.6320358,13.1064
"1028","4782",0.0173145319202291,0.122073724057615,-0.0406409134855872,1721085,"QULA",23.9,"A",24.2,"AU",1,1,0,79,0,1,0,0,0,0,0,0,1,0,0,0,0,0,5.460273973,0,459.9605804,0.045996058,0.044862728,0.054942298,2.075590997,0,7485.409984,7485.409984,30,0,746.9707093,746.9707093,12.4968
"1029","4783",0.0314978293204576,-0.0581428735463298,-0.0580116688996729,1721086,"QULA",11.8,"A",12.3,"AU",1,0,0,96,0,0,1,0,0,0,0,0,0,0,0,0,0,0,5.460273973,0,118.8228881,0.011882289,0.010935884,0.091570497,1.733255129,1305.15896,6286.36617,7591.52513,32,109.9583566,621.1085096,731.0668663,12.4968
"1030","48",0.0382066107349857,0.122425144047967,-0.0525882813388139,105010,"QULA",11.4,"A",11.1,"AU",3,0,0,63,0,1,0,0,0,1,0,0,0,0,0,0,0,0,5.55890411,0,96.76890771,0.009676891,0.010207035,-0.053967472,-0.953683945,1255.757415,1659.868333,2915.625748,26,102.6788911,212.5410005,315.2198917,9.7536
"1031","4806",0.197259363617304,-0.157788294387755,-0.115785962119305,1723023,"QULA",31.1,"A",31.7,"AU",2,3,0,67,0,0,1,0,0,1,0,0,0,0,0,0,0,0,5.460273973,0,789.2387604,0.078923876,0.075964496,0.109884596,5.419838445,1376.402427,3868.910623,5245.31305,40,134.3707316,541.2895608,675.6602924,12.192
"1032","4815",0.0719787058213115,-0.0679512900511634,-0.0555679498846142,1723032,"QULA",21.2,"A",24,"AU",1,1,0,94,0,0,1,0,0,0,0,0,0,0,0,0,0,0,5.460273973,0,452.3893421,0.045238934,0.035298935,0.512794782,18.20421321,789.2387604,3992.233842,4781.472603,42,125.1398864,506.6255147,631.7654011,12.4968
"1033","4830",0.324957131347938,0.124944802107762,-0.125018220055958,1901010,"QULA",17.3,"A",17.4,"AU",3,3,0,2,1,1,1,0,0,0,0,0,0,0,0,0,0,0,5.4,0,237.787148,0.023778715,0.023506182,0.018518519,0.504691042,818.8090013,4572.823727,5391.632728,23,107.8324195,830.4073087,938.2397282,12.8016
"1034","4845",0.170478529753333,0.117508710025249,0.144630099868097,1901035,"QULA",21.2,"A",22.2,"AU",3,2,0,58,0,1,0,0,0,0,0,0,0,0,0,0,0,0,5.4,1,387.0756308,0.038707563,0.035298935,0.185185185,6.312274128,1048.679336,6690.91691,7739.596245,33,122.095162,667.9096889,790.0048509,11.8872
"1035","4848",-0.00848369905259453,-0.0624152148900126,0.146195096544077,1901039,"QULA",10.1,"A",10.3,"AU",1,0,0,92,1,0,0,0,0,0,0,0,0,0,0,0,0,0,5.4,1,83.32289115,0.008332289,0.008011847,0.037037037,0.593411946,1352.432075,4879.026909,6231.458984,30,253.5356337,563.1833469,816.7189806,11.8872
"1036","4850",0.0154730195733714,-0.0345633975905647,-0.0147495839768901,1901042,"QULA",15.9,"A",18.3,"AU",2,0,0,100,0,0,0,0,0,0,0,0,0,0,0,0,0,0,5.4,0,263.0219909,0.026302199,0.019855651,0.444444444,11.93805208,1356.586832,5941.717748,7298.304579,34,181.7772568,697.7694146,879.5466714,11.8872
"1037","4853",0.219517519699525,0.0992106273768408,-0.08206975125286,1901086,"QULA",15.6,"A",16.2,"AU",3,2,0,86,0,1,1,0,0,0,0,0,0,0,0,0,0,0,5.4,0,206.119894,0.020611989,0.01911345,0.111111111,2.775073511,2174.987426,6828.173093,9003.160519,41,184.4260557,847.0394141,1031.46547,11.8872
"1038","4871",0.0743425541222371,0.0874132750888715,-0.0223206573258998,1901111,"QULA",5.1,"A",5.2,"AU",2,1,0,63,0,1,0,0,0,0,0,0,0,0,0,0,0,0,5.4,0,21.23716634,0.002123717,0.002042821,0.018518519,0.149807427,1118.414839,5689.620645,6808.035484,29,128.6847405,660.3709469,789.0556874,12.4968
"1039","4873",0.280108582021549,-0.199148123137964,-0.14891095624995,1901115,"QULA",22.8,"A",23.2,"AU",3,2,0,98,1,0,1,0,0,1,0,0,0,0,0,0,0,0,5.4,0,422.7327075,0.042273271,0.040828138,0.074074074,2.67617152,719.4718416,7134.83966,7854.311501,35,76.46109901,862.7850976,939.2461966,12.4968
"1040","4876",0.0402084099371073,0.0885191601261961,-0.0186259122466656,1901120,"QULA",12.5,"A",13.1,"AU",1,1,0,50,0,1,0,0,0,0,0,0,0,0,0,0,0,0,5.4,0,134.7821788,0.013478218,0.012271846,0.111111111,2.234021443,680.5710705,6299.749354,6980.320425,35,107.8638164,769.5250472,877.3888636,12.4968
"1041","4881",-0.0432144612113424,-0.0200570436837265,-0.0087708040067462,1903001,"QULA",4.2,"A",5.4,"A",0,0,0,95,0,0,0,0,0,0,0,0,0,0,0,0,0,0,5.394520548,0,22.90221044,0.002290221,0.001385442,0.222447943,1.677217977,2082.184779,2153.742406,4235.927185,34,337.9727271,317.9210108,655.893738,12.8016
"1042","4882",-0.0432144612113424,-0.0200570436837265,-0.0087708040067462,1903002,"QULA",10.9,"A",11.4,"A",0,0,0,100,0,0,0,0,0,0,0,0,0,0,0,0,0,0,5.394520548,0,102.0703453,0.010207035,0.009331316,0.092686643,1.623348997,1549.402081,4519.15747,6068.559551,31,248.8679456,560.594648,809.4625936,12.8016
"1043","4884",0.0154730195733714,-0.0345633975905647,-0.0147495839768901,1903004,"QULA",21.8,"A",23.5,"AU",2,0,0,97,0,0,0,0,0,0,0,0,0,0,0,0,0,0,5.394520548,0,433.7361357,0.043373614,0.037325262,0.315134586,11.21202747,1230.663944,3777.128993,5007.792938,33,144.3682114,1127.272797,1271.641008,12.8016
"1044","4886",-0.0383873819401652,0.100111989353029,-0.0211765268763413,1903006,"QULA",3.9,"A",4,"AU",0,0,0,30,0,1,0,0,0,0,0,0,0,0,0,0,0,0,5.394520548,0,12.56637061,0.001256637,0.001194591,0.018537329,0.115017552,2052.316087,2243.662641,4295.978728,28,274.0591046,250.4862498,524.5453545,12.8016
"1045","4887",-0.0432144612113424,-0.0200570436837265,-0.0087708040067462,1903008,"QULA",6.9,"A",7.7,"A",0,0,0,100,0,0,0,0,0,0,0,0,0,0,0,0,0,0,5.394520548,0,46.56625711,0.004656626,0.003739281,0.148298629,1.700512672,2008.13744,2084.352478,4092.489918,26,281.3990646,225.6214757,507.0205403,12.8016
"1046","4888",-0.0432144612113424,-0.0200570436837265,-0.0087708040067462,1903009,"QULA",5,"A",6.1,"A",0,0,0,100,0,0,0,0,0,0,0,0,0,0,0,0,0,0,5.394520548,0,29.22466566,0.002922467,0.001963495,0.203910615,1.777676346,2025.479032,2344.044381,4369.523412,28,248.2713494,251.4510488,499.7223981,12.8016
"1047","4889",0.115606780778531,-0.0996844783064013,-0.0553197503981747,1903010,"QULA",16.8,"A",17.3,"AU",3,2,0,20,1,0,0,0,0,0,0,0,0,0,0,0,0,0,5.394520548,0,235.0618163,0.023506182,0.022167078,0.092686643,2.482340843,1135.175235,2806.604629,3941.779864,23,144.6005088,311.9320287,456.5325376,12.8016
"1048","4892",0.0878202006945405,0.0938218010171118,-0.0270631282656274,1903015,"QULA",14.3,"A",14,"AU",3,1,0,81,0,1,0,0,0,0,0,0,0,0,0,0,0,0,5.394520548,0,153.93804,0.015393804,0.016060607,-0.055611986,-1.236074707,655.6818027,6074.222272,6729.904075,27,51.01342733,757.5950845,808.6085118,12.8016
"1049","4904",-0.0102760787350002,-0.0249701991717411,-0.00922952053995896,1903027,"QULA",11.7,"A",12.8,"AU",1,0,0,96,0,0,0,0,0,0,0,0,0,0,0,0,0,0,5.394520548,0,128.6796351,0.012867964,0.010751315,0.203910615,3.923700043,1560.963142,4704.197278,6265.160419,32,193.5054034,652.1926802,845.6980836,12.8016
"1050","4905",-0.0432144612113424,-0.0200570436837265,-0.0087708040067462,1903030,"QULA",15,"A",16.1,"A",0,0,0,78,0,0,0,0,0,0,0,0,0,0,0,0,0,0,5.394520548,0,203.5830579,0.020358306,0.017671459,0.203910615,4.980696789,1561.489359,5161.762394,6723.251752,35,193.4884658,698.1311109,891.6195768,12.8016
"1051","491",0.0667770500842968,-0.0692209418921315,-0.0627023203986848,313005,"QULA",11.3,"A",11.5,"AU",2,0,0,99,0,0,1,0,0,0,0,0,0,0,0,0,0,0,5.465753425,0,103.8689071,0.010386891,0.010028749,0.036591479,0.655246468,0,6317.687848,6317.687848,27,0,728.561987,728.561987,11.8872
"1052","4910",0.0644604022049727,-0.0723159889607638,-0.0402251484854707,1903037,"QULA",12.9,"A",13.1,"AU",2,1,0,25,1,0,0,0,0,0,0,0,0,0,0,0,0,0,5.394520548,0,134.7821788,0.013478218,0.013069811,0.037074657,0.757077559,1141.450567,7354.892517,8496.343084,39,174.8817371,765.3712842,940.2530214,12.8016
"1053","4911",-0.0390203139482903,0.122167394906561,0.131092107811762,1903039,"QULA",18.4,"A",18.8,"AU",0,0,0,91,0,1,0,0,0,0,0,0,0,0,0,0,0,0,5.394520548,1,277.5911269,0.027759113,0.02659044,0.074149314,2.166406554,1236.428767,7562.669601,8799.098368,38,169.6100256,704.4791981,874.0892237,12.8016
"1054","4915",0.0644604022049727,-0.0723159889607638,-0.0402251484854707,1903050,"QULA",21.5,"A",24.1,"AU",2,1,0,70,1,0,0,0,0,0,0,0,0,0,0,0,0,0,5.394520548,0,456.1671073,0.045616711,0.03630503,0.481970543,17.26136835,735.2112208,4946.88531,5682.096531,22,108.4442953,665.1226806,773.5669759,12.8016
"1055","4917",-0.0432144612113424,-0.0200570436837265,-0.0087708040067462,1903056,"QULA",9.8,"A",9.8,"A",0,0,0,98,0,0,0,0,0,0,0,0,0,0,0,0,0,0,5.394520548,0,75.42963961,0.007542964,0.007542964,0,0,1421.602092,6281.740175,7703.342266,34,144.5296575,694.2186828,838.7483403,12.8016
"1056","4921",0.0562755176398166,-0.0561642704571062,-0.0219609590142204,1903060,"QULA",2.7,"A",3.5,"AU",3,1,0,85,0,0,0,0,0,0,0,0,0,0,0,0,0,0,5.394520548,0,9.621127502,0.000962113,0.000572555,0.148298629,0.722135518,1553.87885,5145.669585,6699.548436,27,136.719669,696.3288716,833.0485405,12.8016
"1057","4929",-0.0383873819401652,0.100111989353029,-0.0211765268763413,1903073,"QULA",16,"A",17,"AU",0,0,0,70,0,1,0,0,0,0,0,0,0,0,0,0,0,0,5.394520548,0,226.9800692,0.022698007,0.020106193,0.185373286,4.804530664,1041.084535,4520.359129,5561.443665,32,81.26386506,529.8202884,611.0841535,12.4968
"1058","4934",0.021239545912268,-0.0333448175932699,-0.0103431934648923,1903079,"QULA",14.2,"A",16,"AU",1,1,0,95,0,0,0,0,0,0,0,0,0,0,0,0,0,0,5.394520548,0,201.0619298,0.020106193,0.015836769,0.333671915,7.914372331,1660.394549,3704.809531,5365.20408,30,244.4930515,381.9907186,626.4837701,13.1064
"1059","4935",-0.0432144612113424,-0.0200570436837265,-0.0087708040067462,1903080,"QULA",3.8,"A",3.2,"A",0,0,0,95,0,0,0,0,0,0,0,0,0,0,0,0,0,0,5.394520548,0,8.042477193,0.000804248,0.001134115,-0.111223972,-0.611485721,1568.000309,4189.07033,5757.070639,32,270.9540495,418.2682171,689.2222667,12.8016
"1060","4939",0.100469226962469,-0.0862930220256477,-0.0480872239145394,1903084,"QULA",16.3,"A",17.9,"AU",2,2,0,85,1,0,0,0,0,0,0,0,0,0,0,0,0,0,5.394520548,0,251.6494255,0.025164943,0.020867244,0.296597257,7.966785393,1708.963572,3454.385326,5163.348898,31,219.4579538,380.2611003,599.7190542,13.1064
"1061","4940",-0.0432144612113424,-0.0200570436837265,-0.00877080400674621,1903085,"QULA",15.2,"A",16.9,"A",0,0,0,96,0,0,0,0,0,0,0,0,0,0,0,0,0,0,5.394520548,0,224.3175694,0.022431757,0.018145839,0.315134586,7.944946617,1351.725217,3428.427917,4780.153134,30,194.222076,378.1925053,572.4145813,12.8016
"1062","4942",-0.0432144612113424,-0.0200570436837265,-0.00877080400674621,1903087,"QULA",2.6,"A",3.1,"A",0,0,0,97,0,0,0,0,0,0,0,0,0,0,0,0,0,0,5.394520548,0,7.54767635,0.000754768,0.000530929,0.092686643,0.414936739,3198.172737,2857.569116,6055.741853,33,478.4421723,331.7239881,810.1661604,13.1064
"1063","4943",-0.0383873819401652,0.100111989353029,-0.0211765268763413,1903088,"QULA",15.7,"A",18,"AU",0,0,0,92,0,1,0,0,0,0,0,0,0,0,0,0,0,0,5.394520548,0,254.4690049,0.0254469,0.019359279,0.426358558,11.28482339,1964.186559,2838.366131,4802.55269,30,305.9340963,303.0299678,608.9640641,13.1064
"1064","4944",-0.0383873819401652,0.100111989353029,-0.0211765268763413,1903089,"QULA",12.8,"A",13.7,"AU",0,0,0,80,0,1,0,0,0,0,0,0,0,0,0,0,0,0,5.394520548,0,147.4113813,0.014741138,0.012867964,0.166835957,3.472365344,2294.234429,2408.949685,4703.184114,31,313.0295652,350.554261,663.5838261,13.1064
"1065","4945",-0.0432144612113424,-0.0200570436837265,-0.00877080400674621,1903090,"QULA",9.4,"A",10.4,"A",0,0,0,96,0,0,0,0,0,0,0,0,0,0,0,0,0,0,5.394520548,0,84.94866535,0.008494867,0.006939778,0.185373286,2.882718399,2513.007087,3174.131699,5687.138787,34,391.4596234,321.261218,712.7208413,13.1064
"1066","4946",-0.0432144612113424,-0.0200570436837265,-0.00877080400674621,1903092,"QULA",15.8,"A",17.6,"A",0,0,0,95,0,0,0,0,0,0,0,0,0,0,0,0,0,0,5.394520548,0,243.2849351,0.024328494,0.01960668,0.333671915,8.752981319,2400.907208,2921.162805,5322.070013,36,311.3297262,313.7133605,625.0430867,13.1064
"1067","4952",0.0184690411487361,-0.0470007793754716,-0.0211505352092176,1903100,"QULA",2.2,"A",2.9,"AU",3,0,0,100,0,0,0,0,0,0,0,0,0,0,0,0,0,0,5.394520548,0,6.605198554,0.00066052,0.000380133,0.1297613,0.519762863,2774.47399,3033.223415,5807.697405,41,303.0088902,382.3466238,685.3555141,13.1064
"1068","4953",-0.0432144612113424,-0.0200570436837265,-0.00877080400674621,1903101,"QULA",3.3,"A",3.6,"A",0,0,0,100,0,0,0,0,0,0,0,0,0,0,0,0,0,0,5.394520548,0,10.1787602,0.001017876,0.000855299,0.055611986,0.301375105,2862.799868,1697.803064,4560.602931,42,394.6106804,253.8373108,648.4479912,13.1064
"1069","4955",-0.0383873819401652,0.100111989353029,-0.0211765268763413,1903103,"QULA",15.8,"A",16.8,"AU",0,0,0,70,0,1,0,0,0,0,0,0,0,0,0,0,0,0,5.394520548,0,221.6707776,0.022167078,0.01960668,0.185373286,4.746293929,2385.858979,1697.803064,4083.662043,42,212.8836833,230.3048561,443.1885394,13.1064
"1070","4973",0.0383844216786146,-0.0957836874428475,-0.0437507075944988,1905021,"QULA",15.2,"A",16,"AU",3,1,0,95,0,0,0,0,0,0,0,0,1,0,0,0,0,0,5.024657534,0,201.0619298,0.020106193,0.018145839,0.159214831,3.901467518,595.5674273,12529.4569,13125.02433,73,51.13876856,1707.226516,1758.365285,13.4112
"1071","4996",-0.0383873819401652,0.100111989353029,-0.0211765268763413,1905056,"QULA",13.4,"A",13.9,"AU",0,0,0,75,0,1,0,0,0,0,0,0,0,0,0,0,0,0,5.024657534,0,151.7467792,0.015174678,0.014102609,0.099509269,2.133615049,1480.074985,4922.655777,6402.730762,26,197.4793704,542.6131122,740.0924826,13.4112
"1072","4997",-0.0383873819401652,0.100111989353029,-0.0211765268763413,1905057,"QULA",12.6,"A",12.6,"AU",0,0,0,88,0,1,0,0,0,0,0,0,0,0,0,0,0,0,5.024657534,0,124.6898124,0.012468981,0.012468981,0,0,1780.756818,6437.500338,8218.257156,33,209.7573782,918.5457631,1128.303141,13.4112
"1073","4999",-0.0102760787350002,-0.0249701991717411,-0.00922952053995897,1905059,"QULA",15.9,"A",16.7,"AU",1,0,0,94,0,0,0,0,0,0,0,0,0,0,0,0,0,0,5.024657534,0,219.0396938,0.021903969,0.019855651,0.159214831,4.076533368,1280.018365,5718.821749,6998.840114,31,161.8524202,567.6831923,729.5356124,13.4112
"1074","50",-0.010276078735,-0.0249701991717409,-0.00922952053995901,105018,"QULA",6.3,"A",6.8,"AU",1,0,0,99,0,0,0,0,0,0,0,0,0,0,0,0,0,0,5.55890411,0,36.31681108,0.003631681,0.003117245,0.089945786,0.925426643,1396.037381,2167.706785,3563.744166,28,125.4457713,268.2358086,393.6815799,9.7536
"1075","5001",-0.0383873819401652,0.100111989353029,-0.0211765268763413,1905061,"QULA",13.5,"A",14.3,"AU",0,0,0,70,0,1,0,0,0,0,0,0,0,0,0,0,0,0,5.024657534,0,160.6060704,0.016060607,0.014313882,0.159214831,3.476307596,2125.719399,1950.819082,4076.538481,26,231.8106681,272.996293,504.8069611,12.8016
"1076","5002",-0.0432144612113424,-0.0200570436837265,-0.00877080400674621,1905062,"QULA",16.3,"A",17.6,"A",0,0,0,87,0,0,0,0,0,0,0,0,0,0,0,0,0,0,5.024657534,0,243.2849351,0.024328494,0.020867244,0.2587241,6.888528586,1692.737246,3000.692223,4693.429469,26,230.5390842,312.0937516,542.6328359,12.8016
"1077","5004",0.106466858625705,0.0875515926963152,-0.0282807734508202,1905064,"QULA",21.1,"A",21.7,"AU",2,2,0,10,0,1,0,0,0,0,0,0,0,0,0,0,0,0,5.024657534,0,369.8361412,0.036983614,0.034966712,0.119411123,4.01400985,1876.284796,3921.870021,5798.154817,34,184.1367659,373.1328532,557.2696191,13.4112
"1078","5005",-0.0383873819401652,0.100111989353029,-0.0211765268763413,1905065,"QULA",2,"A",2.7,"AU",0,0,0,76,0,1,0,0,0,0,0,0,0,0,0,0,0,0,5.024657534,0,5.725552611,0.000572555,0.000314159,0.139312977,0.514255935,1808.2379,1460.275097,3268.512997,22,309.4542008,177.3551712,486.809372,12.8016
"1079","5006",-0.0383873819401652,0.100111989353029,-0.0211765268763412,1905066,"QULA",14.4,"A",14.9,"AU",0,0,0,67,0,1,0,0,0,0,0,0,0,0,0,0,0,0,5.024657534,0,174.3662463,0.017436625,0.016286016,0.099509269,2.289923844,2426.903887,2285.3987,4712.302587,32,307.5521957,210.7004955,518.2526912,12.8016
"1080","5007",-0.0383873819401652,0.100111989353029,-0.0211765268763412,1905067,"QULA",14.5,"A",15,"AU",0,0,0,5,0,1,0,0,0,0,0,0,0,0,0,0,0,0,5.024657534,0,176.7145868,0.017671459,0.016512996,0.099509269,2.305554723,1840.941879,2547.910182,4388.852061,32,250.1547532,239.4982174,489.6529706,12.8016
"1081","5008",-0.0432144612113424,-0.0200570436837266,-0.00877080400674621,1905068,"QULA",4.8,"A",5.7,"A",0,0,0,100,0,0,0,0,0,0,0,0,0,0,0,0,0,0,5.024657534,0,25.51758633,0.002551759,0.001809557,0.179116685,1.477118111,2386.220262,2585.5229,4971.743162,35,379.1857112,238.7355924,617.9213036,12.8016
"1082","5009",-0.0383873819401652,0.100111989353029,-0.0211765268763412,1905069,"QULA",6.8,"A",6.9,"AU",0,0,0,23,0,1,0,0,0,0,0,0,0,0,0,0,0,0,5.024657534,0,37.39280656,0.003739281,0.003631681,0.019901854,0.214143049,2570.482525,3104.616108,5675.098633,35,351.3848129,269.1944242,620.5792371,12.8016
"1083","5010",-0.0432144612113424,-0.0200570436837265,-0.00877080400674621,1905070,"QULA",5.1,"A",6,"A",0,0,0,98,0,0,0,0,0,0,0,0,0,0,0,0,0,0,5.024657534,0,28.27433388,0.002827433,0.002042821,0.179116685,1.56152486,2360.561304,2199.837424,4560.398728,34,338.1239655,208.3595111,546.4834766,12.8016
"1084","5011",-0.0432144612113424,-0.0200570436837266,-0.0087708040067462,1905071,"QULA",4,"A",4.8,"A",0,0,0,97,0,0,0,0,0,0,0,0,0,0,0,0,0,0,5.024657534,0,18.09557368,0.001809557,0.001256637,0.159214831,1.100413915,2697.379306,2250.079344,4947.458651,38,388.4487338,228.6470543,617.0957881,12.8016
"1085","5012",-0.0432144612113424,-0.0200570436837265,-0.00877080400674621,1905072,"QULA",4.7,"A",5.4,"A",0,0,0,97,0,0,0,0,0,0,0,0,0,0,0,0,0,0,5.024657534,0,22.90221044,0.002290221,0.001734945,0.139312977,1.105103179,2473.532976,2263.933768,4737.466744,38,353.6465971,230.4029253,584.0495224,12.8016
"1086","5014",0.0168569583130085,-0.0610360343189654,-0.0401448088227313,1905075,"QULA",2.7,"A",2.8,"AU",2,0,0,60,1,0,0,0,0,0,0,0,0,0,0,0,0,0,5.024657534,0,6.157521601,0.000615752,0.000572555,0.019901854,0.085969837,2784.715582,2317.576462,5102.292045,43,292.634754,243.9639849,536.5987389,12.8016
"1087","5019",0.0212395459122681,-0.03334481759327,-0.0103431934648923,1905082,"QULA",5.3,"A",6.1,"AU",1,1,0,94,0,0,0,0,0,0,0,0,0,0,0,0,0,0,5.024657534,0,29.22466566,0.002922467,0.002206183,0.159214831,1.425536208,2794.116798,3456.639419,6250.756217,40,465.6204103,408.7807143,874.4011246,13.1064
"1088","5020",-0.0102760787350002,-0.0249701991717411,-0.00922952053995899,1905083,"QULA",11.5,"A",13.1,"AU",1,0,0,98,0,0,0,0,0,0,0,0,0,0,0,0,0,0,5.024657534,0,134.7821788,0.013478218,0.010386891,0.318429662,6.152314163,2688.559285,3170.165439,5858.724724,39,498.4917004,430.7204397,929.2121401,13.4112
"1089","5022",-0.0825202612398322,-0.0343082866068978,-0.0217127784423507,1905085,"QULA",21.8,"A",22.4,"AU",0,0,1,96,0,0,0,0,0,0,0,0,0,0,0,0,0,0,5.024657534,0,394.0813825,0.039408138,0.037325262,0.119411123,4.145309238,2252.545495,3550.29815,5802.843644,39,283.3206576,576.0115116,859.3321692,13.4112
"1090","5027",0.0212395459122681,-0.0333448175932699,-0.0103431934648923,1905090,"QULA",6,"A",6.4,"AU",1,1,0,90,0,0,0,0,0,0,0,0,0,0,0,0,0,0,5.024657534,0,32.16990877,0.003216991,0.002827433,0.079607415,0.775291622,2541.509187,4827.866072,7369.375259,42,294.9099819,566.4801937,861.3901756,13.1064
"1091","5028",-0.0383873819401652,0.100111989353029,-0.0211765268763412,1905094,"QULA",9.5,"A",9.8,"AU",0,0,0,95,0,1,0,0,0,0,0,0,0,0,0,0,0,0,5.024657534,0,75.42963961,0.007542964,0.007088218,0.059705562,0.905027922,1484.598878,5751.085905,7235.684784,30,180.6083024,607.707013,788.3153155,13.4112
"1092","5033",-0.0118641267365935,-0.0286302487938528,-0.00981200096876226,1905100,"QULA",10.3,"A",23,"AU",0,1,0,95,0,0,0,0,0,0,0,0,0,0,0,0,0,0,5.024657534,0,415.4756284,0.041547563,0.008332289,2.527535442,66.1045524,773.0202883,7052.341437,7825.361725,46,128.7332803,809.8151092,938.5483895,13.4112
"1093","5034",-0.0383873819401652,0.100111989353029,-0.0211765268763412,1905101,"QULA",4.7,"A",2.8,"AU",0,0,0,20,0,1,0,0,0,0,0,0,0,0,0,0,0,0,5.024657534,0,6.157521601,0.000615752,0.001734945,-0.378135224,-2.227400326,1315.070685,7530.146263,8845.216948,41,226.8148302,761.9314711,988.7463014,13.4112
"1094","5038",-0.0432144612113424,-0.0200570436837266,-0.0087708040067462,1905105,"QULA",2.8,"A",3.6,"A",0,0,0,97,0,0,0,0,0,0,0,0,0,0,0,0,0,0,5.024657534,0,10.1787602,0.001017876,0.000615752,0.159214831,0.800301029,1311.049446,8352.175397,9663.224843,43,250.5854391,816.1737855,1066.759225,13.4112
"1095","5041",-0.0383873819401652,0.100111989353029,-0.0211765268763412,1905109,"QULA",16.5,"A",17.3,"AU",0,0,0,78,0,1,0,0,0,0,0,0,0,0,0,0,0,0,5.024657534,0,235.0618163,0.023506182,0.021382465,0.159214831,4.226589811,1086.16639,6702.305183,7788.471573,41,224.2364731,767.0827789,991.319252,13.4112
"1096","5042",0.0402084099371072,0.0885191601261961,-0.0186259122466656,1905110,"QULA",9.6,"A",10.1,"AU",1,1,0,83,0,1,0,0,0,0,0,0,0,0,0,0,0,0,5.024657534,0,80.11846665,0.008011847,0.007238229,0.099509269,1.539641629,1034.989846,6882.514792,7917.504637,41,449.867318,801.0596634,1250.926981,13.4112
"1097","5055",-0.0432144612113424,-0.0200570436837266,-0.0087708040067462,1907001,"QULA",10,"A",12.3,"A",0,0,0,98,0,0,0,0,0,0,0,0,0,0,0,0,0,0,5.024657534,0,118.8228881,0.011882289,0.007853982,0.457742639,8.017078085,3302.952706,1911.454926,5214.407632,26,364.1038051,215.3274978,579.4313028,13.716
"1098","5057",-0.0432144612113424,-0.0200570436837266,-0.0087708040067462,1907004,"QULA",22.1,"A",24.1,"A",0,0,0,93,0,0,0,0,0,0,0,0,0,0,0,0,0,0,5.024657534,0,456.1671073,0.045616711,0.038359632,0.398037077,14.44293264,3375.452811,378.3184413,3753.771252,29,381.3892052,52.20921097,433.5984162,14.0208
"1099","5058",-0.0432144612113424,-0.0200570436837266,-0.00877080400674621,1907006,"QULA",14.1,"A",15.2,"A",0,0,0,80,0,0,0,0,0,0,0,0,0,0,0,0,0,0,5.024657534,0,181.4583917,0.018145839,0.015614501,0.218920393,5.037832456,3192.533578,1882.230261,5074.763839,24,366.6618108,222.0939396,588.7557504,13.716
"1100","5059",-0.0432144612113424,-0.0200570436837266,-0.00877080400674621,1907008,"QULA",3.1,"A",4.8,"A",0,0,0,100,0,0,0,0,0,0,0,0,0,0,0,0,0,0,5.024657534,0,18.09557368,0.001809557,0.000754768,0.338331516,2.099227114,3910.685951,378.3184413,4289.004392,27,751.6357943,55.48679858,807.1225929,14.0208
"1101","5060",-0.0432144612113424,-0.0200570436837266,-0.00877080400674621,1907009,"QULA",15.5,"A",19.4,"A",0,0,0,99,0,0,0,0,0,0,0,0,0,0,0,0,0,0,5.024657534,0,295.5924528,0.029559245,0.018869191,0.776172301,21.27519006,3052.159365,343.0619178,3395.221282,25,356.894773,33.22380588,390.1185789,14.0208
"1102","5061",0.0667770500842965,-0.0692209418921318,-0.0627023203986846,1907011,"QULA",3.2,"A",4.9,"AU",2,0,0,100,0,0,1,0,0,0,0,0,0,0,0,0,0,0,5.024657534,0,18.8574099,0.001885741,0.000804248,0.338331516,2.152372104,3403.562211,1509.134717,4912.696928,24,497.1716927,115.2968676,612.4685602,14.0208
"1103","5062",-0.0432144612113424,-0.0200570436837266,-0.00877080400674621,1907012,"QULA",8.5,"A",10.6,"A",0,0,0,97,0,0,0,0,0,0,0,0,0,0,0,0,0,0,5.024657534,0,88.24733764,0.008824734,0.005674502,0.417938931,6.269545759,2808.843014,2955.484705,5764.327718,21,581.9598307,259.1478159,841.1076466,13.716
"1104","5063",0.0644604022049727,-0.0723159889607637,-0.0402251484854707,1907013,"QULA",16.1,"A",19.4,"AU",2,1,0,89,1,0,0,0,0,0,0,0,0,0,0,0,0,0,5.024657534,0,295.5924528,0.029559245,0.020358306,0.656761178,18.31157531,2720.320787,1987.481468,4707.802255,20,672.1574076,201.0578814,873.2152889,13.716
"1105","5064",0.0134513453783431,0.113365222581154,-0.0397372428699829,1907014,"QULA",14,"A",18.6,"AU",0,2,1,93,0,1,0,0,0,0,0,0,0,0,0,0,0,0,5.024657534,0,271.7163486,0.027171635,0.015393804,0.915485278,23.44006687,2343.046925,1781.361574,4124.408499,18,656.1148865,185.1266649,841.2415514,13.716
"1106","5065",0.0562755176398166,-0.0561642704571062,-0.0219609590142203,1907015,"QULA",19.7,"A",21.8,"AU",3,1,0,97,0,0,0,0,0,0,0,0,0,0,0,0,0,0,5.024657534,0,373.2526232,0.037325262,0.030480517,0.417938931,13.62231147,1999.788658,4633.76277,6633.551428,28,232.6890477,470.3228392,703.011887,13.716
"1107","5066",-0.0204632713490708,-0.0496313134492425,-0.0353766866426357,1907017,"QULA",3.7,"A",4,"AU",1,0,0,90,1,0,0,0,0,0,0,0,0,0,0,0,0,0,5.024657534,0,12.56637061,0.001256637,0.00107521,0.059705562,0.361073316,2675.98506,4072.76857,6748.75363,26,414.8758129,421.8887544,836.7645674,13.716
"1108","5069",0.146333284196381,0.112168808543593,-0.0494440154330268,1907020,"QULA",11,"A",11.1,"AU",2,2,0,71,1,1,0,0,0,0,0,0,0,0,0,0,0,0,5.024657534,0,96.76890771,0.009676891,0.009503318,0.019901854,0.345442436,1921.688664,5991.621947,7913.310611,31,194.2738722,809.6705839,1003.944456,13.716
"1109","5080",-0.0383873819401652,0.100111989353029,-0.0211765268763412,1907035,"QULA",22.2,"A",22.6,"AU",0,0,0,80,0,1,0,0,0,0,0,0,0,0,0,0,0,0,5.024657534,0,401.1499659,0.040114997,0.038707563,0.079607415,2.801053603,1491.910935,6534.049335,8025.96027,44,187.3688602,689.4621984,876.8310586,13.716
"1110","5083",-0.0383873819401652,0.100111989353029,-0.0211765268763412,1907040,"QULA",23,"A",24.7,"AU",0,0,0,90,0,1,0,0,0,0,0,0,0,0,0,0,0,0,5.024657534,0,479.1635655,0.047916357,0.041547563,0.338331516,12.67508017,1201.203659,9575.582262,10776.78592,59,141.8403283,953.8244823,1095.664811,13.716
"1111","5095",0.0849323177857322,-0.0687558350550971,-0.0297167681964543,1907053,"QULA",10.6,"A",11.1,"AU",3,2,0,96,0,0,0,0,0,0,0,0,0,0,0,0,0,0,5.024657534,0,96.76890771,0.009676891,0.008824734,0.099509269,1.695950423,1554.216572,8902.488182,10456.70475,58,148.7434234,1573.907169,1722.650593,13.716
"1112","5098",0.152189823681311,-0.098396295159366,0.113088292746507,1907056,"QULA",4.9,"A",5,"AU",2,1,0,99,0,0,1,0,0,0,0,0,0,0,0,0,0,0,5.024657534,1,19.63495408,0.001963495,0.001885741,0.019901854,0.154745707,1631.350525,8439.982912,10071.33344,62,168.1097017,1286.64305,1454.752751,13.716
"1113","5110",-0.0383873819401652,0.100111989353029,-0.0211765268763412,1907077,"QULA",12.7,"A",13,"AU",0,0,0,10,0,1,0,0,0,0,0,0,0,0,0,0,0,0,5.024657534,0,132.7322896,0.013273229,0.012667687,0.059705562,1.205140808,1264.01195,6811.766125,8075.778075,55,139.2205824,692.0473962,831.2679786,13.716
"1114","5113",0.14425488191719,0.117038143602194,-0.0627209852617789,1907080,"QULA",19.9,"A",20.2,"AU",2,3,0,40,0,1,0,0,0,1,0,0,0,0,0,0,0,0,5.024657534,0,320.4738666,0.032047387,0.031102553,0.059705562,1.880394801,1222.001002,5542.609817,6764.610819,46,116.0837541,569.3134494,685.3972035,13.716
"1115","5114",0.033964323574454,0.092483666287415,-0.0233862229711244,1907081,"QULA",7.9,"A",8.1,"AU",2,0,0,87,0,1,0,0,0,0,0,0,0,0,0,0,0,0,5.024657534,0,51.5299735,0.005152997,0.00490167,0.039803708,0.500188143,1729.101181,5505.17774,7234.278921,41,201.4811298,669.9622989,871.4434287,13.4112
"1116","5118",-0.0432144612113424,-0.0200570436837266,-0.00877080400674621,1907087,"QULA",12.2,"A",13.3,"A",0,0,0,95,0,0,0,0,0,0,0,0,0,0,0,0,0,0,5.024657534,0,138.9290811,0.013892908,0.011689866,0.218920393,4.384461694,2181.372713,3037.056158,5218.428871,38,256.4734963,546.672697,803.1461933,13.716
"1117","5120",-0.0102760787350002,-0.0249701991717411,-0.00922952053995901,1907089,"QULA",6.2,"A",7.1,"AU",1,0,0,95,0,0,0,0,0,0,0,0,0,0,0,0,0,0,5.024657534,0,39.59192142,0.003959192,0.003019071,0.179116685,1.871016274,2161.250812,3864.677327,6025.928139,35,310.6213844,461.1046147,771.7259991,13.716
"1118","5121",-0.0102760787350002,-0.0249701991717411,-0.00922952053995901,1907091,"QULA",3.4,"A",4.7,"AU",1,0,0,100,0,0,0,0,0,0,0,0,0,0,0,0,0,0,5.024657534,0,17.34944543,0.001734945,0.00090792,0.2587241,1.645931609,2965.302182,3397.255464,6362.557646,33,258.624392,508.9202279,767.5446199,13.716
"1119","5122",0.00140265207779305,0.0934709252610173,-0.0193403460192346,1907092,"QULA",10,"A",10.2,"AU",1,0,0,95,0,1,0,0,0,0,0,0,0,0,0,0,0,0,5.024657534,0,81.71282492,0.008171282,0.007853982,0.039803708,0.631487531,2406.255769,2704.707071,5110.96284,36,391.1542818,713.9213929,1105.075675,13.716
"1120","5126",0.0382066107349853,0.122425144047966,-0.0525882813388149,1907096,"QULA",27.1,"A",28.2,"AU",3,0,0,30,0,1,0,0,0,1,0,0,0,0,0,0,0,0,5.024657534,0,624.5800355,0.062458004,0.057680427,0.218920393,9.508263987,2570.050556,2642.495683,5212.546239,38,256.2015225,412.1857876,668.3873101,13.716
"1121","5128",-0.0432144612113424,-0.0200570436837266,-0.00877080400674621,1907098,"QULA",2.6,"A",4,"A",0,0,0,100,0,0,0,0,0,0,0,0,0,0,0,0,0,0,5.024657534,0,12.56637061,0.001256637,0.000530929,0.278625954,1.444293264,2889.699755,3432.755461,6322.455215,38,301.1812824,335.7820109,636.9632933,13.716
"1122","5130",-0.0102760787350002,-0.0249701991717411,-0.00922952053995901,1907100,"QULA",1.7,"A",2.9,"AU",1,0,0,100,0,0,0,0,0,0,0,0,0,0,0,0,0,0,5.024657534,0,6.605198554,0.00066052,0.00022698,0.238822246,0.862824547,2999.40417,2467.752445,5467.156615,39,336.5720822,259.3230762,595.8951584,13.716
"1123","5131",-0.0432144612113424,-0.0200570436837266,-0.00877080400674621,1907102,"QULA",12.3,"A",13.4,"A",0,0,0,95,0,0,0,0,0,0,0,0,0,0,0,0,0,0,5.024657534,0,141.0260942,0.014102609,0.011882289,0.218920393,4.418849629,3037.150406,2772.00784,5809.158246,42,381.0372447,285.8352775,666.8725222,13.716
"1124","5132",-0.0432144612113424,-0.0200570436837266,-0.00877080400674621,1907103,"QULA",4.5,"A",10.3,"A",0,0,0,100,0,0,0,0,0,0,0,0,0,0,0,0,0,0,5.024657534,0,83.32289115,0.008332289,0.001590431,1.154307525,13.41754694,3744.919815,2470.658419,6215.578233,46,553.6636769,283.8945871,837.558264,13.716
"1125","5133",-0.0432144612113424,-0.0200570436837266,-0.00877080400674621,1907104,"QULA",13.2,"A",14.9,"A",0,0,0,95,0,0,0,0,0,0,0,0,0,0,0,0,0,0,5.024657534,0,174.3662463,0.017436625,0.013684778,0.338331516,7.466871127,3506.355123,2470.658419,5977.013541,45,471.150822,277.2893369,748.4401589,13.716
"1126","5134",-0.0683108667975618,-0.0418557233500823,-0.0355707369132504,1907105,"QULA",5.2,"A",6,"AU",0,0,0,79,1,0,0,0,0,0,0,0,0,0,0,0,0,0,5.024657534,0,28.27433388,0.002827433,0.002123717,0.159214831,1.400526801,3911.188606,2407.041167,6318.229773,46,624.7704884,279.8600794,904.6305678,13.716
"1127","5135",-0.0432144612113424,-0.0200570436837266,-0.00877080400674621,1907106,"QULA",1.6,"A",2.5,"A",0,0,0,100,0,0,0,0,0,0,0,0,0,0,0,0,0,0,5.024657534,0,4.908738521,0.000490874,0.000201062,0.179116685,0.576779453,3518.379568,2407.041167,5925.420736,44,579.7243948,277.8302718,857.5546666,13.716
"1128","5136",-0.0383873819401652,0.100111989353029,-0.0211765268763412,1907107,"QULA",20,"A",20.6,"AU",0,0,0,80,0,1,0,0,0,0,0,0,0,0,0,0,0,0,5.024657534,0,333.2915646,0.033329156,0.031415927,0.119411123,3.807682241,2551.711509,2434.003886,4985.715395,37,242.3321479,242.2366294,484.5687773,13.716
"1129","5137",0.021239545912268,-0.03334481759327,-0.0103431934648923,1907108,"QULA",4.8,"A",5.4,"AU",1,1,0,100,0,0,0,0,0,0,0,0,0,0,0,0,0,0,5.024657534,0,22.90221044,0.002290221,0.001809557,0.119411123,0.956609824,3557.351025,2447.363509,6004.714534,44,672.8573451,332.3516189,1005.208964,13.716
"1130","5139",0.000253085746629033,0.0949616375296095,-0.0203896171408549,1907110,"QULA",12.5,"A",13.2,"AU",0,1,0,100,0,1,0,0,0,0,0,0,0,0,0,0,0,0,5.024657534,0,136.847776,0.013684778,0.012271846,0.139312977,2.811995218,3721.27933,2447.363509,6168.642839,46,566.5875523,325.8810166,892.468569,13.716
"1131","5140",-0.0432144612113424,-0.0200570436837266,-0.00877080400674621,1907111,"QULA",15.3,"A",16.5,"A",0,0,0,100,0,0,0,0,0,0,0,0,0,0,0,0,0,0,5.024657534,0,213.82465,0.021382465,0.018385386,0.238822246,5.964743609,3914.298783,2120.975594,6035.274377,47,511.8705289,299.2148233,811.0853522,13.716
"1132","5141",-0.0432144612113424,-0.0200570436837266,-0.00877080400674621,1907112,"QULA",13.8,"A",14.8,"A",0,0,0,100,0,0,0,0,0,0,0,0,0,0,0,0,0,0,5.024657534,0,172.0336137,0.017203361,0.014957123,0.199018539,4.470431531,3106.351838,1730.554167,4836.906005,42,458.1925661,331.4225123,789.6150784,14.0208
"1133","5145",-0.0432144612113424,-0.0200570436837266,-0.00877080400674621,1907118,"QULA",7.3,"A",7.8,"A",0,0,0,100,0,0,0,0,0,0,0,0,0,0,0,0,0,0,5.024657534,0,47.78362426,0.004778362,0.004185387,0.099509269,1.180131401,3333.520403,1504.610824,4838.131226,39,379.8468587,251.7951057,631.6419644,14.0208
"1134","5146",-0.0432144612113424,-0.0200570436837266,-0.00877080400674621,1907119,"QULA",16.5,"A",17.6,"A",0,0,0,90,0,0,0,0,0,0,0,0,0,0,0,0,0,0,5.024657534,0,243.2849351,0.024328494,0.021382465,0.218920393,5.863142892,4181.349866,1528.369118,5709.718984,40,394.5721799,190.2146073,584.7867872,14.0208
"1135","5147",-0.0383873819401652,0.100111989353029,-0.0211765268763411,1907120,"QULA",11.8,"A",11.9,"AU",0,0,0,10,0,1,0,0,0,0,0,0,0,0,0,0,0,0,5.024657534,0,111.2202339,0.011122023,0.010935884,0.019901854,0.370451844,3870.450003,1467.422221,5337.872224,35,458.7346381,149.0713318,607.8059699,14.0208
"1136","5148",-0.0432144612113424,-0.0200570436837266,-0.00877080400674621,1907122,"QULA",10.3,"A",10.6,"A",0,0,0,85,0,0,0,0,0,0,0,0,0,0,0,0,0,0,5.024657534,0,88.24733764,0.008824734,0.008332289,0.059705562,0.980056143,3810.382752,1467.422221,5277.804972,33,466.4262508,150.6070268,617.0332776,14.0208
"1137","5151",0.0402084099371072,0.0885191601261961,-0.0186259122466656,1909003,"QULA",13.4,"A",15.1,"AU",1,1,0,88,0,1,0,0,0,0,0,0,0,0,0,0,0,0,5.002739726,0,179.0786352,0.017907864,0.014102609,0.339813801,7.606340346,2863.263252,3371.219515,6234.482767,27,394.922159,324.3199563,719.2421154,14.0208
"1138","5153",0.0485611169091077,-0.0430566420758168,-0.0155121250291676,1909007,"QULA",9.2,"A",10.6,"AU",2,1,0,98,0,0,0,0,0,0,0,0,0,0,0,0,0,0,5.002739726,0,88.24733764,0.008824734,0.00664761,0.279846659,4.351862835,3341.170181,3371.219515,6712.389696,28,475.9271772,314.5076533,790.4348304,14.0208
"1139","5154",0.0485611169091077,-0.0430566420758168,-0.0155121250291676,1909008,"QULA",19.7,"A",20.1,"AU",2,1,0,96,0,0,0,0,0,0,0,0,0,0,0,0,0,0,5.002739726,0,317.308712,0.031730871,0.030480517,0.079956188,2.499338252,2560.594362,2629.976436,5190.570798,18,279.8225746,443.2893554,723.11193,14.0208
"1140","5156",-0.0383873819401652,0.100111989353029,-0.0211765268763411,1909010,"QULA",9.8,"A",12.1,"AU",0,0,0,90,0,1,0,0,0,0,0,0,0,0,0,0,0,0,5.002739726,0,114.9901451,0.011499015,0.007542964,0.459748083,7.907768074,2809.675536,2192.438973,5002.114509,20,458.5608354,227.7539126,686.3147479,14.0208
"1141","5157",0.115606780778531,-0.0996844783064014,-0.0553197503981748,1909011,"QULA",21.7,"A",22.2,"AU",3,2,0,60,1,0,0,0,0,0,0,0,0,0,0,0,0,0,5.002739726,0,387.0756308,0.038707563,0.036983614,0.099945235,3.446009713,2427.579329,2021.159342,4448.738671,23,295.6880525,178.2808391,473.9688915,14.0208
"1142","5158",-0.0102760787350002,-0.0249701991717411,-0.00922952053995901,1909012,"QULA",14.7,"A",16,"AU",1,0,0,92,0,0,0,0,0,0,0,0,0,0,0,0,0,0,5.002739726,0,201.0619298,0.020106193,0.016971669,0.259857612,6.265614927,3384.123606,2192.438973,5576.56258,21,459.5129738,198.444574,657.9575478,14.0208
"1143","5159",-0.0432144612113424,-0.0200570436837266,-0.0087708040067462,1909013,"QULA",10.8,"A",13.1,"A",0,0,0,100,0,0,0,0,0,0,0,0,0,0,0,0,0,0,5.002739726,0,134.7821788,0.013478218,0.009160884,0.459748083,8.629938675,3608.920269,1965.678815,5574.599084,32,483.6363729,203.5030649,687.1394378,14.0208
"1144","5160",-0.0432144612113424,-0.0200570436837266,-0.0087708040067462,1909016,"QULA",24.4,"A",27.6,"A",0,0,0,91,0,0,0,0,0,0,0,0,0,0,0,0,0,0,5.002739726,0,598.2849049,0.05982849,0.046759465,0.639649507,26.1237365,3511.601582,2236.758991,5748.360574,32,520.0028267,162.7435809,682.7464076,14.0208
"1145","5161",-0.0102760787350002,-0.0249701991717411,-0.00922952053995902,1909020,"QULA",6.1,"A",6.9,"AU",1,0,0,86,0,0,0,0,0,0,0,0,0,0,0,0,0,0,5.002739726,0,37.39280656,0.003739281,0.002922467,0.159912377,1.632733531,3038.956822,1281.730533,4320.687354,25,703.1853606,145.1781292,848.3634898,14.0208
"1146","5162",-0.0102760787350003,-0.0249701991717411,-0.00922952053995902,1909021,"QULA",26.8,"A",29,"AU",1,0,0,96,0,0,0,0,0,0,0,0,0,0,0,0,0,0,5.002739726,0,660.5198554,0.066051986,0.056410438,0.439759036,19.27253541,2298.294938,1281.730533,3580.02547,23,266.1969262,169.713113,435.9100392,14.0208
"1147","5164",-0.0102760787350003,-0.0249701991717411,-0.00922952053995902,1909023,"QULA",4.9,"A",6.4,"AU",1,0,0,96,0,0,0,0,0,0,0,0,0,0,0,0,0,0,5.002739726,0,32.16990877,0.003216991,0.001885741,0.299835706,2.661041669,5858.269193,1783.026619,7641.295811,40,788.2031238,151.4858425,939.6889663,14.0208
"1148","5165",-0.0383873819401653,0.100111989353029,-0.0211765268763411,1909025,"QULA",7.4,"A",10.1,"AU",0,0,0,80,0,1,0,0,0,0,0,0,0,0,0,0,0,0,5.002739726,0,80.11846665,0.008011847,0.00430084,0.539704272,7.417948015,5810.320635,1783.026619,7593.347253,40,650.2756425,146.721935,796.9975775,14.0208
"1149","5166",-0.0383873819401653,0.100111989353029,-0.0211765268763411,1909026,"QULA",2,"A",3.9,"AU",0,0,0,20,0,1,0,0,0,0,0,0,0,0,0,0,0,0,5.002739726,0,11.94590607,0.001194591,0.000314159,0.379791895,1.759898354,4308.969214,1322.107852,5631.077066,33,487.6417808,147.7755566,635.4173373,14.0208
"1150","5169",-0.0432144612113424,-0.0200570436837266,-0.0087708040067462,1909030,"QULA",10.1,"A",13.1,"A",0,0,0,95,0,0,0,0,0,0,0,0,0,0,0,0,0,0,5.002739726,0,134.7821788,0.013478218,0.008011847,0.599671413,10.92675517,4669.561219,648.9116706,5318.472889,35,514.1356893,62.91012694,577.0458163,14.0208
"1151","5170",0.021239545912268,-0.03334481759327,-0.0103431934648923,1909031,"QULA",10,"A",12.3,"AU",1,1,0,93,0,0,0,0,0,0,0,0,0,0,0,0,0,0,5.002739726,0,118.8228881,0.011882289,0.007853982,0.459748083,8.052202195,3697.630991,1279.068033,4976.699024,28,391.9904379,149.7504754,541.7409133,14.0208
"1152","5171",-0.0383873819401653,0.100111989353029,-0.0211765268763411,1909034,"QULA",18.3,"A",18.5,"AU",0,0,0,78,0,1,0,0,0,0,0,0,0,0,0,0,0,0,5.002739726,0,268.8025214,0.026880252,0.026302199,0.039978094,1.155472961,3062.102505,1220.053215,4282.15572,23,297.5613005,127.1721369,424.7334374,14.0208
"1153","5172",-0.0383873819401653,0.100111989353029,-0.0211765268763411,1909036,"QULA",8.6,"A",9.4,"AU",0,0,0,70,0,1,0,0,0,0,0,0,0,0,0,0,0,0,5.002739726,0,69.39778172,0.006939778,0.005808805,0.159912377,2.260707966,5209.208297,369.898973,5579.10727,37,601.9743749,45.77550604,647.7498809,14.0208
"1154","5173",-0.0383873819401653,0.100111989353029,-0.0211765268763411,1909037,"QULA",2.4,"A",2.8,"AU",0,0,0,85,0,1,0,0,0,0,0,0,0,0,0,0,0,0,5.002739726,0,6.157521601,0.000615752,0.000452389,0.079956188,0.326546706,5238.236613,369.898973,5608.135586,37,646.7211434,50.10280864,696.8239521,14.0208
"1155","5174",-0.0432144612113424,-0.0200570436837266,-0.0087708040067462,1909039,"QULA",3.3,"A",5,"A",0,0,0,97,0,0,0,0,0,0,0,0,0,0,0,0,0,0,5.002739726,0,19.63495408,0.001963495,0.000855299,0.339813801,2.21517982,4582.774721,433.4298305,5016.204552,36,527.2875942,41.34097467,568.6285689,14.0208
"1156","5176",0.033964323574454,0.0924836662874149,-0.0233862229711244,1909042,"QULA",1.2,"A",1.8,"AU",2,0,0,50,0,1,0,0,0,0,0,0,0,0,0,0,0,0,5.002739726,0,2.544690049,0.000254469,0.000113097,0.119934283,0.282588496,4612.305692,422.7091455,5035.014838,37,660.5966626,120.6108297,781.2074923,14.0208
"1157","5177",0.0743425541222372,0.0874132750888715,-0.0223206573258999,1909044,"QULA",12.6,"A",13.6,"AU",2,1,0,10,0,1,0,0,0,0,0,0,0,0,0,0,0,0,5.002739726,0,145.2672443,0.014526724,0.012468981,0.199890471,4.11323255,3857.200336,1064.426569,4921.626905,36,1079.181972,113.1656672,1192.347639,14.0208
"1158","5178",-0.0432144612113424,-0.0200570436837266,-0.0087708040067462,1909045,"QULA",17.3,"A",20,"A",0,0,0,94,0,0,0,0,0,0,0,0,0,0,0,0,0,0,5.002739726,0,314.1592654,0.031415927,0.023506182,0.539704272,15.81082634,4581.494522,486.240003,5067.734525,41,684.3132207,50.66323606,734.9764568,14.0208
"1159","5180",-0.0432144612113424,-0.0200570436837266,-0.0087708040067462,1909047,"QULA",5,"A",7,"A",0,0,0,95,0,0,0,0,0,0,0,0,0,0,0,0,0,0,5.002739726,0,38.48451001,0.003848451,0.001963495,0.399780942,3.767846611,4583.952819,765.7789173,5349.731736,39,705.3717295,88.24018246,793.6119119,14.0208
"1160","5181",-0.0383873819401653,0.100111989353029,-0.0211765268763411,1909048,"QULA",26.7,"A",21.4,"AU",0,0,0,70,0,1,0,0,0,0,0,0,0,0,0,0,0,0,5.002739726,0,359.6809429,0.035968094,0.05599025,-1.059419496,-40.02238069,4337.078614,765.7789173,5102.857531,37,766.5046423,94.94112922,861.4457716,14.0208
"1161","5182",0.00469763960886312,0.124614673610941,-0.0412666759538852,1909049,"QULA",1.3,"A",1.3,"AU",1,0,0,80,1,1,0,0,0,0,0,0,0,0,0,0,0,0,5.002739726,0,1.327322896,0.000132732,0.000132732,0,0,4689.274712,2082.302589,6771.577301,38,1649.737806,186.6811883,1836.418994,14.0208
"1162","5183",-0.0432144612113424,-0.0200570436837266,-0.0087708040067462,1909050,"QULA",2.2,"A",2.7,"A",0,0,0,86,0,0,0,0,0,0,0,0,0,0,0,0,0,0,5.002739726,0,5.725552611,0.000572555,0.000380133,0.099945235,0.384634342,4455.626613,674.9319117,5130.558525,40,1308.197216,74.004518,1382.201734,14.0208
"1163","5184",0.0485611169091076,-0.0430566420758168,-0.0155121250291675,1909051,"QULA",10.9,"A",12.2,"AU",2,1,0,89,0,0,0,0,0,0,0,0,0,0,0,0,0,0,5.002739726,0,116.8986626,0.011689866,0.009331316,0.259857612,4.714518072,4545.790322,467.3825931,5013.172915,39,741.7028491,47.43948338,789.1423325,14.0208
"1164","5185",0.00140265207779302,0.0934709252610173,-0.0193403460192346,1909052,"QULA",22.2,"A",23.9,"AU",1,0,0,87,0,1,0,0,0,0,0,0,0,0,0,0,0,0,5.002739726,0,448.6272849,0.044862728,0.038707563,0.339813801,12.30358912,4012.724881,674.9319117,4687.656792,40,557.4089532,89.51850635,646.9274596,14.0208
"1165","5187",-0.0432144612113424,-0.0200570436837266,-0.0087708040067462,1909056,"QULA",15.1,"A",17.3,"A",0,0,0,90,0,0,0,0,0,0,0,0,0,0,0,0,0,0,5.002739726,0,235.0618163,0.023506182,0.017907864,0.439759036,11.19050443,5131.768038,736.7820171,5868.550055,37,536.3003954,76.45220543,612.7526008,14.0208
"1166","5188",-0.0432144612113424,-0.0200570436837266,-0.0087708040067462,1909058,"QULA",17.1,"A",18.6,"A",0,0,0,85,0,0,0,0,0,0,0,0,0,0,0,0,0,0,5.002739726,0,271.7163486,0.027171635,0.022965828,0.299835706,8.40700775,4508.963002,1318.73064,5827.693642,37,427.5078699,128.2975313,555.8054012,14.0208
"1167","5190",0.136666459791272,0.102113997538382,-0.0419334177984815,1909061,"QULA",1.8,"A",2.8,"AU",3,3,0,87,0,1,0,0,0,0,0,0,0,0,0,0,0,0,5.002739726,0,6.157521601,0.000615752,0.000254469,0.199890471,0.7221706,4625.382572,1366.797008,5992.17958,34,639.4699489,135.0335798,774.5035287,14.0208
"1168","5193",-0.0102760787350003,-0.0249701991717411,-0.00922952053995903,1909064,"QULA",23.5,"A",25.4,"AU",1,0,0,95,0,0,0,0,0,0,0,0,0,0,0,0,0,0,5.002739726,0,506.7074791,0.050670748,0.043373614,0.379791895,14.58627619,4247.503953,2015.221732,6262.725685,37,539.8014255,264.6258498,804.4272754,14.0208
"1169","5194",-0.0383873819401653,0.100111989353029,-0.0211765268763411,1909066,"QULA",13.8,"A",14.7,"AU",0,0,0,30,0,1,0,0,0,0,0,0,0,0,0,0,0,0,5.002739726,0,169.7166891,0.016971669,0.014957123,0.179901424,4.026886065,5552.961365,1447.543793,7000.505158,40,549.0558285,145.6358006,694.6916292,14.0208
"1170","5195",-0.0432144612113424,-0.0200570436837266,-0.0087708040067462,1909067,"QULA",6.7,"A",9.4,"A",0,0,0,94,0,0,0,0,0,0,0,0,0,0,0,0,0,0,5.002739726,0,69.39778172,0.006939778,0.003525652,0.539704272,6.824512174,4076.789809,1195.588062,5272.377871,34,477.5995471,106.838177,584.4377241,14.0208
"1171","5197",0.021239545912268,-0.03334481759327,-0.0103431934648923,1909071,"QULA",27.3,"A",29.6,"AU",1,1,0,93,0,0,0,0,0,0,0,0,0,0,0,0,0,0,5.002739726,0,688.1344548,0.068813445,0.05853494,0.459748083,20.54575358,4502.577715,1816.594536,6319.172251,40,450.2290492,180.3146988,630.543748,14.0208
"1172","5198",-0.0432144612113424,-0.0200570436837266,-0.0087708040067462,1909073,"QULA",19.3,"A",20.6,"A",0,0,0,92,0,0,0,0,0,0,0,0,0,0,0,0,0,0,5.002739726,0,333.2915646,0.033329156,0.029255296,0.259857612,8.143258488,3530.482554,1702.743218,5233.225772,34,917.0740504,156.6204605,1073.694511,14.0208
"1173","5199",-0.0432144612113424,-0.0200570436837266,-0.0087708040067462,1909075,"QULA",16.7,"A",17.7,"A",0,0,0,92,0,0,0,0,0,0,0,0,0,0,0,0,0,0,5.002739726,0,246.0573906,0.024605739,0.021903969,0.199890471,5.400580142,3597.288522,1662.499416,5259.787938,33,757.2433645,170.6874916,927.9308561,14.0208
"1174","5200",-0.0383873819401653,0.100111989353029,-0.0211765268763411,1909076,"QULA",14.2,"A",14.8,"AU",0,0,0,50,0,1,0,0,0,0,0,0,0,0,0,0,0,0,5.002739726,0,172.0336137,0.017203361,0.015836769,0.119934283,2.731688793,4092.694122,1716.49554,5809.189662,28,611.0979624,329.9777823,941.0757447,14.0208
"1175","5202",-0.0102760787350003,-0.0249701991717411,-0.00922952053995903,1909078,"QULA",10.3,"A",11.2,"AU",1,0,0,94,0,0,0,0,0,0,0,0,0,0,0,0,0,0,5.002739726,0,98.52034562,0.009852035,0.008332289,0.179901424,3.03782633,4172.364911,2015.143192,6187.508103,30,730.7270397,342.9808637,1073.707903,14.0208
"1176","5204",-0.0432144612113424,-0.0200570436837266,-0.0087708040067462,1909080,"QULA",4,"D",5.2,"A",0,0,0,97,0,0,0,0,0,0,0,0,0,0,0,0,0,0,5.002739726,0,21.23716634,0.002123717,0.001256637,0.239868565,1.733209441,3549.544168,1662.499416,5212.043584,30,446.4998366,214.0247631,660.5245997,14.0208
"1177","5205",-0.0432144612113424,-0.0200570436837266,-0.0087708040067462,1909081,"QULA",19.7,"A",21.4,"A",0,0,0,87,0,0,0,0,0,0,0,0,0,0,0,0,0,0,5.002739726,0,359.6809429,0.035968094,0.030480517,0.339813801,10.96914345,3311.042307,1996.364322,5307.406629,29,473.7013034,307.1393007,780.8406041,14.0208
"1178","5234",0.0719787058213115,-0.0679512900511636,-0.0555679498846143,1911035,"QULA",27.5,"A",28.5,"AU",1,1,0,93,0,0,1,0,0,0,0,0,0,0,0,0,0,0,5.076712329,0,637.9396582,0.063793966,0.059395736,0.196977874,8.663539374,875.0592177,8253.011025,9128.070243,29,83.74367683,1217.764305,1301.507982,14.0208
"1179","5236",0.175708467235828,-0.143282267144525,-0.102199427481833,1911038,"QULA",26.6,"A",28.4,"AU",2,2,0,93,0,0,1,0,0,1,0,0,0,0,0,0,0,0,5.076712329,0,633.4707427,0.063347074,0.055571632,0.354560173,15.31589996,637.9396582,7545.571483,8183.511141,24,57.01115556,954.6390225,1011.650178,14.0208
"1180","5250",0.175708467235828,-0.143282267144525,-0.102199427481833,1911058,"QULA",13.1,"A",14.1,"AU",2,2,0,94,0,0,1,0,0,1,0,0,0,0,0,0,0,0,5.076712329,0,156.1450089,0.015614501,0.013478218,0.196977874,4.208004839,2472.606206,5654.097086,8126.703292,20,254.108548,658.7313633,912.8399113,14.0208
"1181","5252",-0.0432144612113424,-0.0200570436837266,-0.00877080400674621,1911060,"QULA",16.2,"A",20.2,"A",0,0,0,98,0,0,0,0,0,0,0,0,0,0,0,0,0,0,5.076712329,0,320.4738666,0.032047387,0.020611989,0.787911495,22.52520237,1713.157598,4674.517081,6387.674679,20,164.0964783,463.7089282,627.8054065,14.0208
"1182","5256",-0.0432144612113424,-0.0200570436837266,-0.00877080400674621,1911065,"QULA",24.6,"A",25.2,"A",0,0,0,92,0,0,0,0,0,0,0,0,0,0,0,0,0,0,5.076712329,0,498.7592497,0.049875925,0.047529155,0.118186724,4.62261708,1976.022509,3566.021821,5542.04433,21,424.8288178,380.9258311,805.7546488,14.0208
"1183","5257",0.147524219549768,0.0985509208566288,-0.0717748375939341,1911067,"QULA",24.4,"A",25.4,"AU",1,2,0,4,0,1,1,0,0,0,0,0,0,0,0,0,0,0,5.076712329,0,506.7074791,0.050670748,0.046759465,0.196977874,7.7043618,1968.07428,4132.553078,6100.627358,23,409.4369903,428.3550996,837.7920899,14.0208
"1184","5291",-0.0432144612113424,-0.0200570436837266,-0.00877080400674621,1913035,"QULA",39.3,"A",42.5,"A",0,0,0,100,0,0,0,0,0,0,0,0,0,0,0,0,0,0,5.060273973,0,1418.625433,0.141862543,0.121303961,0.632376827,40.62740958,622.1217392,3156.994312,3779.116051,15,83.45304573,373.6540474,457.1070931,14.0208
"1185","5293",0.0614794593563829,0.105895926519185,-0.0707608151370401,1913037,"QULA",12,"A",12.5,"AU",1,0,0,21,0,1,1,0,0,0,0,0,0,0,0,0,0,0,5.060273973,0,122.718463,0.012271846,0.011309734,0.098808879,1.901305651,1541.343896,3534.770828,5076.114724,18,534.0743563,347.2799437,881.3543,14.0208
"1186","5294",0.0314978293204577,-0.05814287354633,-0.0580116688996728,1913038,"QULA",10.3,"A",12.5,"AU",1,0,0,95,0,0,1,0,0,0,0,0,0,0,0,0,0,0,5.060273973,0,122.718463,0.012271846,0.008332289,0.434759069,7.78526461,1918.028709,4650.059782,6568.088491,20,222.2852272,445.66208,667.9473072,14.0208
"1187","5312",0.147524219549768,0.0985509208566288,-0.0717748375939341,1913060,"QULA",18.1,"A",18.6,"AU",1,2,0,57,0,1,1,0,0,0,0,0,0,0,0,0,0,0,5.060273973,0,271.7163486,0.027171635,0.025730429,0.098808879,2.848078261,952.6958262,7886.018025,8838.713851,33,71.52308791,906.2194108,977.7424987,14.0208
"1188","5316",-0.0383873819401653,0.100111989353029,-0.0211765268763411,1913065,"QULA",25.5,"A",26.5,"AU",0,0,0,71,0,1,0,0,0,0,0,0,0,0,0,0,0,0,5.060273973,0,551.5458602,0.055154586,0.051070516,0.197617759,8.070848479,672.8663145,7253.921729,7926.788044,26,54.13779446,766.3763465,820.5141409,14.0208
"1189","5324",0.147524219549768,0.0985509208566288,-0.0717748375939341,1913076,"QULA",30.2,"A",30.7,"AU",1,2,0,86,0,1,1,0,0,0,0,0,0,0,0,0,0,0,5.060273973,0,740.229915,0.074022992,0.071631454,0.098808879,4.726102619,887.0993716,6086.662979,6973.76235,28,105.3450477,629.7992245,735.1442722,14.0208
"1190","5327",-0.0118641267365935,-0.0286302487938528,-0.00981200096876237,1913080,"QULA",21.6,"A",22.6,"AU",0,1,0,98,0,0,0,0,0,0,0,0,0,0,0,0,0,0,5.060273973,0,401.1499659,0.040114997,0.036643537,0.197617759,6.860221207,1768.889452,5993.726814,7762.616266,36,175.3386555,809.9219291,985.2605845,14.0208
"1191","5331",0.141820474539664,-0.0924678640940133,-0.0663887017802112,1915002,"QULA",10.2,"A",10.4,"AU",2,2,0,18,0,0,1,0,0,0,0,0,0,0,0,0,0,0,5.076712329,0,84.94866535,0.008494867,0.008171282,0.039395575,0.637388968,3521.725365,6474.115601,9995.840965,34,1470.128285,749.1770655,2219.30535,14.0208
"1192","5332",0.0719787058213115,-0.0679512900511637,-0.0555679498846143,1915003,"QULA",35.8,"A",37.8,"AU",1,1,0,98,0,0,1,0,0,0,0,0,0,0,0,0,0,0,5.076712329,0,1122.208312,0.112220831,0.10065977,0.393955747,22.77273207,2484.465718,7448.354899,9932.820617,36,385.91521,828.2527669,1214.167977,14.0208
"1193","5351",-0.0432144612113424,-0.0200570436837266,-0.00877080400674621,1915032,"QULA",19.2,"A",19.4,"A",0,0,0,92,0,0,0,0,0,0,0,0,0,0,0,0,0,0,5.076712329,0,295.5924528,0.029559245,0.028952918,0.039395575,1.194330785,0,10376.84547,10376.84547,42,0,1368.359966,1368.359966,14.0208
"1194","5366",0.0719787058213115,-0.0679512900511637,-0.0555679498846143,1915054,"QULA",15.7,"A",17.5,"AU",1,1,0,94,0,0,1,0,0,0,0,0,0,0,0,0,0,0,5.076712329,0,240.5281875,0.024052819,0.019359279,0.354560173,9.24523416,1369.671565,5933.361111,7303.032676,40,129.1071163,750.671675,879.7787913,14.0208
"1195","5369",0.159225241565387,0.119980857552583,0.116398263469449,1915057,"QULA",20,"A",20.8,"AU",1,1,0,89,0,1,1,0,0,0,0,0,0,0,0,0,0,0,5.076712329,1,339.7946614,0.033979466,0.031415927,0.157582299,5.049605807,3116.609138,6367.984747,9484.593885,38,459.374973,657.9239131,1117.298886,14.0208
"1196","5375",0.109250469069282,0.0995103633010579,-0.066488989424479,1915065,"QULA",8.9,"A",9,"AU",1,1,0,71,0,1,1,0,0,0,0,0,0,0,0,0,0,0,5.076712329,0,63.61725124,0.006361725,0.006221139,0.019697787,0.276923848,2628.719799,7105.740658,9734.460457,43,261.1516851,739.4127759,1000.564461,14.0208
"1197","5378",0.141820474539664,-0.0924678640940133,-0.0663887017802113,1915069,"QULA",9.1,"A",9.4,"AU",2,2,0,86,0,0,1,0,0,0,0,0,0,0,0,0,0,0,5.076712329,0,69.39778172,0.006939778,0.006503882,0.059093362,0.858618634,3392.786548,7503.560535,10896.34708,39,314.2400197,780.1400071,1094.380027,14.0208
"1198","5379",0.109250469069282,0.0995103633010579,-0.066488989424479,1915070,"QULA",9,"A",9.6,"AU",1,1,0,91,0,1,1,0,0,0,0,0,0,0,0,0,0,0,5.076712329,0,72.38229474,0.007238229,0.006361725,0.118186724,1.726519632,2619.954755,8024.687925,10644.64268,35,297.0726483,730.7745248,1027.847173,14.0208
"1199","5381",-0.0432144612113424,-0.0200570436837266,-0.00877080400674622,1915073,"QULA",31.2,"A",32.4,"A",0,0,0,95,0,0,0,0,0,0,0,0,0,0,0,0,0,0,5.076712329,0,824.479576,0.082447958,0.076453799,0.236373448,11.80716652,2826.011818,5681.554606,8507.566424,35,313.6049516,592.768951,906.3739026,14.0208
"1200","5382",0.141820474539664,-0.0924678640940133,-0.0663887017802113,1915074,"QULA",17.7,"A",18.9,"AU",2,2,0,97,0,0,1,0,0,0,0,0,0,0,0,0,0,0,5.076712329,0,280.5520779,0.028055208,0.024605739,0.236373448,6.794690166,1375.679861,7851.334842,9227.014703,25,133.4015555,961.9123506,1095.313906,14.0208
"1201","5388",-0.0432144612113424,-0.0200570436837266,-0.00877080400674622,1915080,"QULA",22.6,"A",23.4,"A",0,0,0,93,0,0,0,0,0,0,0,0,0,0,0,0,0,0,5.076712329,0,430.0526183,0.043005262,0.040114997,0.157582299,5.693183017,4471.742983,6948.543215,11420.2862,28,441.6193999,709.0131396,1150.632539,14.0208
"1202","5391",0.192505250851569,0.095786779480562,-0.0746046502248152,1915085,"QULA",8.9,"A",8.6,"AU",2,2,0,72,0,1,1,0,0,0,0,0,0,0,0,0,0,0,5.076712329,0,58.08804816,0.005808805,0.006221139,-0.059093362,-0.812206816,2999.419878,5911.016533,8910.436412,25,524.3547752,479.2911314,1003.645907,14.0208
"1203","5392",0.122667252886374,-0.13003048340735,-0.0979167121101142,1915086,"QULA",22.5,"A",22.5,"AU",1,2,0,91,0,0,1,0,0,1,0,0,0,0,0,0,0,0,5.076712329,0,397.6078202,0.039760782,0.039760782,0,0,4783.255457,4931.844935,9715.100392,27,541.0966919,424.5338035,965.6304955,14.0208
"1204","5393",0.0719787058213115,-0.0679512900511637,-0.0555679498846143,1915087,"QULA",33.3,"A",35.4,"AU",1,1,0,98,0,0,1,0,0,0,0,0,0,0,0,0,0,0,5.076712329,0,984.2295624,0.098422956,0.087092017,0.413653535,22.31944331,2167.518289,3843.770028,6011.288317,28,231.9241311,351.53676,583.4608911,14.0208
"1205","5397",0.11899766657075,0.129409860953079,-0.103785165943966,1915091,"QULA",23.4,"A",24,"AU",1,1,0,73,0,1,1,1,0,0,0,0,0,0,0,0,0,0,5.076712329,0,452.3893421,0.045238934,0.043005262,0.118186724,4.399840353,4530.263,5505.798205,10036.06121,33,1466.835017,641.6009827,2108.436,14.0208
"1206","5399",-0.0432144612113425,-0.0200570436837266,-0.0087708040067462,1915093,"QULA",12.2,"A",12.9,"A",0,0,0,94,0,0,0,0,0,0,0,0,0,0,0,0,0,0,5.076712329,0,130.6981084,0.013069811,0.011689866,0.137884512,2.718185479,3305.66233,6005.492079,9311.154408,32,854.0924584,738.6270643,1592.719523,14.0208
"1207","5400",0.159225241565387,0.119980857552583,0.116398263469449,1915094,"QULA",7.5,"A",7.8,"AU",1,1,0,86,0,1,1,0,0,0,0,0,0,0,0,0,0,0,5.076712329,1,47.78362426,0.004778362,0.004417865,0.059093362,0.710100817,3388.576814,6073.421166,9461.99798,33,1328.690442,749.2271567,2077.917599,14.0208
"1208","5402",0.103652016426153,-0.0810977832727226,-0.0620847026642881,1915098,"QULA",27.8,"A",28.3,"AU",1,2,0,93,0,0,1,0,0,0,0,0,0,0,0,0,0,0,5.076712329,0,629.0175351,0.062901754,0.060698712,0.098488937,4.33950499,4359.493878,7088.579708,11448.07359,38,550.9843861,752.9218578,1303.906244,14.0208
"1209","5403",0.0625235631014814,0.110622867623045,0.12830303941008,1915099,"QULA",29.5,"A",29.9,"AU",1,1,0,18,0,1,0,0,0,0,0,0,0,0,0,0,0,0,5.076712329,1,702.1538121,0.070215381,0.068349275,0.078791149,3.675815991,4280.49853,5469.481394,9749.979924,32,1064.593277,660.5805889,1725.173866,14.0208
"1210","5419",-0.0432144612113425,-0.0200570436837266,-0.00877080400674621,1917016,"QULA",26.8,"A",27.3,"A",0,0,0,100,0,0,0,0,0,0,0,0,0,0,0,0,0,0,5.079452055,0,585.3493972,0.05853494,0.056410438,0.098435814,4.182541757,0,6719.136266,6719.136266,30,0,720.4609104,720.4609104,13.4112
"1211","542",0.129188224094323,-0.111684364155967,-0.0654068565936306,315003,"QULA",31.4,"A",31.5,"AU",3,3,0,17,1,0,0,0,0,0,0,0,0,0,0,0,0,0,5.44109589,0,779.3113276,0.077931133,0.077437117,0.018378651,0.907933723,2714.78373,3338.460557,6053.244287,25,369.0087687,395.8766215,764.8853903,11.2776
"1212","543",0.129188224094323,-0.111684364155967,-0.0654068565936305,315004,"QULA",29,"A",29.6,"AU",3,3,0,37,1,0,0,0,0,0,0,0,0,0,0,0,0,0,5.44109589,0,688.1344548,0.068813445,0.066051986,0.110271903,5.07519073,1981.481026,2644.796899,4626.277926,24,357.1833239,409.1342344,766.3175582,11.2776
"1213","545",0.0719787058213117,-0.0679512900511634,-0.0555679498846146,315006,"QULA",26.5,"A",27.5,"AU",1,1,0,93,0,0,1,0,0,0,0,0,0,0,0,0,0,0,5.44109589,0,593.9573611,0.059395736,0.055154586,0.183786506,7.794661531,2149.783999,2057.499715,4207.283714,10,253.3020945,362.43972,615.7418145,11.8872
"1214","5453",0.290274573796186,0.125236898176417,0.13016673284237,1917066,"QULA",19.8,"A",20.1,"AU",2,3,0,32,0,1,1,0,0,0,0,0,0,0,0,0,0,0,5.079452055,1,317.308712,0.031730871,0.03079075,0.059061489,1.850832711,2134.822164,7419.216627,9554.038791,35,326.5507425,1085.327663,1411.878406,14.0208
"1215","5456",0.0454466458788885,-0.0452201643511946,-0.0175697347104673,1917069,"QULA",8.6,"A",9.6,"AU",1,2,0,96,0,0,0,0,0,0,0,0,0,0,0,0,0,0,5.079452055,0,72.38229474,0.007238229,0.005808805,0.196871629,2.814131607,2379.748581,5018.332981,7398.081562,31,375.0988061,636.7902408,1011.889047,14.0208
"1216","5457",0.100469226962469,-0.0862930220256478,-0.0480872239145393,1917071,"QULA",7.4,"A",7.8,"AU",2,2,0,73,1,0,0,0,0,0,0,0,0,0,0,0,0,0,5.079452055,0,47.78362426,0.004778362,0.00430084,0.078748652,0.940105504,3084.572747,5562.621762,8647.194509,34,359.8174795,624.0240965,983.8415761,14.0208
"1217","5465",0.2620085057893,0.11694270716257,0.122465403792796,1917080,"QULA",15.2,"A",16,"AU",2,2,0,34,0,1,1,0,0,0,0,0,0,0,0,0,0,0,5.079452055,1,201.0619298,0.020106193,0.018145839,0.157497303,3.85938049,1316.641481,3973.132959,5289.77444,18,140.2055698,471.6462635,611.8518333,14.0208
"1218","5467",-0.0383873819401653,0.100111989353029,-0.0211765268763411,1917082,"QULA",23.7,"A",24.7,"AU",0,0,0,76,0,1,0,0,0,0,0,0,0,0,0,0,0,0,5.079452055,0,479.1635655,0.047916357,0.044115029,0.196871629,7.483734603,1048.45157,4918.6581,5967.10967,21,113.5722383,600.8703677,714.442606,14.0208
"1219","547",0.0740849815369313,-0.0551053752455026,-0.0227031457643073,315010,"QULA",27.2,"A",29.1,"AU",2,2,0,91,0,0,0,0,0,0,0,0,0,0,0,0,0,0,5.44109589,0,665.0830187,0.066508302,0.058106898,0.349194361,15.44064711,680.7281502,1544.171329,2224.899479,8,52.35427059,191.8841465,244.2384171,11.8872
"1220","5474",0.141820474539664,-0.0924678640940134,-0.0663887017802113,1917091,"QULA",25.6,"A",28,"AU",2,2,0,96,0,0,1,0,0,0,0,0,0,0,0,0,0,0,5.079452055,0,615.7521601,0.061575216,0.051471854,0.472491909,19.89065329,479.1635655,7335.893735,7815.057301,23,53.35058465,862.5465276,915.8971122,14.0208
"1221","5486",-0.0102760787350003,-0.0249701991717411,-0.00922952053995911,1919001,"QULA",14.3,"A",15.4,"AU",1,0,0,100,0,0,0,0,0,0,0,0,0,0,0,0,0,0,4.945205479,0,186.2650284,0.018626503,0.016060607,0.222437673,5.188653556,1973.336447,3807.665274,5781.001722,28,237.9763947,395.5677435,633.5441381,13.4112
"1222","5487",-0.0683108667975618,-0.0418557233500824,-0.0355707369132504,1919002,"QULA",9,"A",9.2,"AU",0,0,0,70,1,0,0,0,0,0,0,0,0,0,0,0,0,0,4.945205479,0,66.47610055,0.00664761,0.006361725,0.040443213,0.578105263,1423.463485,5754.494533,7177.958019,32,668.4449286,702.047278,1370.492207,13.4112
"1223","5488",-0.0432144612113425,-0.0200570436837267,-0.00877080400674624,1919003,"QULA",13.2,"A",13.8,"A",0,0,0,100,0,0,0,0,0,0,0,0,0,0,0,0,0,0,4.945205479,0,149.5712262,0.014957123,0.013684778,0.12132964,2.572886061,1340.36836,5828.392647,7168.761006,33,406.6012345,688.4162337,1095.017468,13.4112
"1224","5490",-0.0500016073812436,0.134118172314097,-0.0437556236148196,1919005,"QULA",10.8,"A",10.5,"AU",0,0,0,65,1,1,0,0,0,0,0,0,0,0,0,0,0,0,4.945205479,0,86.59014751,0.008659015,0.009160884,-0.06066482,-1.014860613,1639.275193,3562.259764,5201.534957,26,198.0039487,395.0081775,593.0121261,13.4112
"1225","5492",-0.0432144612113425,-0.0200570436837267,-0.00877080400674624,1919008,"QULA",8,"A",8.9,"A",0,0,0,82,0,0,0,0,0,0,0,0,0,0,0,0,0,0,4.945205479,0,62.21138852,0.006221139,0.005026548,0.18199446,2.415654135,1781.730712,3560.877463,5342.608175,28,187.1461924,345.7622774,532.9084699,13.4112
"1226","5493",-0.0432144612113425,-0.0200570436837267,-0.00877080400674624,1919009,"QULA",14,"A",14.8,"A",0,0,0,90,0,0,0,0,0,0,0,0,0,0,0,0,0,0,4.945205479,0,172.0336137,0.017203361,0.015393804,0.161772853,3.659215731,1276.546905,7681.814503,8958.361407,38,368.1040414,707.0801888,1075.18423,13.4112
"1227","5494",-0.0432144612113425,-0.0200570436837267,-0.00877080400674624,1919011,"QULA",15.7,"A",17.6,"A",0,0,0,100,0,0,0,0,0,0,0,0,0,0,0,0,0,0,4.945205479,0,243.2849351,0.024328494,0.019359279,0.384210526,10.04854945,1205.295583,8224.823085,9430.118668,41,292.5773199,762.8373278,1055.414648,13.4112
"1228","5495",-0.0825202612398323,-0.0343082866068979,-0.0217127784423508,1919014,"QULA",18.7,"A",20.8,"AU",0,0,1,90,0,0,0,0,0,0,0,0,0,0,0,0,0,0,4.945205479,0,339.7946614,0.033979466,0.027464588,0.42465374,13.17412955,720.6813547,6890.360919,7611.042274,26,59.89864076,699.2615308,759.1601716,13.4112
"1229","5496",-0.0383873819401653,0.100111989353029,-0.0211765268763411,1919016,"QULA",6.3,"A",7,"AU",0,0,0,90,0,1,0,0,0,0,0,0,0,0,0,0,0,0,4.945205479,0,38.48451001,0.003848451,0.003117245,0.141551247,1.478615384,1223.83098,6701.040692,7924.871672,36,144.9940329,639.5787251,784.572758,13.4112
"1230","55",-0.0432144612113426,-0.0200570436837264,-0.00877080400674634,105025,"QULA",3.4,"A",4.9,"A",0,0,0,100,0,0,0,0,0,0,0,0,0,0,0,0,0,0,5.55890411,0,18.8574099,0.001885741,0.00090792,0.269837358,1.759017055,1331.783958,2647.176656,3978.960613,29,133.5212982,318.0321521,451.5534503,9.7536
"1231","5544",-0.0102760787350003,-0.0249701991717411,-0.00922952053995911,1919076,"QULA",7.8,"A",9.2,"AU",1,0,0,90,0,0,0,0,0,0,0,0,0,0,0,0,0,0,4.945205479,0,66.47610055,0.00664761,0.004778362,0.283102493,3.779919028,1486.782285,6024.695064,7511.477349,31,446.7897872,720.2255883,1167.015375,13.716
"1232","5545",-0.0432144612113425,-0.0200570436837267,-0.00877080400674624,1919077,"QULA",12,"A",12.7,"A",0,0,0,90,0,0,0,0,0,0,0,0,0,0,0,0,0,0,4.945205479,0,126.6768698,0.012667687,0.011309734,0.141551247,2.746,1426.581516,6235.935754,7662.51727,32,489.0088864,726.8172364,1215.826123,13.716
"1233","5546",-0.0432144612113425,-0.0200570436837267,-0.00877080400674623,1919078,"QULA",11.3,"A",12.3,"A",0,0,0,100,0,0,0,0,0,0,0,0,0,0,0,0,0,0,4.945205479,0,118.8228881,0.011882289,0.010028749,0.202216066,3.748155002,1434.435498,6235.935754,7670.371251,32,472.220501,746.7288806,1218.949382,13.716
"1234","5549",-0.0825202612398323,-0.0343082866068979,-0.0217127784423508,1919081,"QULA",13,"A",16.2,"AU",0,0,1,90,0,0,0,0,0,0,0,0,0,0,0,0,0,0,4.945205479,0,206.119894,0.020611989,0.013273229,0.647091413,14.84015269,494.3845819,7225.922285,7720.306867,33,46.99433096,784.868032,831.862363,13.716
"1235","5563",-0.0432144612113425,-0.0200570436837267,-0.00877080400674624,1919095,"QULA",6.8,"A",7.6,"A",0,0,0,90,0,0,0,0,0,0,0,0,0,0,0,0,0,0,4.945205479,0,45.36459792,0.00453646,0.003631681,0.161772853,1.829607866,1434.710387,5279.077317,6713.787704,25,167.3531725,775.2101211,942.5632937,13.1064
"1236","5565",0.084932317785732,-0.0687558350550971,-0.0297167681964542,1919097,"QULA",10.6,"A",11.5,"AU",3,2,0,100,0,0,0,0,0,0,0,0,0,0,0,0,0,0,4.945205479,0,103.8689071,0.010386891,0.008824734,0.18199446,3.15893233,875.9702796,7833.639822,8709.610101,39,95.47979558,1167.575894,1263.055689,13.4112
"1237","5567",-0.0432144612113425,-0.0200570436837267,-0.00877080400674623,1919100,"QULA",9.4,"A",10.4,"A",0,0,0,90,0,0,0,0,0,0,0,0,0,0,0,0,0,0,4.945205479,0,84.94866535,0.008494867,0.006939778,0.202216066,3.144638519,2061.921506,3731.230325,5793.151831,28,344.1266959,576.2246798,920.3513757,13.1064
"1238","5576",0.0402084099371071,0.0885191601261961,-0.0186259122466655,1921013,"QULA",15.9,"A",16.7,"AU",1,1,0,90,0,1,0,0,0,0,0,0,0,0,0,0,0,0,4.945205479,0,219.0396938,0.021903969,0.019855651,0.161772853,4.142028918,458.3269522,6766.079514,7224.406466,22,50.57762231,767.1170891,817.6947114,12.4968
"1239","5579",-0.0432144612113425,-0.0200570436837267,-0.00877080400674624,1921017,"QULA",16.7,"A",17.6,"A",0,0,0,97,0,0,0,0,0,0,0,0,0,0,0,0,0,0,4.945205479,0,243.2849351,0.024328494,0.021903969,0.18199446,4.902777327,1203.583415,5389.331511,6592.914927,21,165.3765583,534.6167919,699.9933503,12.4968
"1240","5580",0.0719787058213114,-0.0679512900511637,-0.0555679498846143,1921018,"QULA",11,"A",11.6,"AU",1,1,0,98,0,0,1,0,0,0,0,0,0,0,0,0,0,0,4.945205479,0,105.6831769,0.010568318,0.009503318,0.12132964,2.153600925,963.0787899,5901.387552,6864.466342,20,137.9665752,655.5235344,793.4901095,12.4968
"1241","5582",0.021239545912268,-0.03334481759327,-0.0103431934648923,1921021,"QULA",11.1,"A",11.8,"AU",1,1,0,96,0,0,0,0,0,0,0,0,0,0,0,0,0,0,4.945205479,0,109.3588403,0.010935884,0.009676891,0.141551247,2.545886639,959.4031265,7192.330805,8151.733932,22,127.2460556,866.0909874,993.337043,12.4968
"1242","559",-0.0432144612113426,-0.0200570436837264,-0.00877080400674633,315027,"QULA",3.6,"A",4.4,"A",0,0,0,99,0,0,0,0,0,0,0,0,0,0,0,0,0,0,5.44109589,0,15.20530844,0.001520531,0.001017876,0.147029204,0.923811737,19.08517537,2889.841126,2908.926302,13,2.297682573,260.1935529,262.4912355,11.2776
"1243","5590",-0.0432144612113425,-0.0200570436837267,-0.00877080400674624,1921032,"QULA",7,"A",7.5,"A",0,0,0,100,0,0,0,0,0,0,0,0,0,0,0,0,0,0,4.945205479,0,44.17864669,0.004417865,0.003848451,0.101108033,1.151445922,475.9041631,4788.007116,5263.911279,14,52.49699675,485.2275312,537.724528,13.4112
"1244","5596",-0.0432144612113425,-0.0200570436837267,-0.00877080400674624,1921048,"QULA",11.6,"A",14.5,"A",0,0,0,99,0,0,0,0,0,0,0,0,0,0,0,0,0,0,4.945205479,0,165.1299639,0.016512996,0.010568318,0.586426593,12.02109543,1751.186577,4635.844075,6387.030652,27,284.8909156,418.0065545,702.8974701,13.4112
"1245","5597",-0.0432144612113425,-0.0200570436837267,-0.00877080400674624,1921049,"QULA",5.6,"A",6.4,"A",0,0,0,99,0,0,0,0,0,0,0,0,0,0,0,0,0,0,4.945205479,0,32.16990877,0.003216991,0.002463009,0.161772853,1.524673221,1884.146632,4635.844075,6519.990707,27,533.9293841,417.3651775,951.2945616,13.4112
"1246","5598",-0.0432144612113425,-0.0200570436837267,-0.00877080400674624,1921050,"QULA",12.7,"A",15.3,"A",0,0,0,84,0,0,0,0,0,0,0,0,0,0,0,0,0,0,4.945205479,0,183.8538561,0.018385386,0.012667687,0.525761773,11.56210526,1732.462685,4975.638737,6708.101422,28,273.7961565,442.4228751,716.2190316,13.4112
"1247","56",-0.0432144612113426,-0.0200570436837264,-0.00877080400674634,105027,"QULA",2.9,"A",3.5,"A",0,0,0,100,0,0,0,0,0,0,0,0,0,0,0,0,0,0,5.55890411,0,9.621127502,0.000962113,0.00066052,0.107934943,0.5425402,1341.02024,2624.274445,3965.294685,28,132.0974917,366.5033116,498.6008033,9.7536
"1248","5603",-0.0432144612113425,-0.0200570436837267,-0.00877080400674624,1921055,"QULA",28.9,"A",29.3,"A",0,0,0,74,0,0,0,0,0,0,0,0,0,0,0,0,0,0,4.945205479,0,674.2564693,0.067425647,0.06559724,0.080886427,3.697332562,1472.613702,4530.45935,6003.073052,29,175.5889793,575.6894201,751.2783994,13.1064
"1249","5605",-0.0432144612113425,-0.0200570436837267,-0.00877080400674624,1921057,"QULA",7.5,"A",8.2,"A",0,0,0,98,0,0,0,0,0,0,0,0,0,0,0,0,0,0,4.945205479,0,52.81017251,0.005281017,0.004417865,0.141551247,1.745433198,2781.950981,4512.002493,7293.953474,27,327.6842964,525.1290663,852.8133627,13.1064
"1250","5607",0.0488304424592317,0.121815892186439,-0.0445606116489399,1921059,"QULA",14.1,"A",14.8,"AU",2,0,0,42,1,1,0,0,0,0,0,0,0,0,0,0,0,0,4.945205479,0,172.0336137,0.017203361,0.015614501,0.141551247,3.212931174,2521.827109,4364.842439,6886.669548,27,314.4757973,471.1964144,785.6722117,13.1064
"1251","5608",-0.0432144612113425,-0.0200570436837267,-0.00877080400674624,1921060,"QULA",7.5,"A",8.5,"A",0,0,0,98,0,0,0,0,0,0,0,0,0,0,0,0,0,0,4.945205479,0,56.74501731,0.005674502,0.004417865,0.202216066,2.541122036,2336.080443,4077.135384,6413.215827,26,316.7690614,473.0187417,789.7878031,13.1064
"1252","561",-0.0432144612113426,-0.0200570436837264,-0.00877080400674633,315032,"QULA",3,"A",3,"A",0,0,0,100,0,0,0,0,0,0,0,0,0,0,0,0,0,0,5.44109589,0,7.068583471,0.000706858,0.000706858,0,0,251.5394698,3124.902943,3376.442412,15,29.16838888,650.1492671,679.317656,11.2776
"1253","5610",-0.0432144612113425,-0.0200570436837267,-0.00877080400674624,1921062,"QULA",15.3,"A",18.3,"A",0,0,0,96,0,0,0,0,0,0,0,0,0,0,0,0,0,0,4.945205479,0,263.0219909,0.026302199,0.018385386,0.606648199,16.00906882,2129.80347,3828.847462,5958.650932,26,253.923866,714.8922403,968.8161063,13.1064
"1254","5611",-0.0102760787350003,-0.0249701991717411,-0.00922952053995913,1921064,"QULA",2.9,"A",3.3,"AU",1,0,0,98,0,0,0,0,0,0,0,0,0,0,0,0,0,0,4.945205479,0,8.552985999,0.000855299,0.00066052,0.080886427,0.393873916,2304.154008,3490.026695,5794.180703,22,363.7122367,403.1429595,766.8551962,13.1064
"1255","5612",-0.0432144612113425,-0.0200570436837267,-0.00877080400674624,1921065,"QULA",7.4,"A",7.7,"A",0,0,0,99,0,0,0,0,0,0,0,0,0,0,0,0,0,0,4.945205479,0,46.56625711,0.004656626,0.00430084,0.06066482,0.719455176,2220.776139,4025.047778,6245.823917,22,338.7684875,438.6305268,777.3990143,13.1064
"1256","5614",-0.0432144612113425,-0.0200570436837267,-0.00877080400674624,1921067,"QULA",17.8,"A",19.1,"A",0,0,0,97,0,0,0,0,0,0,0,0,0,0,0,0,0,0,4.945205479,0,286.521104,0.02865211,0.024884555,0.262880886,7.618601503,3852.283744,3434.012098,7286.295841,22,1512.008361,409.7029016,1921.711263,12.4968
"1257","5615",-0.0432144612113425,-0.0200570436837267,-0.00877080400674624,1921068,"QULA",24.9,"A",25.9,"A",0,0,0,92,0,0,0,0,0,0,0,0,0,0,0,0,0,0,4.945205479,0,526.852942,0.052685294,0.048695472,0.202216066,8.068062463,3611.951906,3434.012098,7045.964003,22,952.8063473,413.4208093,1366.227157,12.4968
"1258","5618",0.000253085746629,0.0949616375296093,-0.0203896171408548,1921071,"QULA",29.1,"A",29.8,"AU",0,1,0,52,0,1,0,0,0,0,0,0,0,0,0,0,0,0,4.945205479,0,697.464985,0.069746499,0.066508302,0.141551247,6.548153845,2680.830967,6502.115045,9182.946012,35,328.5154045,618.4863437,947.0017482,12.4968
"1259","5619",-0.0432144612113425,-0.0200570436837267,-0.00877080400674624,1921072,"QULA",13,"A",13.5,"A",0,0,0,98,0,0,0,0,0,0,0,0,0,0,0,0,0,0,4.945205479,0,143.1388153,0.014313882,0.013273229,0.101108033,2.104366686,3235.157137,6815.269001,10050.42614,38,709.6111161,639.0698688,1348.680985,12.4968
"1260","5627",0.141820474539664,-0.0924678640940136,-0.0663887017802114,1921082,"QULA",28.5,"A",29.5,"AU",2,2,0,99,0,0,1,0,0,0,0,0,0,0,0,0,0,0,4.945205479,0,683.4927517,0.068349275,0.063793966,0.202216066,9.211567379,1327.558516,6437.704542,7765.263057,30,117.6156491,1090.15554,1207.77119,12.4968
"1261","5632",0.103652016426153,-0.0810977832727225,-0.062084702664288,1923016,"QULA",10.5,"A",10.8,"AU",1,2,0,62,0,0,1,0,0,0,0,0,0,0,0,0,0,0,4.945205479,0,91.60884178,0.009160884,0.008659015,0.06066482,1.014860613,917.9498114,7362.400924,8280.350735,35,111.6818159,821.5159133,933.1977292,12.192
"1262","5639",0.021239545912268,-0.03334481759327,-0.0103431934648923,1923027,"QULA",13,"A",14.7,"AU",1,1,0,100,0,0,0,0,0,0,0,0,0,0,0,0,0,0,4.945205479,0,169.7166891,0.016971669,0.013273229,0.343767313,7.478839791,1642.298976,5209.341814,6851.64079,22,135.0442862,673.8552781,808.8995643,12.192
"1263","564",-0.100938790677909,0.141128552603766,-0.0467763519793897,315035,"QULA",2.5,"A",3.9,"AU",0,0,0,68,0,1,0,0,0,0,0,0,0,1,0,0,0,0,5.44109589,0,11.94590607,0.001194591,0.000490874,0.257301108,1.293336432,4569.014546,3790.763506,8359.778051,27,474.4524513,496.171701,970.6241523,11.2776
"1264","5644",0.021239545912268,-0.03334481759327,-0.0103431934648923,1923034,"QULA",18.6,"A",19.7,"AU",1,1,0,93,0,0,0,0,0,0,0,0,0,0,0,0,0,0,4.945205479,0,304.8051732,0.030480517,0.027171635,0.222437673,6.69109196,923.0234836,3922.356968,4845.380451,18,148.9898215,344.1748987,493.1647202,12.4968
"1265","5646",0.106719160094331,0.109803249898192,0.129918163693937,1923036,"QULA",10.2,"A",10.5,"AU",2,1,0,57,0,1,0,0,0,0,0,0,0,0,0,0,0,0,4.945205479,1,86.59014751,0.008659015,0.008171282,0.06066482,0.98627299,1141.238509,3938.167033,5079.405542,20,179.1701319,352.6334468,531.8035787,12.4968
"1266","5647",0.0740849815369309,-0.0551053752455032,-0.0227031457643075,1923037,"QULA",11.6,"A",11.8,"AU",2,2,0,100,0,0,0,0,0,0,0,0,0,0,0,0,0,0,4.945205479,0,109.3588403,0.010935884,0.010568318,0.040443213,0.743278195,578.5635571,9140.652321,9719.215878,37,47.24075701,1375.927871,1423.168628,12.192
"1267","5664",0.0314978293204577,-0.05814287354633,-0.0580116688996728,1923057,"QULA",23.7,"A",24.9,"AU",1,0,0,99,0,0,1,0,0,0,0,0,0,0,0,0,0,0,4.945205479,0,486.9547153,0.048695472,0.044115029,0.24265928,9.26238982,1716.864677,7813.384403,9530.24908,40,170.2129556,824.8554459,995.0684015,12.192
"1268","567",-0.0432144612113426,-0.0200570436837264,-0.00877080400674633,317004,"QULA",1.2,"A",3.6,"A",0,0,0,100,0,0,0,0,0,0,0,0,0,0,0,0,0,0,5.44109589,0,10.1787602,0.001017876,0.000113097,0.441087613,1.662861127,1825.485243,1026.625355,2852.110599,11,311.4963616,105.1070549,416.6034165,12.192
"1269","5674",0.242551214643383,0.105916668328734,-0.0930821333217198,1923073,"QULA",33.2,"A",34.3,"AU",3,3,0,89,0,1,1,0,0,0,0,0,0,0,0,0,0,0,4.945205479,0,924.0130853,0.092401309,0.086569727,0.222437673,11.79239445,1276.193476,5726.440111,7002.633587,37,99.79242187,659.8278274,759.6202493,12.192
"1270","568",0.0485611169091085,-0.0430566420758161,-0.0155121250291675,317005,"QULA",28.7,"A",28.3,"AU",2,1,0,89,0,0,0,0,0,0,0,0,0,0,0,0,0,0,5.44109589,0,629.0175351,0.062901754,0.064692461,-0.073514602,-3.291079313,1206.646468,1053.965065,2260.611534,12,225.4234994,88.69256842,314.1160678,12.192
"1271","569",-0.0432144612113426,-0.0200570436837264,-0.00877080400674633,317006,"QULA",2,"A",4.2,"A",0,0,0,100,0,0,0,0,0,0,0,0,0,0,0,0,0,0,5.44109589,0,13.8544236,0.001385442,0.000314159,0.404330312,1.968873764,2310.327237,361.5423366,2671.869574,9,349.9457135,56.2312013,406.1769148,12.192
"1272","5693",0.194646928581265,-0.111317008674675,0.115479992237861,2101011,"QULA",4.7,"A",4.8,"AU",2,2,0,100,0,0,1,0,0,0,0,0,0,0,0,0,0,0,4.991780822,1,18.09557368,0.001809557,0.001734945,0.020032931,0.149471357,1301.412611,7737.970471,9039.383082,33,153.0122015,1282.057904,1435.070106,12.4968
"1273","5699",0.2620085057893,0.11694270716257,0.122465403792796,2101019,"QULA",18.7,"A",18.8,"AU",2,2,0,17,0,1,1,0,0,0,0,0,0,0,0,0,0,0,4.991780822,1,277.5911269,0.027759113,0.027464588,0.020032931,0.590018516,627.4153228,6621.550544,7248.965867,35,52.68131986,828.269596,880.9509158,11.8872
"1274","57",-0.010276078735,-0.0249701991717409,-0.00922952053995902,105029,"QULA",1.4,"A",2.7,"AU",1,0,0,100,0,0,0,0,0,0,0,0,0,0,0,0,0,0,5.55890411,0,5.725552611,0.000572555,0.000153938,0.233859044,0.753057101,1536.050312,2193.279349,3729.329661,24,176.0299233,227.294822,403.3247453,9.7536
"1275","570",0.0740849815369313,-0.0551053752455027,-0.0227031457643073,317007,"QULA",33.8,"A",37.4,"AU",2,2,0,96,0,0,0,0,0,0,0,0,0,0,0,0,0,0,5.44109589,0,1098.583535,0.109858354,0.089727028,0.66163142,36.99866007,1759.236908,586.8337997,2346.070708,15,206.2745144,92.16906504,298.4435794,12.192
"1276","5704",0.194646928581265,-0.111317008674675,0.115479992237861,2101060,"QULA",14.6,"A",15.3,"AU",2,2,0,98,0,0,1,0,0,0,0,0,0,0,0,0,0,0,4.991780822,1,183.8538561,0.018385386,0.016741547,0.140230516,3.293090011,1172.363839,5923.716422,7096.08026,32,95.88935002,1234.192802,1330.082152,11.8872
"1277","5712",-0.0118641267365936,-0.0286302487938529,-0.00981200096876246,2101074,"QULA",21.8,"A",24.3,"AU",0,1,0,93,0,0,0,0,0,0,0,0,0,0,0,0,0,0,4.991780822,0,463.7697615,0.046376976,0.037325262,0.500823271,18.13323573,742.6175254,5638.184919,6380.802445,23,103.4353783,564.8629828,668.2983611,11.8872
"1278","5718",-0.0432144612113425,-0.0200570436837267,-0.00877080400674624,2101080,"QULA",24.9,"A",26.2,"A",0,0,0,100,0,0,0,0,0,0,0,0,0,0,0,0,0,0,4.991780822,0,539.1287153,0.053912872,0.048695472,0.260428101,10.45198134,463.7697615,6628.140035,7091.909796,28,74.88573534,969.437067,1044.322802,12.4968
"1279","572",-0.0432144612113426,-0.0200570436837264,-0.00877080400674633,317009,"QULA",2.7,"A",2.8,"A",0,0,0,100,0,0,0,0,0,0,0,0,0,0,0,0,0,0,5.44109589,0,6.157521601,0.000615752,0.000572555,0.018378651,0.079390071,2367.040839,382.7795029,2749.820342,11,388.5013538,50.67803309,439.1793869,12.192
"1280","5720",0.148310494231709,0.110340733623649,0.132830979329611,2103005,"QULA",6.4,"A",6.8,"AU",2,2,0,82,0,1,0,0,0,0,0,0,0,0,0,0,0,0,4.991780822,1,36.31681108,0.003631681,0.003216991,0.080131723,0.830746071,1397.39612,5101.192487,6498.588607,29,255.7475025,596.6604226,852.4079251,12.8016
"1281","5721",0.194646928581265,-0.111317008674675,0.115479992237861,2103006,"QULA",6.8,"A",7.7,"AU",2,2,0,98,0,0,1,0,0,0,0,0,0,0,0,0,0,0,4.991780822,1,46.56625711,0.004656626,0.003631681,0.180296378,2.053264436,1543.111042,5157.607637,6700.718679,34,173.200838,558.6120547,731.8128927,12.8016
"1282","5723",0.00140265207779293,0.0934709252610172,-0.0193403460192345,2103008,"QULA",21.4,"A",22.3,"AU",1,0,0,89,0,1,0,0,0,0,0,0,0,0,0,0,0,0,4.991780822,0,390.5706527,0.039057065,0.035968094,0.180296378,6.188114196,1249.246465,4061.827974,5311.074438,30,159.2809668,733.8483788,893.1293456,12.8016
"1283","5726",-0.0432144612113425,-0.0200570436837267,-0.00877080400674623,2103011,"QULA",10.4,"A",11.3,"A",0,0,0,98,0,0,0,0,0,0,0,0,0,0,0,0,0,0,4.991780822,0,100.2874915,0.010028749,0.008494867,0.180296378,3.072816431,1641.136586,3940.947342,5582.083929,31,229.9214697,476.2003704,706.12184,12.8016
"1284","5728",-0.0432144612113425,-0.0200570436837267,-0.00877080400674623,2103014,"QULA",13.7,"A",13,"A",0,0,0,94,0,0,0,0,0,0,0,0,0,0,0,0,0,0,4.991780822,0,132.7322896,0.013273229,0.014741138,-0.140230516,-2.940652284,1493.701643,6365.526451,7859.228094,29,162.6673666,616.3204688,778.9878354,13.1064
"1285","573",-0.0432144612113426,-0.0200570436837264,-0.00877080400674633,317010,"QULA",1,"A",2.3,"A",0,0,0,100,0,0,0,0,0,0,0,0,0,0,0,0,0,0,5.44109589,0,4.154756284,0.000415476,7.85398163397448e-05,0.238922457,0.619242555,3660.246039,572.7830266,4233.029065,14,352.0723739,61.19346436,413.2658383,12.192
"1286","5730",0.423965045345466,0.153629362522695,0.157695123980971,2103017,"QULA",6.6,"A",6.7,"AU",3,3,0,31,1,1,1,0,0,0,0,0,0,0,0,0,0,0,4.991780822,1,35.25652355,0.003525652,0.003421194,0.020032931,0.2092599,1064.324467,6649.793462,7714.117929,29,175.5777566,571.3117378,746.8894944,13.1064
"1287","5731",0.205904871083785,0.13983848960668,0.161247866505905,2103019,"QULA",2.9,"A",3.1,"AU",2,2,0,69,1,1,0,0,0,0,0,0,0,0,0,0,0,0,4.991780822,1,7.54767635,0.000754768,0.00066052,0.040065862,0.188805925,2242.272487,6439.675891,8681.948378,48,234.2751326,619.3897385,853.664871,12.8016
"1288","5732",0.103652016426153,-0.0810977832727225,-0.062084702664288,2103021,"QULA",15.6,"A",15.9,"AU",1,2,0,91,0,0,1,0,0,0,0,0,0,0,0,0,0,0,4.991780822,0,198.5565097,0.019855651,0.01911345,0.060098793,1.48684666,1231.143037,5289.97079,6521.113827,26,138.6639764,522.525553,661.1895293,13.1064
"1289","5734",0.2620085057893,0.116942707162569,0.122465403792796,2103026,"QULA",13.6,"A",13.9,"AU",2,2,0,32,0,1,1,0,0,0,0,0,0,0,0,0,0,0,4.991780822,1,151.7467792,0.015174678,0.014526724,0.060098793,1.298040735,1355.071013,4695.361548,6050.432561,26,149.2372271,579.0032081,728.2404352,13.1064
"1290","574",-0.0432144612113426,-0.0200570436837264,-0.00877080400674633,317012,"QULA",7.3,"A",8.1,"A",0,0,0,100,0,0,0,0,0,0,0,0,0,0,0,0,0,0,5.44109589,0,51.5299735,0.005152997,0.004185387,0.147029204,1.778337594,5104.522575,594.0201929,5698.542768,16,477.8881194,55.82221036,533.7103298,12.192
"1291","5743",-0.0432144612113426,-0.0200570436837268,-0.00877080400674632,2103036,"QULA",19.6,"A",21.6,"A",0,0,0,94,0,0,0,0,0,0,0,0,0,0,0,0,0,0,4.991780822,0,366.4353671,0.036643537,0.030171856,0.400658617,12.96467352,1207.007751,5751.54929,6958.557042,40,632.5830189,654.8657995,1287.448818,12.4968
"1292","5744",0.060552027781041,-0.0627223629990017,0.123030788707333,2103037,"QULA",22.9,"A",23.6,"AU",1,2,0,92,0,0,0,0,0,0,0,0,0,0,0,0,0,0,4.991780822,1,437.4353611,0.043743536,0.041187065,0.140230516,5.121360719,937.4512478,6334.196918,7271.648166,41,535.0361315,658.3553391,1193.391471,12.4968
"1293","5745",0.2620085057893,0.116942707162569,0.122465403792796,2103038,"QULA",3.5,"A",3.6,"AU",2,2,0,12,0,1,1,0,0,0,0,0,0,0,0,0,0,0,4.991780822,1,10.1787602,0.001017876,0.000962113,0.020032931,0.111710172,1994.102375,3887.375334,5881.477709,30,186.4714923,426.4093671,612.8808595,12.4968
"1294","5748",-0.0432144612113427,-0.0200570436837268,-0.00877080400674634,2103042,"QULA",10.9,"A",12.3,"A",0,0,0,94,0,0,0,0,0,0,0,0,0,0,0,0,0,0,4.991780822,0,118.8228881,0.011882289,0.009331316,0.280461032,5.11034704,1408.344571,6276.80002,7685.144591,38,137.7684915,604.4386267,742.2071183,12.4968
"1295","5749",0.194646928581264,-0.111317008674675,0.11547999223786,2103043,"QULA",6.9,"A",7.2,"AU",2,2,0,87,0,0,1,0,0,0,0,0,0,0,0,0,0,0,4.991780822,1,40.71504079,0.004071504,0.003739281,0.060098793,0.665540886,1332.545794,6053.385659,7385.931452,47,281.2645925,636.5891978,917.8537903,12.4968
"1296","575",-0.0432144612113426,-0.0200570436837264,-0.00877080400674633,317015,"QULA",6.9,"A",7.9,"A",0,0,0,100,0,0,0,0,0,0,0,0,0,0,0,0,0,0,5.44109589,0,49.01669938,0.00490167,0.003739281,0.183786506,2.136314642,4702.3673,367.3150131,5069.682313,17,630.396536,73.99839007,704.394926,12.192
"1297","5751",0.228435532057221,0.147085890792172,0.134777725029211,2103045,"QULA",3.8,"A",4.1,"AU",1,1,0,79,1,1,1,0,0,0,0,0,0,0,0,0,0,0,4.991780822,1,13.20254313,0.001320254,0.001134115,0.060098793,0.372891702,1198.478327,8548.077261,9746.555588,39,129.4948978,857.0126336,986.5075315,12.4968
"1298","5752",-0.0390203139482906,0.122167394906561,0.131092107811762,2103047,"QULA",15.4,"A",17,"AU",0,0,0,92,0,1,0,0,0,0,0,0,0,0,0,0,0,0,4.991780822,1,226.9800692,0.022698007,0.018626503,0.320526894,8.156415965,1109.327782,6740.043565,7849.371347,47,176.9086695,1341.682656,1518.591326,12.4968
"1299","577",0.100469226962469,-0.0862930220256486,-0.0480872239145403,317017,"QULA",36.1,"A",36.2,"AU",2,2,0,76,1,0,0,0,0,0,0,0,0,0,0,0,0,0,5.44109589,0,1029.217169,0.102921717,0.102353874,0.018378651,1.043618572,2606.19458,232.4778564,2838.672436,10,279.1360487,128.6452982,407.7813469,12.192
"1300","578",-0.0432144612113426,-0.0200570436837264,-0.00877080400674633,317019,"QULA",22.7,"A",23.9,"A",0,0,0,100,0,0,0,0,0,0,0,0,0,0,0,0,0,0,5.44109589,0,448.6272849,0.044862728,0.040470782,0.220543807,8.071805052,4672.294404,2056.965644,6729.260048,27,1201.478494,184.416905,1385.895399,12.192
"1301","579",-0.0432144612113426,-0.0200570436837264,-0.00877080400674633,317020,"QULA",28.7,"A",32.4,"A",0,0,0,100,0,0,0,0,0,0,0,0,0,0,0,0,0,0,5.44109589,0,824.479576,0.082447958,0.064692461,0.68001007,32.63220615,3608.307658,2056.965644,5665.273302,26,762.5021484,180.608075,943.1102234,12.192
"1302","58",-0.0383873819401651,0.10011198935303,-0.0211765268763412,105030,"QULA",2.8,"A",3.2,"AU",0,0,0,84,0,1,0,0,0,0,0,0,0,0,0,0,0,0,5.55890411,0,8.042477193,0.000804248,0.000615752,0.071956629,0.339087625,1533.733387,2208.484658,3742.218045,25,178.7879231,229.8594659,408.647389,9.7536
"1303","580",-0.0432144612113426,-0.0200570436837264,-0.00877080400674634,317021,"QULA",2,"A",5,"A",0,0,0,100,0,0,0,0,0,0,0,0,0,0,0,0,0,0,5.44109589,0,19.63495408,0.001963495,0.000314159,0.551359517,3.031257262,5045.602005,2056.965644,7102.567649,25,621.0438631,237.9346929,858.978556,12.192
"1304","5808",-0.0432144612113427,-0.0200570436837268,-0.00877080400674634,2103119,"QULA",11.6,"A",12.1,"A",0,0,0,91,0,0,0,0,0,0,0,0,0,0,0,0,0,0,4.991780822,0,114.9901451,0.011499015,0.010568318,0.100164654,1.864458511,1225.967263,6835.838579,8061.805842,50,102.7194191,787.8956904,890.6151095,12.8016
"1305","581",-0.0432144612113426,-0.0200570436837264,-0.00877080400674634,317022,"QULA",3.4,"A",4.8,"AU",0,0,0,97,0,0,0,0,0,0,0,0,0,0,0,0,0,0,5.44109589,0,18.09557368,0.001809557,0.00090792,0.257301108,1.657087303,5102.826115,2056.965644,7159.791759,27,615.6022884,238.4313267,854.0336151,12.192
"1306","5816",0.115656605926834,-0.0846694844887708,0.133300004509745,2105001,"QULA",4.9,"A",6,"AU",3,2,0,88,0,0,0,0,0,0,0,0,0,0,0,0,0,0,4.994520548,1,28.27433388,0.002827433,0.001885741,0.22024136,1.885451044,1018.912745,3651.041172,4669.953918,23,104.9550298,374.8564231,479.8114529,13.716
"1307","5817",-0.0383873819401655,0.100111989353029,-0.0211765268763412,2105002,"QULA",7.2,"A",7.7,"AU",0,0,0,88,0,1,0,0,0,0,0,0,0,0,0,0,0,0,4.994520548,0,46.56625711,0.004656626,0.004071504,0.100109709,1.171527129,677.9792566,3189.415548,3867.394804,18,56.27747386,431.541996,487.8194699,13.716
"1308","5818",0.0775327761470085,-0.0724770860087918,0.132182881931385,2105004,"QULA",15.7,"A",16,"AU",3,1,0,72,0,0,0,0,0,0,0,0,0,0,0,0,0,0,4.994520548,1,201.0619298,0.020106193,0.019359279,0.060065826,1.495466174,1535.147104,1947.591096,3482.7382,25,195.2435671,253.372554,448.6161211,13.716
"1309","582",-0.0383873819401652,0.10011198935303,-0.0211765268763413,317023,"QULA",1.4,"A",1.5,"AU",0,0,0,50,0,1,0,0,0,0,0,0,0,0,0,0,0,0,5.44109589,0,1.767145868,0.000176715,0.000153938,0.018378651,0.041860219,4034.252644,3581.337085,7615.589729,25,478.9200824,505.8794588,984.7995413,11.2776
"1310","5822",-0.0432144612113427,-0.0200570436837268,-0.00877080400674633,2105011,"QULA",12.8,"A",14.5,"A",0,0,0,93,0,0,0,0,0,0,0,0,0,0,0,0,0,0,4.994520548,0,165.1299639,0.016512996,0.012867964,0.340373012,7.298063631,2021.151488,3124.973628,5146.125116,29,228.5294087,276.8775918,505.4070005,13.716
"1311","5825",0.0992518162468023,-0.0723213065808408,0.12320724701658,2105014,"QULA",6.5,"A",7.2,"AU",2,2,0,92,0,0,0,0,0,0,0,0,0,0,0,0,0,0,4.994520548,1,40.71504079,0.004071504,0.003318307,0.140153593,1.508046331,1680.170875,3354.435556,5034.606431,28,221.424643,382.8552548,604.2798978,13.716
"1312","5826",-0.0432144612113426,-0.0200570436837268,-0.00877080400674633,2105015,"QULA",5.3,"A",6.5,"A",0,0,0,92,0,0,0,0,0,0,0,0,0,0,0,0,0,0,4.994520548,0,33.1830724,0.003318307,0.002206183,0.240263302,2.226687805,2312.455666,2891.301967,5203.757633,29,236.3128636,300.5027882,536.8156518,13.716
"1313","5827",0.106719160094331,0.109803249898192,0.129918163693937,2105016,"QULA",1.8,"A",3.2,"AU",2,1,0,87,0,1,0,0,0,0,0,0,0,0,0,0,0,0,4.994520548,1,8.042477193,0.000804248,0.000254469,0.280307186,1.100763745,2337.596262,2891.301967,5228.898229,29,313.3038356,302.1934731,615.4973087,13.716
"1314","5829",-0.0432144612113427,-0.0200570436837268,-0.00877080400674633,2105018,"QULA",6.6,"A",7,"A",0,0,0,95,0,0,0,0,0,0,0,0,0,0,0,0,0,0,4.994520548,0,38.48451001,0.003848451,0.003421194,0.080087767,0.855450682,1795.294538,3579.876245,5375.170783,26,367.4849298,374.4723982,741.9573279,13.716
"1315","5830",0.221453405018856,-0.126107033186263,0.1234149080898,2105019,"QULA",16.7,"A",17.9,"AU",3,2,0,84,0,0,1,0,0,0,0,0,0,0,0,0,0,0,4.994520548,1,251.6494255,0.025164943,0.021903969,0.240263302,6.529101529,1685.220985,4624.251598,6309.472584,31,146.5077279,550.4467275,696.9544554,13.716
"1316","5831",-0.0383873819401655,0.100111989353029,-0.0211765268763411,2105020,"QULA",10.1,"A",11.1,"AU",0,0,0,86,0,1,0,0,0,0,0,0,0,0,0,0,0,0,4.994520548,0,96.76890771,0.009676891,0.008011847,0.200219419,3.333741628,1608.330505,3540.284323,5148.614828,24,343.3777804,380.3331506,723.710931,13.716
"1317","5832",0.115656605926834,-0.0846694844887707,0.133300004509745,2105021,"QULA",11,"A",11,"AU",3,2,0,85,0,0,0,0,0,0,0,0,0,0,0,0,0,0,4.994520548,1,95.03317777,0.009503318,0.009503318,0,0,1610.066235,4586.473947,6196.540182,26,293.1148959,472.3056099,765.4205058,13.716
"1318","5834",-0.0432144612113427,-0.0200570436837268,-0.00877080400674636,2105023,"QULA",7.3,"A",8.4,"A",0,0,0,88,0,0,0,0,0,0,0,0,0,0,0,0,0,0,4.994520548,0,55.41769441,0.005541769,0.004185387,0.22024136,2.715741411,1634.225082,3434.601146,5068.826229,24,314.794565,381.4724678,696.2670328,13.716
"1319","5835",0.0212395459122678,-0.0333448175932701,-0.0103431934648924,2105024,"QULA",15.7,"A",16.3,"AU",1,1,0,90,0,0,0,0,0,0,0,0,0,0,0,0,0,0,4.994520548,0,208.672438,0.020867244,0.019359279,0.120131651,3.019237701,1496.426975,4165.563363,5661.990338,26,275.1831762,458.1708644,733.3540406,13.716
"1320","584",0.0103977101464048,-0.040441479539908,-0.0175479426871382,317025,"QULA",2,"A",2.6,"AU",0,2,0,95,0,0,0,0,0,0,0,0,0,0,0,0,0,0,5.44109589,0,5.309291585,0.000530929,0.000314159,0.110271903,0.398393812,4624.66786,3744.197248,8368.865108,27,531.3558953,543.8761594,1075.232055,11.2776
"1321","5840",0.0268778981805107,-0.0512461823590912,0.121384398192313,2105029,"QULA",10.3,"A",11.2,"AU",1,1,0,93,0,0,0,0,0,0,0,0,0,0,0,0,0,0,4.994520548,1,98.52034562,0.009852035,0.008332289,0.180197477,3.042825496,2218.255011,4698.361769,6916.61678,30,284.3428413,614.019652,898.3624933,13.716
"1322","5845",0.0212395459122678,-0.0333448175932701,-0.0103431934648924,2105034,"QULA",NA,"A",13,"AU",1,1,0,96,0,0,0,0,0,0,0,0,0,0,0,0,0,0,4.994520548,0,132.7322896,0.013273229,NA,NA,NA,1819.296306,5125.720472,6945.016778,28,261.0664551,539.3875764,800.4540315,13.716
"1323","5849",-0.0432144612113427,-0.0200570436837268,-0.00877080400674635,2105038,"QULA",9.6,"A",10,"A",0,0,0,85,0,0,0,0,0,0,0,0,0,0,0,0,0,0,4.994520548,0,78.53981634,0.007853982,0.007238229,0.080087767,1.232855395,2346.251349,5338.170675,7684.422024,33,248.4764564,644.4899947,892.9664511,12.8016
"1324","5853",0.0642609219850701,-0.0606717395291682,0.121525335991129,2105043,"QULA",24.4,"A",25.9,"AU",2,1,0,85,0,0,0,0,0,0,0,0,0,0,0,0,0,0,4.994520548,1,526.852942,0.052685294,0.046759465,0.300329128,11.86466065,1482.085604,4087.612595,5569.6982,28,150.5572779,826.2700843,976.8273621,12.8016
"1325","5856",-0.0432144612113427,-0.0200570436837268,-0.00877080400674636,2105046,"QULA",9.4,"A",10.5,"A",0,0,0,97,0,0,0,0,0,0,0,0,0,0,0,0,0,0,4.994520548,0,86.59014751,0.008659015,0.006939778,0.22024136,3.442245483,1616.223757,4839.709877,6455.933633,21,152.2081661,553.7106538,705.9188199,12.8016
"1326","5857",0.15758622508922,-0.141196569007005,0.177095087894039,2105047,"QULA",16.9,"A",17.1,"AU",3,3,0,84,0,0,0,0,0,1,0,0,0,0,0,0,0,0,4.994520548,1,229.658277,0.022965828,0.022431757,0.040043884,1.069313352,1972.959456,4539.970522,6512.929978,26,203.6294646,435.4367078,639.0661724,13.716
"1327","5858",0.164059020201035,-0.110717587604321,0.157277151466526,2105048,"QULA",12.4,"A",13.8,"AU",3,2,0,5,1,0,0,0,0,0,0,0,0,0,0,0,0,0,4.994520548,1,149.5712262,0.014957123,0.012076282,0.280307186,5.768002025,2017.727152,4169.066239,6186.793391,28,242.9694334,515.6454822,758.6149156,13.716
"1328","5860",0.138273868945121,-0.129784682483079,0.168814774670906,2105051,"QULA",11.5,"A",13.6,"AU",3,2,0,94,0,0,0,0,0,1,0,0,0,0,0,0,0,0,4.994520548,1,145.2672443,0.014526724,0.010386891,0.420460779,8.288751001,871.9019171,5169.003765,6040.905682,15,99.57190914,717.3152905,816.8871997,12.8016
"1329","5861",-0.0432144612113427,-0.0200570436837268,-0.00877080400674642,2105052,"QULA",7.8,"A",8.7,"A",0,0,0,96,0,0,0,0,0,0,0,0,0,0,0,0,0,0,4.994520548,0,59.44678699,0.005944679,0.004778362,0.180197477,2.335191659,1410.111717,5229.824998,6639.936715,17,188.7318142,650.8555703,839.5873845,12.8016
"1330","5864",0.0268778981805106,-0.0512461823590911,0.121384398192313,2105057,"QULA",14.2,"A",15.3,"AU",1,1,0,93,0,0,0,0,0,0,0,0,0,0,0,0,0,0,4.994520548,1,183.8538561,0.018385386,0.015836769,0.22024136,5.102826219,1304.514933,5285.140591,6589.655525,24,328.0129309,842.5656254,1170.578556,13.716
"1331","5867",0.115656605926834,-0.0846694844887707,0.133300004509745,2105062,"QULA",23.3,"A",24,"AU",3,2,0,90,0,0,0,0,0,0,0,0,0,0,0,0,0,0,4.994520548,1,452.3893421,0.045238934,0.042638481,0.140153593,5.206612515,890.7122031,6382.004104,7272.716307,30,176.4505337,731.2249486,907.6754823,13.716
"1332","5869",0.06426092198507,-0.0606717395291683,0.121525335991129,2105068,"QULA",12.9,"A",13.1,"AU",2,1,0,94,0,0,0,0,0,0,0,0,0,0,0,0,0,0,4.994520548,1,134.7821788,0.013478218,0.013069811,0.040043884,0.817710211,1024.182767,7466.120605,8490.303372,34,132.8381655,834.1642281,967.0023937,13.716
"1333","5877",-0.0390203139482907,0.122167394906561,0.131092107811762,2105077,"QULA",11.7,"A",11.7,"AU",0,0,0,84,0,1,0,0,0,0,0,0,0,0,0,0,0,0,4.994520548,1,107.5131546,0.010751315,0.010751315,0,0,1271.740268,6409.320252,7681.06052,30,307.3190997,648.6615126,955.9806123,13.716
"1334","5878",-0.0390203139482907,0.122167394906561,0.131092107811762,2105078,"QULA",12.3,"A",12.8,"AU",0,0,0,85,0,1,0,0,0,0,0,0,0,0,0,0,0,0,4.994520548,1,128.6796351,0.012867964,0.011882289,0.100109709,1.973512143,1438.629524,5289.04402,6727.673544,29,285.6618254,547.6729965,833.3348219,13.716
"1335","5880",0.0485611169091077,-0.043056642075817,-0.0155121250291678,2107005,"QULA",7.8,"A",9.3,"AU",2,1,0,95,0,0,0,0,0,0,0,0,0,0,0,0,0,0,4.994520548,0,67.92908715,0.006792909,0.004778362,0.300329128,4.033512866,352.808709,5064.11384,5416.922549,12,29.29641841,585.1412692,614.4376876,14.0208
"1336","5885",0.040208409937107,0.0885191601261961,-0.0186259122466657,2107011,"QULA",9.9,"A",10.3,"AU",1,1,0,88,0,1,0,0,0,0,0,0,0,0,0,0,0,0,4.994520548,0,83.32289115,0.008332289,0.007697687,0.080087767,1.270595866,734.260889,5108.661624,5842.922513,18,70.07125891,899.2519608,969.3232197,14.0208
"1337","5887",-0.0432144612113427,-0.0200570436837268,-0.00877080400674644,2107014,"QULA",10.3,"A",11.4,"A",0,0,0,96,0,0,0,0,0,0,0,0,0,0,0,0,0,0,4.994520548,0,102.0703453,0.010207035,0.008332289,0.22024136,3.753604371,2022.620182,5819.06997,7841.690153,27,185.9035118,649.4212188,835.3247306,13.716
"1338","5890",0.0212395459122678,-0.0333448175932701,-0.0103431934648925,2107019,"QULA",11.7,"A",12.7,"AU",1,1,0,95,0,0,0,0,0,0,0,0,0,0,0,0,0,0,4.994520548,0,126.6768698,0.012667687,0.010751315,0.200219419,3.836947912,2089.418296,3219.12716,5308.545456,23,293.1565928,404.5078377,697.6644306,13.716
"1339","5891",-0.0432144612113427,-0.0200570436837268,-0.00877080400674644,2107022,"QULA",25.4,"A",26.2,"A",0,0,0,87,0,0,0,0,0,0,0,0,0,0,0,0,0,0,4.994520548,0,539.1287153,0.053912872,0.050670748,0.160175535,6.491361057,1527.355954,3347.775379,4875.131334,25,373.2806551,282.0569262,655.3375813,13.716
"1340","5892",-0.0383873819401655,0.100111989353029,-0.0211765268763412,2107023,"QULA",14.2,"A",14.9,"AU",0,0,0,78,0,1,0,0,0,0,0,0,0,0,0,0,0,0,4.994520548,0,174.3662463,0.017436625,0.015836769,0.140153593,3.203222499,1759.849519,4134.854295,5894.703814,20,265.244734,455.6834698,720.9282038,13.716
"1341","5893",0.0212395459122678,-0.0333448175932701,-0.0103431934648925,2107024,"QULA",16.3,"A",16.7,"AU",1,1,0,76,0,0,0,0,0,0,0,0,0,0,0,0,0,0,4.994520548,0,219.0396938,0.021903969,0.020867244,0.080087767,2.07572592,2095.041747,3456.733667,5551.775414,26,565.2760161,279.6559904,844.9320065,13.716
"1342","5894",-0.0432144612113427,-0.0200570436837268,-0.00877080400674643,2107025,"QULA",8,"A",8.4,"A",0,0,0,96,0,0,0,0,0,0,0,0,0,0,0,0,0,0,4.994520548,0,55.41769441,0.005541769,0.005026548,0.080087767,1.031572881,2094.389866,3780.96959,5875.359457,27,551.1591215,329.4256074,880.5847289,13.716
"1343","5895",-0.0432144612113427,-0.0200570436837268,-0.00877080400674643,2107026,"QULA",10,"A",11.3,"A",0,0,0,92,0,0,0,0,0,0,0,0,0,0,0,0,0,0,4.994520548,0,100.2874915,0.010028749,0.007853982,0.260285244,4.354306872,1833.928273,4110.726863,5944.655137,20,224.1586218,521.3179094,745.4765312,14.0208
"1344","5896",-0.0432144612113427,-0.0200570436837268,-0.00877080400674643,2107027,"QULA",10.9,"A",11.2,"A",0,0,0,96,0,0,0,0,0,0,0,0,0,0,0,0,0,0,4.994520548,0,98.52034562,0.009852035,0.009331316,0.060065826,1.042580519,1967.964324,3829.98629,5797.950614,27,635.6241873,320.0384602,955.6626475,13.716
"1345","5897",-0.0432144612113427,-0.0200570436837268,-0.00877080400674644,2107028,"QULA",15.5,"A",14.5,"A",0,0,0,90,0,0,0,0,0,0,0,0,0,0,0,0,0,0,4.994520548,0,165.1299639,0.016512996,0.018869191,-0.200219419,-4.717558908,1974.585231,3688.960196,5663.545426,25,533.0458776,301.2960113,834.3418889,13.716
"1346","5898",-0.0432144612113427,-0.0200570436837268,-0.00877080400674644,2107029,"QULA",10.5,"A",11.2,"A",0,0,0,89,0,0,0,0,0,0,0,0,0,0,0,0,0,0,4.994520548,0,98.52034562,0.009852035,0.008659015,0.140153593,2.388657327,2041.194849,1719.346535,3760.541384,25,441.5679863,168.8653864,610.4333727,13.716
"1347","5899",-0.0432144612113427,-0.0200570436837268,-0.00877080400674644,2107030,"QULA",2.1,"A",2.9,"A",0,0,0,94,0,0,0,0,0,0,0,0,0,0,0,0,0,0,4.994520548,0,6.605198554,0.00066052,0.000346361,0.160175535,0.629007854,2179.676253,2569.469361,4749.145614,27,374.3012542,230.7778645,605.0791187,13.716
"1348","59",-0.0432144612113426,-0.0200570436837264,-0.00877080400674634,105031,"QULA",3.4,"A",4.8,"A",0,0,0,100,0,0,0,0,0,0,0,0,0,0,0,0,0,0,5.55890411,0,18.09557368,0.001809557,0.00090792,0.251848201,1.62196914,1523.680291,2574.118919,4097.79921,23,150.0762361,264.7683844,414.8446205,9.7536
"1349","5913",-0.0432144612113428,-0.0200570436837268,-0.00877080400674644,2107049,"QULA",10.1,"A",10.5,"A",0,0,0,90,0,0,0,0,0,0,0,0,0,0,0,0,0,0,4.994520548,0,86.59014751,0.008659015,0.008011847,0.080087767,1.29575618,110.9767605,6098.341849,6209.31861,27,17.66791981,647.1032293,664.7711491,14.0208
"1350","5921",-0.0383873819401655,0.100111989353029,-0.0211765268763412,2107063,"QULA",8.5,"A",8.7,"AU",0,0,0,89,0,1,0,0,0,0,0,0,0,0,0,0,0,0,4.994520548,0,59.44678699,0.005944679,0.005674502,0.040043884,0.540946755,138.120121,5923.975603,6062.095724,19,48.06815139,558.5984189,606.6665703,14.0208
"1351","5922",-0.0432144612113428,-0.0200570436837268,-0.00877080400674644,2107064,"QULA",7.4,"A",8.1,"A",0,0,0,95,0,0,0,0,0,0,0,0,0,0,0,0,0,0,4.994520548,0,51.5299735,0.005152997,0.00430084,0.140153593,1.706183805,146.0369345,5839.026938,5985.063872,18,54.02831731,536.5365782,590.5648956,14.0208
"1352","593",-0.0383873819401652,0.10011198935303,-0.0211765268763413,317036,"QULA",1.6,"A",1.8,"AU",0,0,0,90,0,1,0,0,0,0,0,0,0,0,0,0,0,0,5.44109589,0,2.544690049,0.000254469,0.000201062,0.036757301,0.098154997,3984.458401,3744.197248,7728.655649,25,442.8303516,692.6447184,1135.47507,11.2776
"1353","5941",-0.0102760787350004,-0.0249701991717412,-0.00922952053995918,2109016,"QULA",12.3,"A",13.8,"AU",1,0,0,97,0,0,0,0,0,0,0,0,0,0,0,0,0,0,4.991780822,0,149.5712262,0.014957123,0.011882289,0.300493963,6.159793307,1231.182307,6117.214967,7348.397274,33,124.5686124,769.8071435,894.3757559,14.0208
"1354","5944",-0.0383873819401655,0.100111989353029,-0.0211765268763412,2109020,"QULA",13.9,"A",14.3,"AU",0,0,0,87,0,1,0,0,0,0,0,0,0,0,0,0,0,0,4.991780822,0,160.6060704,0.016060607,0.015174678,0.080131723,1.774775696,1720.634588,5014.036853,6734.671441,38,215.9884892,524.7827496,740.7712387,14.0208
"1355","5945",-0.0383873819401655,0.100111989353029,-0.0211765268763412,2109021,"QULA",13.6,"A",14.3,"AU",0,0,0,85,0,1,0,0,0,0,0,0,0,0,0,0,0,0,4.991780822,0,160.6060704,0.016060607,0.014526724,0.140230516,3.072816431,1720.634588,6403.743925,8124.378514,38,211.3801007,656.9567016,868.3368022,14.0208
"1356","5947",0.0212395459122678,-0.0333448175932701,-0.0103431934648926,2109024,"QULA",12,"A",13,"AU",1,1,0,84,0,0,0,0,0,0,0,0,0,0,0,0,0,0,4.991780822,0,132.7322896,0.013273229,0.011309734,0.200329308,3.933456773,681.6784819,5666.734143,6348.412625,28,106.4874876,574.6101737,681.0976613,14.0208
"1357","5948",-0.0432144612113428,-0.0200570436837268,-0.00877080400674644,2109025,"QULA",4.9,"A",5.6,"A",0,0,0,94,0,0,0,0,0,0,0,0,0,0,0,0,0,0,4.991780822,0,24.6300864,0.002463009,0.001885741,0.140230516,1.156436291,789.7806851,4872.735869,5662.516555,27,152.5086934,491.8967706,644.405464,14.0208
"1358","595",0.0103977101464048,-0.040441479539908,-0.0175479426871382,317039,"QULA",11.8,"A",11.3,"AU",0,2,0,100,0,0,0,0,0,0,0,0,0,0,0,0,0,0,5.44109589,0,100.2874915,0.010028749,0.010935884,-0.091893253,-1.667191494,3886.715599,3744.197248,7630.912848,25,404.1030821,1812.571379,2216.674462,11.2776
"1359","5956",-0.0432144612113428,-0.0200570436837268,-0.00877080400674644,2109036,"QULA",13.7,"A",14.6,"A",0,0,0,89,0,0,0,0,0,0,0,0,0,0,0,0,0,0,4.991780822,0,167.4154725,0.016741547,0.014741138,0.180296378,4.007405761,67.92908715,4267.625854,4335.554942,8,5.788418399,437.2855425,443.0739609,14.0208
"1360","596",-0.121618578752534,-0.0489311158557351,-0.0345960050692078,317041,"QULA",33.6,"A",37.2,"AU",0,0,2,100,0,0,0,0,0,0,0,0,0,0,0,0,0,0,5.44109589,0,1086.865394,0.108686539,0.088668311,0.66163142,36.79080243,1943.397069,3015.693328,4959.090397,23,167.2655574,260.4180719,427.6836292,11.2776
"1361","5960",-0.0432144612113428,-0.0200570436837268,-0.00877080400674644,2109040,"QULA",11.3,"A",12.6,"A",0,0,0,88,0,0,0,0,0,0,0,0,0,0,0,0,0,0,4.991780822,0,124.6898124,0.012468981,0.010028749,0.260428101,4.888500078,2025.714651,5858.55979,7884.274441,24,168.2342523,493.9728031,662.2070555,14.0208
"1362","5961",0.040208409937107,0.0885191601261961,-0.0186259122466657,2109044,"QULA",12.3,"A",13,"AU",1,1,0,78,0,1,0,0,0,0,0,0,0,0,0,0,0,0,4.991780822,0,132.7322896,0.013273229,0.011882289,0.140230516,2.786460778,2851.160267,1322.264932,4173.425199,24,386.5169221,211.450144,597.9670661,14.0208
"1363","5963",-0.0432144612113428,-0.0200570436837268,-0.00877080400674644,2109050,"QULA",11.3,"A",11.7,"A",0,0,0,88,0,0,0,0,0,0,0,0,0,0,0,0,0,0,4.991780822,0,107.5131546,0.010751315,0.010028749,0.080131723,1.447512093,4002.373333,2236.758991,6239.132324,32,927.0911473,167.8039581,1094.895105,14.0208
"1364","5964",0.040208409937107,0.0885191601261961,-0.0186259122466657,2109051,"QULA",18.1,"A",18.8,"AU",1,1,0,50,0,1,0,0,0,0,0,0,0,0,0,0,0,0,4.991780822,0,277.5911269,0.027759113,0.025730429,0.140230516,4.064047538,3832.29536,1164.242821,4996.538182,30,633.9048097,99.48080311,733.3856128,14.0208
"1365","5965",-0.0383873819401655,0.100111989353029,-0.0211765268763412,2109052,"QULA",12.9,"A",13.2,"AU",0,0,0,60,0,1,0,0,0,0,0,0,0,0,0,0,0,0,4.991780822,0,136.847776,0.013684778,0.013069811,0.060098793,1.231958661,3558.835428,2589.0729,6147.908328,26,583.7316671,213.129006,796.8606731,14.0208
"1366","5966",0.0386377574828887,-0.0879163385887353,-0.0409952208392605,2109055,"QULA",9.1,"A",9.9,"AU",2,1,0,92,0,0,0,0,0,1,0,0,0,0,0,0,0,0,4.991780822,0,76.97687399,0.007697687,0.006503882,0.160263447,2.391541718,2217.665962,3536.184545,5753.850507,24,390.5052429,448.8447638,839.3500067,14.0208
"1367","5967",0.0212395459122678,-0.0333448175932701,-0.0103431934648926,2109056,"QULA",7.9,"A",9.1,"AU",1,1,0,97,0,0,0,0,0,0,0,0,0,0,0,0,0,0,4.991780822,0,65.03882191,0.006503882,0.00490167,0.24039517,3.209700727,3665.900906,3531.275806,7197.176712,29,515.7790736,338.5531704,854.332244,14.0208
"1368","5969",-0.0432144612113428,-0.0200570436837268,-0.00877080400674644,2109059,"QULA",7.3,"A",8,"A",0,0,0,95,0,0,0,0,0,0,0,0,0,0,0,0,0,0,4.991780822,0,50.26548246,0.005026548,0.004185387,0.140230516,1.685092882,2982.761583,3531.275806,6514.037389,27,452.8843291,372.4734539,825.357783,14.0208
"1369","5970",-0.0432144612113428,-0.0200570436837268,-0.00877080400674644,2109060,"QULA",17.6,"A",19.2,"A",0,0,0,89,0,0,0,0,0,0,0,0,0,0,0,0,0,0,4.991780822,0,289.529179,0.028952918,0.024328494,0.320526894,9.264077393,1872.381368,3900.577877,5772.959244,25,273.4603749,536.0570763,809.5174512,14.0208
"1370","5971",-0.0432144612113428,-0.0200570436837268,-0.00877080400674644,2109061,"QULA",11.4,"A",12.3,"A",0,0,0,88,0,0,0,0,0,0,0,0,0,0,0,0,0,0,4.991780822,0,118.8228881,0.011882289,0.010207035,0.180296378,3.356025319,2465.419813,3531.275806,5996.695619,24,429.3923669,478.2223359,907.6147028,14.0208
"1371","5972",-0.0383873819401655,0.100111989353029,-0.0211765268763412,2109064,"QULA",6.3,"A",6.5,"AU",0,0,0,82,0,1,0,0,0,0,0,0,0,0,0,0,0,0,4.991780822,0,33.1830724,0.003318307,0.003117245,0.040065862,0.402785974,2551.059629,3900.577877,6451.637505,27,543.6904831,554.1866548,1097.877138,14.0208
"1372","5973",-0.0432144612113428,-0.0200570436837268,-0.00877080400674644,2109065,"QULA",11.1,"A",12.2,"A",0,0,0,91,0,0,0,0,0,0,0,0,0,0,0,0,0,0,4.991780822,0,116.8986626,0.011689866,0.009676891,0.220362239,4.032579884,2658.706301,4464.71367,7123.41997,27,305.1005432,468.5796012,773.6801444,14.0208
"1373","5974",-0.0383873819401655,0.100111989353029,-0.0211765268763412,2109066,"QULA",13.2,"A",13.3,"AU",0,0,0,83,0,1,0,0,0,0,0,0,0,0,0,0,0,0,4.991780822,0,138.9290811,0.013892908,0.013684778,0.020032931,0.416946418,2445.31362,3900.577877,6345.891497,27,360.1183315,625.9055053,986.0238368,14.0208
"1374","5979",-0.0432144612113428,-0.0200570436837268,-0.00877080400674644,2109075,"QULA",5.2,"A",5.9,"A",0,0,0,95,0,0,0,0,0,0,0,0,0,0,0,0,0,0,4.991780822,0,27.33971007,0.002733971,0.002123717,0.140230516,1.222518365,1690.412467,4317.357266,6007.769733,25,158.7579154,490.8178218,649.5757372,14.0208
"1375","598",0.000876127930946826,-0.0502979362888489,-0.0228156114893125,317044,"QULA",25.2,"A",25.5,"AU",1,1,1,100,0,0,0,0,0,0,0,0,0,0,0,0,0,0,5.44109589,0,510.7051557,0.051070516,0.049875925,0.055135952,2.195496331,1111.032096,1941.197955,3052.230051,9,121.9325692,266.1396481,388.0722173,11.2776
"1376","5980",0.0212395459122678,-0.0333448175932701,-0.0103431934648926,2109076,"QULA",6.5,"A",6.7,"AU",1,1,0,99,0,0,0,0,0,0,0,0,0,0,0,0,0,0,4.991780822,0,35.25652355,0.003525652,0.003318307,0.040065862,0.415373035,1179.141825,4828.627909,6007.769733,23,114.2542852,500.5819759,614.8362612,14.0208
"1377","5990",-0.0390203139482908,0.122167394906561,0.131092107811762,2111009,"QULA",1,"A",1.8,"AU",0,0,0,71,0,1,0,0,0,0,0,0,0,0,0,0,0,0,5.008219178,1,2.544690049,0.000254469,7.85398163397448e-05,0.159737418,0.351280929,561.2298196,1323.278096,1884.507915,27,56.69858389,154.0722635,210.7708474,14.0208
"1378","5991",-0.0390203139482908,0.122167394906561,0.131092107811762,2111011,"QULA",3.8,"A",4,"AU",0,0,0,67,0,1,0,0,0,0,0,0,0,0,0,0,0,0,5.008219178,1,12.56637061,0.001256637,0.001134115,0.039934354,0.244642076,585.5536007,1117.158202,1702.711802,28,58.35727004,130.9499279,189.3071979,14.0208
"1379","5992",0.0268778981805106,-0.0512461823590912,0.121384398192313,2111013,"QULA",14.3,"A",14.7,"AU",1,1,0,81,0,0,0,0,0,0,0,0,0,0,0,0,0,0,5.008219178,1,169.7166891,0.016971669,0.016060607,0.079868709,1.819133383,1219.903989,2225.260762,3445.164752,27,100.6836921,226.1234104,326.8071025,14.0208
"1380","5994",-0.0390203139482908,0.122167394906561,0.131092107811762,2111015,"QULA",3,"A",3.6,"AU",0,0,0,88,0,1,0,0,0,0,0,0,0,0,0,0,0,0,5.008219178,1,10.1787602,0.001017876,0.000706858,0.119803063,0.6210145,529.004933,3103.492989,3632.497922,33,64.81490596,280.3990347,345.2139406,14.0208
"1381","5995",-0.0605241941155987,-0.0380067103928632,0.128296470681816,2111016,"QULA",2.3,"A",2.7,"A",0,0,0,100,0,0,0,0,0,0,0,0,0,0,0,0,0,0,5.008219178,1,5.725552611,0.000572555,0.000415476,0.079868709,0.313643687,1667.573088,3190.083136,4857.656225,36,146.7361135,285.1927691,431.9288827,14.0208
"1382","5996",-0.0390203139482908,0.122167394906561,0.131092107811762,2111019,"QULA",4.2,"A",5,"AU",0,0,0,89,0,1,0,0,0,0,0,0,0,0,0,0,0,0,5.008219178,1,19.63495408,0.001963495,0.001385442,0.159737418,1.154208767,755.0032545,2938.01745,3693.020704,34,77.02149716,278.8626313,355.8841285,14.0208
"1383","60",-0.010276078735,-0.0249701991717409,-0.00922952053995901,105032,"QULA",1.3,"A",2.1,"AU",1,0,0,98,0,0,0,0,0,0,0,0,0,0,0,0,0,0,5.55890411,0,3.463605901,0.000346361,0.000132732,0.143913258,0.384299308,1538.312259,2882.026415,4420.338673,24,193.1875277,282.7648724,475.9524001,9.7536
"1384","6002",0.0605520277810409,-0.0627223629990017,0.123030788707333,2111028,"QULA",34.7,"A",38,"AU",1,2,0,94,0,0,0,0,0,0,0,0,0,0,0,0,0,0,5.008219178,1,1134.114948,0.113411495,0.094569007,0.658916849,37.62312844,822.3668549,3843.879983,4666.246838,23,60.31623109,885.5490307,945.8652618,14.0208
"1385","6003",-0.0605241941155987,-0.0380067103928632,0.128296470681816,2111030,"QULA",11.2,"A",12.1,"A",0,0,0,100,0,0,0,0,0,0,0,0,0,0,0,0,0,0,5.008219178,1,114.9901451,0.011499015,0.009852035,0.179704595,3.288554055,2291.996044,6835.296654,9127.292698,37,289.7016562,692.2996479,982.0013041,14.0208
"1386","6004",0.0992518162468024,-0.0723213065808406,0.12320724701658,2111031,"QULA",8.9,"A",9,"AU",2,2,0,95,0,0,0,0,0,0,0,0,0,0,0,0,0,0,5.008219178,1,63.61725124,0.006361725,0.006221139,0.019967177,0.2807111,2438.166497,6485.629538,8923.796034,34,359.5598963,673.5305949,1033.090491,14.0208
"1387","6013",0.105276677421283,-0.0874858680623099,0.112117943009772,2111041,"QULA",27.1,"A",28.7,"AU",1,1,0,96,0,0,1,0,0,0,0,0,0,0,0,0,0,0,5.008219178,1,646.9246132,0.064692461,0.057680427,0.319474836,14.00105417,1312.722344,7487.208546,8799.93089,34,95.74282539,1014.227673,1109.970498,14.0208
"1388","602",-0.0432144612113425,-0.0200570436837264,-0.00877080400674632,319002,"QULA",5,"A",6.4,"A",0,0,0,100,0,0,0,0,0,0,0,0,0,0,0,0,0,0,5.44109589,0,32.16990877,0.003216991,0.001963495,0.257301108,2.303755519,1817.387788,3321.676598,5139.064387,26,344.3052973,281.3662125,625.6715098,11.8872
"1389","6020",0.105276677421283,-0.0874858680623099,0.112117943009772,2111051,"QULA",11.4,"A",12.6,"AU",1,1,0,94,0,0,1,0,0,0,0,0,0,0,0,0,0,0,5.008219178,1,124.6898124,0.012468981,0.010207035,0.239606127,4.516469088,817.4345545,6391.743041,7209.177596,26,86.89681353,687.6120834,774.5088969,14.0208
"1390","6024",0.194646928581264,-0.111317008674675,0.11547999223786,2111056,"QULA",11.7,"A",12.2,"AU",2,2,0,92,0,0,1,0,0,0,0,0,0,0,0,0,0,0,5.008219178,1,116.8986626,0.011689866,0.010751315,0.099835886,1.874021028,825.2257043,7291.181018,8116.406722,25,119.8065555,1004.296738,1124.103294,14.0208
"1391","603",-0.0432144612113425,-0.0200570436837264,-0.00877080400674632,319004,"QULA",2.8,"A",4.4,"A",0,0,0,91,0,0,0,0,0,0,0,0,0,0,0,0,0,0,5.44109589,0,15.20530844,0.001520531,0.000615752,0.294058409,1.662861127,2136.400814,2517.609521,4654.010335,23,191.6151539,534.3665255,725.9816794,12.8016
"1392","6037",-0.0605241941155987,-0.0380067103928632,0.128296470681816,2111072,"QULA",19.7,"A",21.9,"A",0,0,0,94,0,0,0,0,0,0,0,0,0,0,0,0,0,0,5.008219178,1,376.6848131,0.037668481,0.030480517,0.439277899,14.3523351,1541.343896,8980.266162,10521.61006,18,114.0657809,903.8540214,1017.919802,14.0208
"1393","6053",0.141820474539664,-0.0924678640940139,-0.066388701780212,2113016,"QULA",9.5,"A",11,"AU",2,2,0,93,0,0,1,0,0,0,0,0,0,0,0,0,0,0,5.008219178,0,95.03317777,0.009503318,0.007088218,0.299507659,4.822271683,0,5551.162803,5551.162803,13,0,772.1406198,772.1406198,14.0208
"1394","606",0.324957131347939,0.124944802107763,-0.125018220055958,319007,"QULA",12.3,"A",12.7,"AU",3,3,0,32,1,1,1,0,0,0,0,0,0,0,0,0,0,0,5.44109589,0,126.6768698,0.012667687,0.011882289,0.073514602,1.443455839,512.4330317,2751.893793,3264.326825,14,45.11213011,407.0558198,452.1679499,12.8016
"1395","6076",-0.0390203139482908,0.122167394906561,0.131092107811762,2115003,"QULA",13.9,"A",14.7,"AU",0,0,0,81,0,1,0,0,0,0,0,0,0,0,0,0,0,0,5.008219178,1,169.7166891,0.016971669,0.015174678,0.159737418,3.588083776,675.1596772,7917.166916,8592.326593,18,220.2981526,727.2684565,947.5666092,13.716
"1396","6078",-0.0390203139482907,0.122167394906561,0.131092107811762,2115005,"QULA",12.6,"A",14.9,"AU",0,0,0,84,0,1,0,0,0,0,0,0,0,0,0,0,0,0,5.008219178,1,174.3662463,0.017436625,0.012468981,0.459245077,9.918981592,670.5101201,5992.941416,6663.451536,15,246.5220854,583.9065377,830.428623,13.716
"1397","6079",-0.0605241941155987,-0.0380067103928632,0.128296470681816,2115006,"QULA",10.8,"A",11.9,"A",0,0,0,100,0,0,0,0,0,0,0,0,0,0,0,0,0,0,5.008219178,1,111.2202339,0.011122023,0.009160884,0.21963895,3.915841428,820.2462799,5068.001561,5888.247841,16,237.7678565,431.7615985,669.5294549,13.716
"1398","6080",0.0625235631014813,0.110622867623045,0.12830303941008,2115008,"QULA",9.2,"A",9.4,"AU",1,1,0,86,0,1,0,0,0,0,0,0,0,0,0,0,0,0,5.008219178,1,69.39778172,0.006939778,0.00664761,0.039934354,0.583377257,862.0687321,4261.114904,5123.183636,14,338.184926,373.8220416,712.0069676,13.716
"1399","6081",-0.0605241941155987,-0.0380067103928632,0.128296470681816,2115009,"QULA",11.3,"A",13,"A",0,0,0,97,0,0,0,0,0,0,0,0,0,0,0,0,0,0,5.008219178,1,132.7322896,0.013273229,0.010028749,0.339442013,6.478310349,952.6722642,4366.798081,5319.470345,16,280.5189775,379.9107493,660.4297268,13.716
"1400","6082",0.117557564541603,0.122409496218446,0.141257953763488,2115010,"QULA",8.3,"A",8.5,"AU",1,3,0,65,0,1,0,0,0,0,0,0,0,0,0,0,0,0,5.008219178,1,56.74501731,0.005674502,0.005410608,0.039934354,0.526921394,874.7214965,4890.101023,5764.822519,17,322.3996537,409.8312816,732.2309354,13.716
"1401","6083",0.212950961013701,0.117676369900747,0.118842799691223,2115011,"QULA",12.4,"A",12.9,"AU",2,1,0,67,0,1,1,0,0,0,0,0,0,0,0,0,0,0,5.008219178,1,130.6981084,0.013069811,0.012076282,0.099835886,1.983796318,714.1782579,5895.905473,6610.083731,18,160.458078,526.9071483,687.3652263,13.716
"1402","609",-0.0432144612113425,-0.0200570436837264,-0.00877080400674634,319010,"QULA",3.1,"A",5.6,"A",0,0,0,95,0,0,0,0,0,0,0,0,0,0,0,0,0,0,5.44109589,0,24.6300864,0.002463009,0.000754768,0.459466264,3.13951645,1824.927611,3017.287686,4842.215297,24,246.7771028,304.404067,551.1811698,11.8872
"1403","6093",-0.0432144612113428,-0.0200570436837268,-0.0087708040067465,2115025,"QULA",7.9,"A",8.7,"A",0,0,0,100,0,0,0,0,0,0,0,0,0,0,0,0,0,0,5.008219178,0,59.44678699,0.005944679,0.00490167,0.159737418,2.08259408,0,6097.242292,6097.242292,27,0,682.5032048,682.5032048,13.716
"1404","61",-0.0383873819401651,0.10011198935303,-0.0211765268763413,105035,"QULA",13.4,"A",14.2,"AU",0,0,0,74,0,1,0,0,0,0,0,0,0,0,0,0,0,0,5.55890411,0,158.3676857,0.015836769,0.014102609,0.143913258,3.11960615,1286.639271,3584.172373,4870.811644,26,100.7325939,351.950275,452.6828689,10.9728
"1405","610",0.0212395459122681,-0.0333448175932699,-0.0103431934648927,319012,"QULA",38.6,"A",39.1,"AU",1,1,0,87,0,0,0,0,0,0,0,0,0,0,0,0,0,0,5.44109589,0,1200.724566,0.120072457,0.117021185,0.091893253,5.607825935,1480.114255,1424.570897,2904.685152,9,126.0429422,103.6069642,229.6499064,12.192
"1406","611",0.0212395459122681,-0.0333448175932699,-0.0103431934648927,319014,"QULA",6,"A",6.6,"AU",1,1,0,100,0,0,0,0,0,0,0,0,0,0,0,0,0,0,5.44109589,0,34.211944,0.003421194,0.002827433,0.110271903,1.091252614,1257.524561,2410.842494,3668.367056,12,113.6653021,247.8432884,361.5085905,12.192
"1407","617",-0.0432144612113425,-0.0200570436837264,-0.00877080400674634,319020,"QULA",36.8,"A",39.4,"A",0,0,0,87,0,0,0,0,0,0,0,0,0,0,0,0,0,0,5.44109589,0,1219.220693,0.121922069,0.106361761,0.477844914,28.59774708,0,3254.98844,3254.98844,9,0,349.0276648,349.0276648,11.8872
"1408","6220",0.040208409937107,0.0885191601261961,-0.0186259122466658,2119002,"QULA",13.7,"A",14.2,"AU",1,1,0,67,0,1,0,0,0,0,0,0,0,0,0,0,0,0,5.010958904,0,158.3676857,0.015836769,0.014741138,0.099781301,2.186468616,616.663222,4996.176899,5612.840121,13,79.88092192,487.4329761,567.313898,13.1064
"1409","6221",-0.0432144612113428,-0.0200570436837268,-0.0087708040067465,2119003,"QULA",10.9,"A",11.5,"A",0,0,0,94,0,0,0,0,0,0,0,0,0,0,0,0,0,0,5.010958904,0,103.8689071,0.010386891,0.009331316,0.119737562,2.106533204,1028.431771,7062.92075,8091.352521,27,193.2780597,611.0237529,804.3018126,13.1064
"1410","6230",-0.0432144612113428,-0.0200570436837268,-0.0087708040067465,2119013,"QULA",12,"A",13.6,"A",0,0,0,99,0,0,0,0,0,0,0,0,0,0,0,0,0,0,5.010958904,0,145.2672443,0.014526724,0.011309734,0.319300164,6.419910717,1281.86405,4852.386203,6134.250253,27,175.1389424,509.2677692,684.4067117,13.1064
"1411","6234",0.103724019563242,0.113958790831347,-0.0428128446141785,2119018,"QULA",5.8,"A",6.1,"AU",2,1,0,72,1,1,0,0,0,0,0,0,0,0,0,0,0,0,5.010958904,0,29.22466566,0.002922467,0.002642079,0.059868781,0.559547882,715.3327932,6996.428941,7711.761735,30,81.15526449,758.6999517,839.8552161,13.716
"1412","6236",0.141820474539664,-0.092467864094014,-0.0663887017802121,2119022,"QULA",14.4,"A",16.7,"AU",2,2,0,93,0,0,1,0,0,0,0,0,0,0,0,0,0,0,5.010958904,0,219.0396938,0.021903969,0.016286016,0.458993986,11.21133334,707.0075727,6751.502524,7458.510097,38,104.4574888,656.9620085,761.4194973,13.716
"1413","6238",0.266043681545381,0.1142714502383,-0.105724431260648,2119024,"QULA",7.4,"A",7.7,"AU",2,2,0,64,1,1,1,0,0,0,0,0,0,0,0,0,0,0,5.010958904,0,46.56625711,0.004656626,0.00430084,0.059868781,0.71001454,879.4810094,6997.559915,7877.040924,39,291.195271,655.9874181,947.1826891,13.716
"1414","6245",-0.0432144612113428,-0.0200570436837269,-0.00877080400674648,2119032,"QULA",7.9,"A",8.2,"A",0,0,0,95,0,0,0,0,0,0,0,0,0,0,0,0,0,0,5.010958904,0,52.81017251,0.005281017,0.00490167,0.059868781,0.75703537,1120.244816,5284.614374,6404.859191,35,176.4275111,1038.655665,1215.083176,14.0208
"1415","6251",-0.0432144612113428,-0.0200570436837269,-0.00877080400674648,2119039,"QULA",17.2,"A",17.9,"A",0,0,0,97,0,0,0,0,0,0,0,0,0,0,0,0,0,0,5.010958904,0,251.6494255,0.025164943,0.023235219,0.139693822,3.851006014,1145.793819,6190.249143,7336.042961,36,127.7807235,654.3973158,782.1780393,14.0208
"1416","6254",0.192505250851568,0.0957867794805618,-0.0746046502248156,2119042,"QULA",8.1,"A",8.2,"AU",2,2,0,93,0,1,1,0,0,0,0,0,0,0,0,0,0,0,5.010958904,0,52.81017251,0.005281017,0.005152997,0.01995626,0.255479845,947.8813354,5556.527072,6504.408408,36,138.0442555,875.6134345,1013.65769,14.0208
"1417","6255",-0.0432144612113428,-0.0200570436837269,-0.00877080400674649,2119043,"QULA",12,"A",12.8,"A",0,0,0,94,0,0,0,0,0,0,0,0,0,0,0,0,0,0,5.010958904,0,128.6796351,0.012867964,0.011309734,0.159650082,3.109644254,622.8757214,6616.626097,7239.501819,36,67.68023992,828.2697731,895.950013,14.0208
"1418","628",0.141820474539665,-0.0924678640940124,-0.0663887017802114,319035,"QULA",43.7,"A",43.7,"AU",2,2,0,58,0,0,1,0,0,0,0,0,0,0,0,0,0,0,5.44109589,0,1499.867019,0.149986702,0.149986702,0,0,315.4787343,3049.685361,3365.164095,23,37.61090957,321.4787653,359.0896749,11.8872
"1419","6284",0.0710159497793705,0.0888308641454015,-0.0246215488820211,2119088,"QULA",9.7,"A",9.9,"AU",1,2,0,67,0,1,0,0,0,0,0,0,0,0,0,0,0,0,5.010958904,0,76.97687399,0.007697687,0.007389811,0.039912521,0.614405518,949.7034592,6150.16242,7099.865879,21,246.2560455,525.5545142,771.8105596,13.1064
"1420","6286",0.266043681545381,0.1142714502383,-0.105724431260648,2119091,"QULA",13.5,"A",13.7,"AU",2,2,0,22,1,1,1,0,0,0,0,0,0,0,0,0,0,0,5.010958904,0,147.4113813,0.014741138,0.014313882,0.039912521,0.852644392,879.2689519,6161.377906,7040.646858,20,203.3920628,526.1761038,729.5681666,13.1064
"1421","6287",-0.0432144612113428,-0.0200570436837269,-0.00877080400674647,2119092,"QULA",13.4,"A",13.5,"A",0,0,0,96,0,0,0,0,0,0,0,0,0,0,0,0,0,0,5.010958904,0,143.1388153,0.014313882,0.014102609,0.01995626,0.421620113,936.3516904,6109.596605,7045.948296,21,188.1347625,525.6034398,713.7382022,13.1064
"1422","629",-0.0432144612113425,-0.0200570436837264,-0.00877080400674634,319036,"QULA",1.7,"A",2.1,"A",0,0,0,100,0,0,0,0,0,0,0,0,0,0,0,0,0,0,5.44109589,0,3.463605901,0.000346361,0.00022698,0.073514602,0.219405288,1972.488217,1529.311596,3501.799813,26,270.8692487,149.4392159,420.3084647,11.8872
"1423","630",-0.0432144612113425,-0.0200570436837264,-0.00877080400674634,319037,"QULA",1,"A",2.9,"A",0,0,0,100,0,0,0,0,0,0,0,0,0,0,0,0,0,0,5.44109589,0,6.605198554,0.00066052,7.85398163397448e-05,0.349194361,1.069600777,1969.346625,1489.719674,3459.066299,25,275.5168975,145.6657511,421.1826486,11.8872
"1424","631",-0.0432144612113425,-0.0200570436837264,-0.00877080400674634,319039,"QULA",1.2,"A",1.9,"A",0,0,0,100,0,0,0,0,0,0,0,0,0,0,0,0,0,0,5.44109589,0,2.83528737,0.000283529,0.000113097,0.128650554,0.313229917,1973.116536,2082.066969,4055.183505,23,316.6672056,184.7855014,501.4527069,11.8872
"1425","6315",-0.0432144612113428,-0.0200570436837269,-0.00877080400674647,2121031,"QULA",24.5,"A",24.1,"A",0,0,0,100,0,0,0,0,0,0,0,0,0,0,0,0,0,0,5.010958904,0,456.1671073,0.045616711,0.047143525,-0.079825041,-3.046949813,0,4110.28704,4110.28704,23,0,501.4711888,501.4711888,13.1064
"1426","632",-0.0432144612113425,-0.0200570436837264,-0.00877080400674634,319040,"QULA",3.9,"A",5.5,"A",0,0,0,100,0,0,0,0,0,0,0,0,0,0,0,0,0,0,5.44109589,0,23.75829444,0.002375829,0.001194591,0.294058409,2.170957582,2151.024928,1436.414701,3587.439629,26,300.4658368,151.5206101,451.9864469,11.8872
"1427","6324",-0.0432144612113428,-0.0200570436837269,-0.00877080400674647,2121042,"QULA",9.4,"A",9.7,"A",0,0,0,100,0,0,0,0,0,0,0,0,0,0,0,0,0,0,5.010958904,0,73.89811319,0.007389811,0.006939778,0.059868781,0.898097862,446.1846966,4451.471857,4897.656553,13,42.12880323,477.4936494,519.6224527,13.4112
"1428","633",-0.0432144612113425,-0.0200570436837264,-0.00877080400674634,319041,"QULA",1.4,"A",3,"A",0,0,0,100,0,0,0,0,0,0,0,0,0,0,0,0,0,0,5.44109589,0,7.068583471,0.000706858,0.000153938,0.294058409,1.016192911,2167.714639,3506.944171,5674.65881,27,350.0669146,284.9741912,635.0411058,11.8872
"1429","634",-0.0383873819401652,0.10011198935303,-0.0211765268763414,319042,"QULA",13.4,"A",14,"AU",0,0,0,71,0,1,0,0,0,0,0,0,0,0,0,0,0,0,5.44109589,0,153.93804,0.015393804,0.014102609,0.110271903,2.373041399,2027.450381,3601.953787,5629.404168,30,240.7914455,315.1523235,555.943769,11.8872
"1430","6340",-0.0432144612113428,-0.0200570436837269,-0.00877080400674647,2123018,"QULA",10,"A",11.8,"A",0,0,0,100,0,0,0,0,0,0,0,0,0,0,0,0,0,0,5.010958904,0,109.3588403,0.010935884,0.007853982,0.359212685,6.150324623,1257.728765,4985.071369,6242.800134,18,112.9002574,421.0049845,533.9052418,12.192
"1431","6345",0.0268778981805106,-0.0512461823590913,0.121384398192313,2123023,"QULA",13.3,"A",18.7,"AU",1,1,0,100,0,0,0,0,0,0,0,0,0,0,0,0,0,0,5.010958904,1,274.6458838,0.027464588,0.013892908,1.077638054,27.08399834,1174.154546,3922.443362,5096.597908,18,105.8836278,395.7637088,501.6473365,12.192
"1432","6347",-0.0390203139482908,0.122167394906561,0.131092107811762,2123026,"QULA",9.8,"A",10.2,"AU",0,0,0,72,0,1,0,0,0,0,0,0,0,0,0,0,0,0,5.010958904,1,81.71282492,0.008171282,0.007542964,0.079825041,1.253888812,2004.948724,2772.801092,4777.749816,17,172.4966849,400.8039045,573.3005895,12.192
"1433","6349",0.194646928581264,-0.111317008674675,0.11547999223786,2123031,"QULA",11.2,"A",12.7,"AU",2,2,0,100,0,0,1,0,0,0,0,0,0,0,0,0,0,0,5.010958904,1,126.6768698,0.012667687,0.009852035,0.299343904,5.618989239,886.1097699,4362.973191,5249.082961,17,112.6137747,459.7509263,572.364701,12.192
"1434","635",-0.0432144612113425,-0.0200570436837264,-0.00877080400674634,319044,"QULA",3.4,"A",5.4,"A",0,0,0,100,0,0,0,0,0,0,0,0,0,0,0,0,0,0,5.44109589,0,22.90221044,0.002290221,0.00090792,0.367573011,2.540482277,2151.881012,3157.277055,5309.158067,26,320.0781863,282.6306581,602.7088444,11.8872
"1435","6351",0.105276677421283,-0.0874858680623099,0.112117943009772,2123034,"QULA",15.1,"A",15.3,"AU",1,1,0,100,0,0,1,0,0,0,0,0,0,0,0,0,0,0,5.010958904,1,183.8538561,0.018385386,0.017907864,0.039912521,0.952955497,1376.826542,3462.333556,4839.160098,18,173.3568342,392.6379142,565.9947484,12.192
"1436","6354",0.183859717863994,-0.121371662758381,0.166146826206578,2123038,"QULA",31.4,"A",31.9,"AU",3,3,0,63,1,0,0,0,0,0,0,0,0,0,0,0,0,0,5.010958904,1,799.2290251,0.079922903,0.077437117,0.099781301,4.960697612,819.2880941,3503.959658,4323.247752,18,77.36134965,396.4594361,473.8207857,12.192
"1437","636",-0.0432144612113425,-0.0200570436837264,-0.00877080400674634,319045,"QULA",4.1,"A",5.4,"A",0,0,0,97,0,0,0,0,0,0,0,0,0,0,0,0,0,0,5.44109589,0,22.90221044,0.002290221,0.001320254,0.238922457,1.782667961,2158.486211,3212.694749,5371.18096,28,343.2417915,303.2441327,646.4859242,11.8872
"1438","6363",-0.0432144612113428,-0.0200570436837269,-0.00877080400674649,2301003,"QULA",15.8,"A",16.6,"A",0,0,0,95,0,0,0,0,0,0,0,0,0,0,0,0,0,0,4.98630137,0,216.4243179,0.021642432,0.01960668,0.16043956,4.08268953,1414.062269,3655.266614,5069.328884,40,174.8857884,382.2366723,557.1224607,12.8016
"1439","6365",-0.0383873819401656,0.100111989353029,-0.0211765268763412,2301005,"QULA",9,"A",9,"AU",0,0,0,70,0,1,0,0,0,0,0,0,0,0,0,0,0,0,4.98630137,0,63.61725124,0.006361725,0.006361725,0,0,1746.521312,3680.595705,5427.117017,40,306.4076734,434.8995553,741.3072287,12.8016
"1440","6366",-0.0432144612113428,-0.0200570436837269,-0.00877080400674649,2301006,"QULA",9.4,"A",9.5,"A",0,0,0,100,0,0,0,0,0,0,0,0,0,0,0,0,0,0,4.98630137,0,70.88218425,0.007088218,0.006939778,0.020054945,0.297696112,1708.083926,3234.104703,4942.188629,37,271.9642489,422.4408056,694.4050544,12.8016
"1441","6367",-0.0383873819401656,0.100111989353029,-0.0211765268763412,2301018,"QULA",18.9,"A",19.5,"AU",0,0,0,80,0,1,0,0,0,0,0,0,0,0,0,0,0,0,4.98630137,0,298.6476516,0.029864765,0.028055208,0.12032967,3.62905736,1126.143157,3803.015717,4929.158873,35,117.1183841,513.9342626,631.0526467,12.192
"1442","6368",0.0485611169091077,-0.043056642075817,-0.0155121250291677,2301034,"QULA",6.7,"A",7,"AU",2,1,0,88,0,0,0,0,0,0,0,0,0,0,0,0,0,0,4.98630137,0,38.48451001,0.003848451,0.003525652,0.060164835,0.647370909,1968.490541,2800.0387,4768.529241,33,267.3062997,296.2197209,563.5260206,12.192
"1443","6369",-0.0432144612113428,-0.0200570436837269,-0.00877080400674649,2301039,"QULA",9.1,"A",9.9,"A",0,0,0,94,0,0,0,0,0,0,0,0,0,0,0,0,0,0,4.98630137,0,76.97687399,0.007697687,0.006503882,0.16043956,2.394169786,2064.497612,2800.0387,4864.536313,35,270.6046272,271.2070539,541.8116811,12.192
"1444","6370",0.0485611169091077,-0.043056642075817,-0.0155121250291677,2301047,"QULA",8.5,"A",8.7,"AU",2,1,0,86,0,0,0,0,0,0,0,0,0,0,0,0,0,0,4.98630137,0,59.44678699,0.005944679,0.005674502,0.04010989,0.541838425,1947.528264,3672.427564,5619.955828,37,279.3096569,310.0358607,589.3455175,12.192
"1445","6371",-0.0102760787350004,-0.0249701991717412,-0.00922952053995914,2301065,"QULA",1.1,"A",2.5,"AU",1,0,0,100,0,0,0,0,0,0,0,0,0,0,0,0,0,0,4.98630137,0,4.908738521,0.000490874,9.50331777710913e-05,0.280769231,0.793856297,1818.283142,2751.312598,4569.59574,35,266.3565502,266.3253659,532.6819162,12.192
"1446","6374",-0.0432144612113428,-0.0200570436837269,-0.00877080400674649,2301075,"QULA",5.5,"A",6.3,"A",0,0,0,95,0,0,0,0,0,0,0,0,0,0,0,0,0,0,4.98630137,0,31.17245311,0.003117245,0.002375829,0.16043956,1.486905446,2166.096719,1836.323738,4002.420457,44,255.7959952,151.2124916,407.0084868,11.8872
"1447","6375",-0.0102760787350004,-0.0249701991717412,-0.00922952053995914,2301076,"QULA",8,"A",8.7,"AU",1,0,0,92,0,0,0,0,0,0,0,0,0,0,0,0,0,0,4.98630137,0,59.44678699,0.005944679,0.005026548,0.140384615,1.841305579,2501.367487,2614.59834,5115.965827,49,267.5308925,211.3337953,478.8646879,11.8872
"1448","6379",0.0212395459122677,-0.0333448175932702,-0.0103431934648927,2301081,"QULA",1.1,"A",2.5,"AU",1,1,0,98,0,0,0,0,0,0,0,0,0,0,0,0,0,0,4.98630137,0,4.908738521,0.000490874,9.50331777710913e-05,0.280769231,0.793856297,2117.951811,4667.150046,6785.101857,50,211.0706879,397.7505608,608.8212487,11.8872
"1449","6381",-0.0432144612113428,-0.0200570436837269,-0.00877080400674649,2301083,"QULA",1.3,"A",1.8,"A",0,0,0,90,0,0,0,0,0,0,0,0,0,0,0,0,0,0,4.98630137,0,2.544690049,0.000254469,0.000132732,0.100274725,0.244142314,1820.647191,2944.442007,4765.089197,38,251.8786613,273.76259,525.6412513,12.192
"1450","6382",-0.0432144612113428,-0.0200570436837269,-0.00877080400674649,2301084,"QULA",1.2,"A",1.7,"A",0,0,0,95,0,0,0,0,0,0,0,0,0,0,0,0,0,0,4.98630137,0,2.269800692,0.00022698,0.000113097,0.100274725,0.228391197,1820.92208,2944.442007,4765.364087,38,246.2263103,276.8674714,523.0937817,12.192
"1451","6383",-0.0432144612113428,-0.0200570436837269,-0.00877080400674649,2301085,"QULA",1.2,"A",1.7,"A",0,0,0,90,0,0,0,0,0,0,0,0,0,0,0,0,0,0,4.98630137,0,2.269800692,0.00022698,0.000113097,0.100274725,0.228391197,2321.134316,2281.707328,4602.841645,46,249.599944,179.4264331,429.0263772,11.8872
"1452","6384",0.0212395459122677,-0.0333448175932702,-0.0103431934648927,2301089,"QULA",11.1,"A",12.7,"AU",1,1,0,95,0,0,0,0,0,0,0,0,0,0,0,0,0,0,4.98630137,0,126.6768698,0.012667687,0.009676891,0.320879121,5.998025359,1355.290925,5641.915561,6997.206485,41,133.8769448,735.6457344,869.5226792,12.4968
"1453","6392",0.0402084099371069,0.0885191601261961,-0.0186259122466658,2301099,"QULA",15.5,"A",17.1,"AU",1,1,0,85,0,1,0,0,0,0,0,0,0,0,0,0,0,0,4.98630137,0,229.658277,0.022965828,0.018869191,0.320879121,8.215782634,1287.134072,5887.226823,7174.360895,37,160.9754867,970.4514565,1131.426943,12.4968
"1454","6393",-0.0383873819401656,0.100111989353029,-0.0211765268763412,2301100,"QULA",3,"A",4.5,"AU",0,0,0,100,0,1,0,0,0,0,0,0,0,0,0,0,0,0,4.98630137,0,15.90431281,0.001590431,0.000706858,0.300824176,1.772000664,2137.822385,3535.501248,5673.323633,45,326.6356788,294.6837216,621.3194003,12.4968
"1455","6394",-0.0432144612113428,-0.0200570436837269,-0.00877080400674649,2301101,"QULA",2,"A",3.1,"A",0,0,0,100,0,0,0,0,0,0,0,0,0,0,0,0,0,0,4.98630137,0,7.54767635,0.000754768,0.000314159,0.220604396,0.883637664,2420.824905,2691.72444,5112.549345,42,307.9688314,233.4948228,541.4636542,12.4968
"1456","6395",-0.0432144612113429,-0.0200570436837269,-0.00877080400674649,2301102,"QULA",12.3,"A",14.8,"A",0,0,0,90,0,0,0,0,0,0,0,0,0,0,0,0,0,0,4.98630137,0,172.0336137,0.017203361,0.011882289,0.501373626,10.67138178,1857.003272,3423.849046,5280.852317,45,202.5022631,307.1484172,509.6506804,12.4968
"1457","6397",-0.0432144612113429,-0.0200570436837269,-0.00877080400674649,2301104,"QULA",2.1,"A",3,"A",0,0,0,100,0,0,0,0,0,0,0,0,0,0,0,0,0,0,4.98630137,0,7.068583471,0.000706858,0.000346361,0.180494505,0.722976271,2021.968302,3430.917629,5452.885931,46,467.9704087,318.3774121,786.3478208,12.4968
"1458","6399",-0.0102760787350004,-0.0249701991717412,-0.00922952053995915,2301106,"QULA",2.9,"A",3.9,"AU",1,0,0,100,0,0,0,0,0,0,0,0,0,0,0,0,0,0,4.98630137,0,11.94590607,0.001194591,0.00066052,0.200549451,1.071075957,2186.768398,2309.329782,4496.09818,40,249.0163085,207.9043162,456.9206247,12.192
"1459","6400",-0.0432144612113429,-0.0200570436837269,-0.0087708040067465,2301107,"QULA",15.8,"A",17.8,"A",0,0,0,92,0,0,0,0,0,0,0,0,0,0,0,0,0,0,4.98630137,0,248.8455541,0.024884555,0.01960668,0.401098901,10.58475063,2264.192949,3847.092262,6111.285211,42,223.4400656,650.6873437,874.1274093,12.4968
"1460","6401",-0.0383873819401656,0.100111989353029,-0.0211765268763412,2301110,"QULA",3.1,"A",3.3,"AU",0,0,0,50,0,1,0,0,0,0,0,0,0,0,0,0,0,0,4.98630137,0,8.552985999,0.000855299,0.000754768,0.04010989,0.201614298,1814.638895,2930.587583,4745.226478,37,246.0572076,284.6821769,530.7393845,12.192
"1461","6406",-0.0432144612113429,-0.0200570436837269,-0.0087708040067465,2303003,"QULA",9.9,"A",10.6,"A",0,0,0,100,0,0,0,0,0,0,0,0,0,0,0,0,0,0,4.887671233,0,88.24733764,0.008824734,0.007697687,0.143217489,2.30589643,951.6198307,1901.967316,2853.587147,14,105.0951814,160.7107431,265.8059245,13.4112
"1462","6407",0.06426092198507,-0.0606717395291684,0.121525335991129,2303004,"QULA",9.3,"A",11.5,"AU",2,1,0,100,0,0,0,0,0,0,0,0,0,0,0,0,0,0,4.887671233,1,103.8689071,0.010386891,0.006792909,0.450112108,7.353158231,1096.722141,1901.967316,2998.689458,18,94.28986192,241.3777319,335.6675938,13.4112
"1463","6409",-0.0432144612113429,-0.0200570436837269,-0.0087708040067465,2303015,"QULA",14,"A",15.7,"A",0,0,0,95,0,0,0,0,0,0,0,0,0,0,0,0,0,0,4.887671233,0,193.5927933,0.019359279,0.015393804,0.347813901,8.11322026,1931.223398,1215.969145,3147.192542,17,180.9875627,112.9922448,293.9798076,13.4112
"1464","6410",0.0170938656178219,-0.0919340953135253,0.157943056673912,2303050,"QULA",27.1,"A",29,"AU",1,1,0,90,0,0,0,0,0,1,0,0,0,0,0,0,0,0,4.887671233,1,660.5198554,0.066051986,0.057680427,0.388733184,17.12790944,1828.878163,1996.757021,3825.635184,20,195.0270548,209.0669495,404.0940043,12.8016
"1465","6412",0.0625235631014814,0.110622867623045,0.12830303941008,2303053,"QULA",15.3,"A",15,"AU",1,1,0,50,0,1,0,0,0,0,0,0,0,0,0,0,0,0,4.887671233,1,176.7145868,0.017671459,0.018385386,-0.061378924,-1.460668888,2384.704444,3136.055597,5520.76004,25,383.4894841,418.9195987,802.4090829,12.8016
"1466","6413",-0.0432144612113429,-0.0200570436837269,-0.00877080400674651,2303054,"QULA",2.3,"A",3.9,"A",0,0,0,100,0,0,0,0,0,0,0,0,0,0,0,0,0,0,4.887671233,0,11.94590607,0.001194591,0.000415476,0.32735426,1.594041295,2086.308119,1915.138444,4001.446563,16,325.5112806,217.2441955,542.7554762,12.8016
"1467","6415",-0.0390203139482909,0.122167394906561,0.131092107811762,2303056,"QULA",22.9,"A",24.4,"AU",0,0,0,92,0,1,0,0,0,0,0,0,0,0,0,0,0,0,4.887671233,1,467.5946506,0.046759465,0.041187065,0.306894619,11.40093043,1957.557798,2476.054104,4433.611902,20,250.1922694,453.2605376,703.452807,12.8016
"1468","6417",0.0625235631014814,0.110622867623045,0.12830303941008,2303058,"QULA",4,"A",4.4,"AU",1,1,0,87,0,1,0,0,0,0,0,0,0,0,0,0,0,0,4.887671233,1,15.20530844,0.001520531,0.001256637,0.081838565,0.539917213,2142.071389,1270.098786,3412.170175,13,345.0958283,111.0430347,456.138863,13.4112
"1469","6418",-0.0605241941155987,-0.0380067103928631,0.128296470681815,2303059,"QULA",5.1,"A",6.1,"A",0,0,0,95,0,0,0,0,0,0,0,0,0,0,0,0,0,0,4.887671233,1,29.22466566,0.002922467,0.002042821,0.204596413,1.799724043,1886.502827,4281.401738,6167.904565,33,295.4482524,444.6707615,740.1190138,12.4968
"1470","6419",0.0268778981805106,-0.0512461823590913,0.121384398192313,2303060,"QULA",22.7,"A",25.4,"AU",1,1,0,95,0,0,0,0,0,0,0,0,0,0,0,0,0,0,4.887671233,1,506.7074791,0.050670748,0.040470782,0.552410314,20.86876441,1397.074107,4524.372514,5921.446621,32,142.2132314,473.2807072,615.4939386,12.4968
"1471","6420",-0.0390203139482909,0.122167394906561,0.131092107811762,2303061,"QULA",9.6,"A",10.4,"AU",0,0,0,80,0,1,0,0,0,0,0,0,0,0,0,0,0,0,4.887671233,1,84.94866535,0.008494867,0.007238229,0.16367713,2.571034347,1837.266216,1270.098786,3107.365002,12,233.2600231,107.6957557,340.9557788,13.4112
"1472","6424",0.0268778981805106,-0.0512461823590913,0.121384398192313,2303066,"QULA",4.1,"A",4.8,"AU",1,1,0,100,0,0,0,0,0,0,0,0,0,0,0,0,0,0,4.887671233,1,18.09557368,0.001809557,0.001320254,0.143217489,1.001096499,1282.091816,4770.461321,6052.553136,30,159.7782551,456.5843062,616.3625613,12.4968
"1473","6425",0.0268778981805106,-0.0512461823590913,0.121384398192313,2303067,"QULA",8.5,"A",7.8,"AU",1,1,0,97,0,0,0,0,0,0,0,0,0,0,0,0,0,0,4.887671233,1,47.78362426,0.004778362,0.005674502,-0.143217489,-1.833468868,980.3104256,2594.366483,3574.676909,19,101.8243046,364.4310538,466.2553585,12.4968
"1474","6426",-0.0390203139482909,0.122167394906561,0.131092107811762,2303068,"QULA",4.6,"A",4.9,"AU",0,0,0,70,0,1,0,0,0,0,0,0,0,0,0,0,0,0,4.887671233,1,18.8574099,0.001885741,0.001661903,0.061378924,0.457965493,1853.822409,2629.623007,4483.445416,23,188.0555365,385.9173637,573.9729002,12.4968
"1475","6427",0.00147120506802949,-0.0860148359327529,0.164374658841185,2303071,"QULA",12.3,"A",12.7,"AU",1,1,0,83,0,0,0,0,0,0,0,0,1,0,0,0,0,0,4.887671233,1,126.6768698,0.012667687,0.011882289,0.081838565,1.606896467,1692.564458,2356.96418,4049.528638,14,158.3030267,166.5356501,324.8386767,13.1064
"1476","643",-0.0432144612113425,-0.0200570436837264,-0.00877080400674634,321008,"QULA",2,"A",4.2,"A",0,0,0,100,0,0,0,0,0,0,0,0,0,0,0,0,0,0,5.438356164,0,13.8544236,0.001385442,0.000314159,0.404534005,1.96986564,1338.224223,686.791424,2025.015647,16,108.0396813,59.08530951,167.1249908,11.8872
"1477","6432",0.0154730195733712,-0.0345633975905651,-0.0147495839768904,2305001,"QULA",7,"A",8.2,"AU",2,0,0,100,0,0,0,0,0,0,0,0,0,0,0,0,0,0,4.865753425,0,52.81017251,0.005281017,0.003848451,0.246621622,2.944181764,2045.585225,3647.294823,5692.880048,23,208.8247952,634.5131963,843.3379914,14.0208
"1478","6433",-0.0432144612113429,-0.0200570436837269,-0.00877080400674653,2305002,"QULA",23.9,"A",23.9,"A",0,0,0,100,0,0,0,0,0,0,0,0,0,0,0,0,0,0,4.865753425,0,448.6272849,0.044862728,0.044862728,0,0,845.0805698,5420.087703,6265.168273,23,83.32267245,769.1348044,852.4574769,14.0208
"1479","6439",-0.0432144612113429,-0.0200570436837269,-0.00877080400674653,2305045,"QULA",20.2,"A",22.7,"A",0,0,0,100,0,0,0,0,0,0,0,0,0,0,0,0,0,0,4.865753425,0,404.7078196,0.040470782,0.032047387,0.513795045,17.31159508,1065.887409,3484.222602,4550.110012,31,76.96136401,359.2607647,436.2221287,14.0208
"1480","6443",-0.0432144612113429,-0.0200570436837269,-0.00877080400674653,2305054,"QULA",3.6,"A",4.3,"A",0,0,0,100,0,0,0,0,0,0,0,0,0,0,0,0,0,0,4.865753425,0,14.52201204,0.001452201,0.001017876,0.143862613,0.892616511,1245.091708,5620.976846,6866.068554,30,182.5263424,500.3447406,682.8710831,13.1064
"1481","6444",-0.121866100020847,-0.0488467001632339,-0.033287444317234,2305055,"QULA",8.5,"A",9.3,"AU",0,0,0,90,0,0,0,0,0,0,0,0,0,0,0,0,1,0,4.865753425,0,67.92908715,0.006792909,0.005674502,0.164414414,2.298527868,777.7483853,6262.662853,7040.411238,27,137.8707194,533.1900368,671.0607562,13.1064
"1482","6445",-0.0432144612113429,-0.0200570436837269,-0.00877080400674653,2305056,"QULA",8.4,"A",8.9,"A",0,0,0,100,0,0,0,0,0,0,0,0,0,0,0,0,0,0,4.865753425,0,62.21138852,0.006221139,0.005541769,0.102759009,1.396226549,1084.304996,5620.976846,6705.281842,29,168.8814129,501.204727,670.08614,13.1064
"1483","6446",-0.0683108667975619,-0.0418557233500825,-0.0355707369132506,2305057,"QULA",3.1,"A",3.4,"AU",0,0,0,80,1,0,0,0,0,0,0,0,0,0,0,0,0,0,4.865753425,0,9.079202769,0.00090792,0.000754768,0.061655405,0.314756274,691.3310254,5313.085058,6004.416083,22,123.066718,503.9402808,627.0069988,13.1064
"1484","6449",-0.0432144612113429,-0.0200570436837269,-0.00877080400674653,2305060,"QULA",7,"A",7.3,"A",0,0,0,100,0,0,0,0,0,0,0,0,0,0,0,0,0,0,4.865753425,0,41.85386813,0.004185387,0.003848451,0.061655405,0.692463803,554.6874529,4313.296758,4867.984211,19,111.6262535,555.2544856,666.8807391,13.1064
"1485","6450",-0.0432144612113429,-0.0200570436837269,-0.00877080400674653,2305061,"QULA",18.7,"A",19.9,"A",0,0,0,100,0,0,0,0,0,0,0,0,0,0,0,0,0,0,4.865753425,0,311.0255267,0.031102553,0.027464588,0.246621622,7.476672111,656.9777097,5311.663487,5968.641197,25,70.2438542,544.8458759,615.0897301,13.1064
"1486","6455",-0.0432144612113429,-0.0200570436837269,-0.00877080400674653,2305066,"QULA",9.9,"A",10.7,"A",0,0,0,100,0,0,0,0,0,0,0,0,0,0,0,0,0,0,4.865753425,0,89.92023573,0.008992024,0.007697687,0.164414414,2.66009405,1615.328403,4513.054927,6128.383329,28,185.8564561,802.7159423,988.5723984,13.716
"1487","6459",0.0339643235744533,0.0924836662874148,-0.0233862229711248,2305072,"QULA",13.1,"A",13.6,"AU",2,0,0,80,0,1,0,0,0,0,0,0,0,0,0,0,0,0,4.865753425,0,145.2672443,0.014526724,0.013478218,0.102759009,2.154869877,1833.991105,4538.391871,6372.382977,31,231.4560388,842.3272931,1073.783332,13.716
"1488","6460",-0.0432144612113429,-0.0200570436837269,-0.00877080400674653,2305073,"QULA",11.5,"A",12,"A",0,0,0,98,0,0,0,0,0,0,0,0,0,0,0,0,0,0,4.865753425,0,113.0973355,0.011309734,0.010386891,0.102759009,1.896608318,2193.538531,4653.452702,6846.991233,31,271.8447595,632.0849983,903.9297578,13.716
"1489","6461",-0.0432144612113429,-0.0200570436837269,-0.00877080400674653,2305074,"QULA",11.2,"A",12,"A",0,0,0,90,0,0,0,0,0,0,0,0,0,0,0,0,0,0,4.865753425,0,113.0973355,0.011309734,0.009852035,0.164414414,2.995834076,1495.07609,5795.947849,7291.023938,27,178.5008812,683.3977342,861.8986154,13.716
"1490","6462",-0.0383873819401656,0.100111989353029,-0.0211765268763412,2305075,"QULA",19.1,"A",19.2,"AU",0,0,0,80,0,1,0,0,0,0,0,0,0,0,0,0,0,0,4.865753425,0,289.529179,0.028952918,0.02865211,0.020551802,0.618213605,1636.518445,4485.424619,6121.943064,24,215.4695134,503.8682329,719.3377464,13.716
"1491","6465",-0.0432144612113429,-0.0200570436837269,-0.00877080400674653,2305078,"QULA",14.3,"A",15.8,"A",0,0,0,93,0,0,0,0,0,0,0,0,0,0,0,0,0,0,4.865753425,0,196.0667975,0.01960668,0.016060607,0.308277027,7.287818346,2094.861105,4788.313421,6883.174526,31,275.4663394,504.2809401,779.7472796,13.716
"1492","6469",-0.0432144612113429,-0.0200570436837269,-0.00877080400674653,2305082,"QULA",11.7,"A",12.3,"A",0,0,0,100,0,0,0,0,0,0,0,0,0,0,0,0,0,0,4.865753425,0,118.8228881,0.011882289,0.010751315,0.123310811,2.324354024,1969.087443,3539.820938,5508.908382,26,276.2133852,384.640985,660.8543702,13.716
"1493","6470",-0.0102760787350005,-0.0249701991717412,-0.00922952053995914,2305083,"QULA",19.2,"A",21.1,"AU",1,0,0,92,0,0,0,0,0,0,0,0,0,0,0,0,0,0,4.865753425,0,349.6671163,0.034966712,0.028952918,0.390484234,12.3594297,1882.654376,2483.483971,4366.138346,25,179.6388078,408.1281417,587.7669495,13.716
"1494","6473",-0.0432144612113429,-0.0200570436837269,-0.00877080400674653,2305087,"QULA",14.9,"A",16.2,"A",0,0,0,100,0,0,0,0,0,0,0,0,0,0,0,0,0,0,4.865753425,0,206.119894,0.020611989,0.017436625,0.267173423,6.52594675,1588.915462,4334.463238,5923.378701,27,208.6075626,461.3119537,669.9195163,13.716
"1495","6476",-0.0432144612113429,-0.0200570436837269,-0.00877080400674653,2305094,"QULA",18.7,"A",20.3,"A",0,0,0,73,0,0,0,0,0,0,0,0,0,0,0,0,0,0,4.865753425,0,323.6547292,0.032365473,0.027464588,0.328828829,10.07220077,1372.114153,4737.482452,6109.596605,25,150.9232644,520.0285875,670.9518519,13.716
"1496","648",-0.0383873819401652,0.10011198935303,-0.0211765268763414,321016,"QULA",2.8,"A",2.9,"AU",0,0,0,20,0,1,0,0,0,0,0,0,0,0,0,0,0,0,5.438356164,0,6.605198554,0.00066052,0.000615752,0.018387909,0.082318432,536.2777199,1069.460971,1605.738691,13,107.511033,146.8101973,254.3212303,12.8016
"1497","6480",-0.0432144612113429,-0.0200570436837269,-0.00877080400674653,2307002,"QULA",11.2,"A",11.7,"A",0,0,0,100,0,0,0,0,0,0,0,0,0,0,0,0,0,0,4.865753425,0,107.5131546,0.010751315,0.009852035,0.102759009,1.848184276,1884.138778,4063.956403,5948.095181,27,411.4434154,371.269238,782.7126534,14.0208
"1498","6481",0.000253085746628603,0.0949616375296093,-0.0203896171408549,2307003,"QULA",12.1,"A",12.8,"AU",0,1,0,83,0,1,0,0,0,0,0,0,0,0,0,0,0,0,4.865753425,0,128.6796351,0.012867964,0.011499015,0.143862613,2.81343685,2299.268831,5017.092052,7316.360883,33,208.1656919,535.3448408,743.5105327,14.0208
"1499","6483",-0.0383873819401656,0.100111989353029,-0.0211765268763412,2307005,"QULA",19.9,"A",20.7,"AU",0,0,0,90,0,1,0,0,0,0,0,0,0,0,0,0,0,0,4.865753425,0,336.535259,0.033653526,0.031102553,0.164414414,5.242709632,1874.391987,5243.907187,7118.299174,31,268.4108806,445.5414099,713.9522905,14.0208
"1500","6485",-0.0432144612113429,-0.0200570436837269,-0.00877080400674653,2307007,"QULA",9.7,"A",10.7,"A",0,0,0,100,0,0,0,0,0,0,0,0,0,0,0,0,0,0,4.865753425,0,89.92023573,0.008992024,0.007389811,0.205518018,3.292834867,2004.108348,4427.006704,6431.115051,28,449.3294155,406.7397288,856.0691442,14.0208
"1501","6486",-0.0383873819401656,0.100111989353029,-0.0211765268763412,2307009,"QULA",21.7,"A",22.3,"AU",0,0,0,85,0,1,0,0,0,0,0,0,0,0,0,0,0,0,4.865753425,0,390.5706527,0.039057065,0.036983614,0.123310811,4.261315711,1536.042458,4395.920644,5931.963102,26,256.6211774,459.9492958,716.5704732,14.0208
"1502","6497",-0.0432144612113429,-0.0200570436837269,-0.00877080400674653,2307053,"QULA",14.2,"A",14.9,"A",0,0,0,90,0,0,0,0,0,0,0,0,0,0,0,0,0,0,4.865753425,0,174.3662463,0.017436625,0.015836769,0.143862613,3.287992463,2046.347061,4762.929352,6809.276413,24,204.5687649,550.7257591,755.2945241,13.716
"1503","650",-0.0383873819401652,0.10011198935303,-0.0211765268763414,321018,"QULA",14.1,"A",15.4,"AU",0,0,0,92,0,1,0,0,0,0,0,0,0,0,0,0,0,0,5.438356164,0,186.2650284,0.018626503,0.015614501,0.239042821,5.538441885,552.2291566,1087.556545,1639.785701,19,54.16940513,124.8696964,179.0391015,11.8872
"1504","6500",-0.0432144612113429,-0.0200570436837269,-0.00877080400674653,2307056,"QULA",8.4,"A",9.1,"A",0,0,0,100,0,0,0,0,0,0,0,0,0,0,0,0,0,0,4.865753425,0,65.03882191,0.006503882,0.005541769,0.143862613,1.977315055,1302.645686,4485.456035,5788.101721,26,285.4013864,634.7298638,920.1312503,13.716
"1505","6503",0.000253085746628601,0.0949616375296094,-0.0203896171408549,2307059,"QULA",11.5,"A",11.7,"AU",0,1,0,60,0,1,0,0,0,0,0,0,0,0,0,0,0,0,4.865753425,0,107.5131546,0.010751315,0.010386891,0.041103604,0.748958519,1012.700246,7044.346083,8057.046329,23,142.122282,900.5603932,1042.682675,13.716
"1506","6504",-0.0432144612113429,-0.0200570436837269,-0.00877080400674653,2307060,"QULA",21.1,"A",23.4,"A",0,0,0,82,0,0,0,0,0,0,0,0,0,0,0,0,0,0,4.865753425,0,430.0526183,0.043005262,0.034966712,0.472691441,16.52066905,1754.658037,4565.605918,6320.263954,31,189.7731691,674.5587668,864.331936,13.716
"1507","6506",-0.0432144612113429,-0.0200570436837269,-0.00877080400674653,2307062,"QULA",5,"A",6.3,"A",0,0,0,100,0,0,0,0,0,0,0,0,0,0,0,0,0,0,4.865753425,0,31.17245311,0.003117245,0.001963495,0.267173423,2.371163932,2242.35888,4988.157984,7230.516864,33,310.1087695,501.3609818,811.4697514,13.716
"1508","651",-0.0432144612113425,-0.0200570436837264,-0.00877080400674634,321019,"QULA",1.7,"A",4,"A",0,0,0,99,0,0,0,0,0,0,0,0,0,0,0,0,0,0,5.438356164,0,12.56637061,0.001256637,0.00022698,0.422921914,1.89332394,599.2509447,2003.110892,2602.361837,19,153.3176863,189.1954678,342.5131541,11.8872
"1509","6512",0.00140265207779261,0.0934709252610172,-0.0193403460192344,2307068,"QULA",18.1,"A",18.6,"AU",1,0,0,100,0,1,0,0,0,0,0,0,0,0,0,0,0,0,4.865753425,0,271.7163486,0.027171635,0.025730429,0.102759009,2.961937246,1894.30183,6227.469161,8121.770992,33,282.7937346,550.6697341,833.4634687,14.0208
"1510","6513",0.0339643235744533,0.0924836662874148,-0.0233862229711249,2307069,"QULA",6,"A",6.1,"AU",2,0,0,80,0,1,0,0,0,0,0,0,0,0,0,0,0,0,4.865753425,0,29.22466566,0.002922467,0.002827433,0.020551802,0.195310303,2017.114541,5227.704423,7244.818964,30,299.0616264,472.0881455,771.1497719,13.716
"1511","6514",-0.0432144612113429,-0.0200570436837269,-0.00877080400674653,2307070,"QULA",7.7,"A",7.9,"A",0,0,0,100,0,0,0,0,0,0,0,0,0,0,0,0,0,0,4.865753425,0,49.01669938,0.00490167,0.004656626,0.041103604,0.503610039,1942.635233,5014.830105,6957.465338,29,415.1821215,433.2436348,848.4257563,14.0208
"1512","652",-0.0432144612113425,-0.0200570436837264,-0.00877080400674634,321021,"QULA",11.1,"A",14.3,"A",0,0,0,100,0,0,0,0,0,0,0,0,0,0,0,0,0,0,5.438356164,0,160.6060704,0.016060607,0.009676891,0.588413098,11.73831959,448.9100283,3249.412113,3698.322142,20,39.98921426,331.3515827,371.3407969,11.8872
"1513","6521",-0.0605241941155988,-0.0380067103928629,0.128296470681815,2309048,"QULA",12.3,"A",13.7,"A",0,0,0,100,0,0,0,0,0,0,0,0,0,0,0,0,0,0,4.852054795,1,147.4113813,0.014741138,0.011882289,0.288537549,5.892038396,1730.884034,3198.604706,4929.488741,34,195.3119123,747.0042278,942.3161401,14.0208
"1514","6524",-0.0432144612113429,-0.0200570436837269,-0.00877080400674654,2309051,"QULA",11.3,"A",12.2,"A",0,0,0,100,0,0,0,0,0,0,0,0,0,0,0,0,0,0,4.868493151,0,116.8986626,0.011689866,0.010028749,0.184862127,3.411973816,1203.724787,4887.579895,6091.304682,28,117.0985945,1002.711923,1119.810518,14.0208
"1515","6537",0.0268778981805106,-0.0512461823590913,0.121384398192313,2309068,"QULA",23,"A",26.8,"AU",1,1,0,100,0,0,0,0,0,0,0,0,0,0,0,0,0,0,4.868493151,1,564.1043769,0.056410438,0.041547563,0.780528981,30.52869622,1010.20268,4088.806401,5099.00908,30,87.66010581,409.1011679,496.7612737,14.0208
"1516","6540",-0.0432144612113429,-0.0200570436837269,-0.00877080400674654,2309071,"QULA",14.3,"A",15.4,"A",0,0,0,100,0,0,0,0,0,0,0,0,0,0,0,0,0,0,4.868493151,0,186.2650284,0.018626503,0.016060607,0.2259426,5.270410619,1694.97563,4208.391125,5903.366755,31,199.9985526,502.8115081,702.8100607,14.0208
"1517","6549",-0.0936966760708568,-0.0508565503064957,0.148439959077423,2309081,"QULA",23.2,"A",25.3,"AU",0,0,1,90,0,0,0,0,0,0,0,0,0,0,0,0,0,0,4.868493151,1,502.7255104,0.050272551,0.042273271,0.431344963,16.43071079,2963.692116,3059.722749,6023.414865,35,282.9072312,750.578514,1033.485745,14.0208
"1518","6550",-0.039020313948291,0.122167394906561,0.131092107811762,2309082,"QULA",12,"A",13.6,"AU",0,0,0,85,0,1,0,0,0,0,0,0,0,0,0,0,0,0,4.868493151,1,145.2672443,0.014526724,0.011309734,0.328643782,6.607775297,2913.882164,3853.406863,6767.289027,31,925.921626,376.0569604,1301.978586,14.0208
"1519","6551",-0.0432144612113429,-0.0200570436837269,-0.00877080400674654,2309083,"QULA",17.5,"A",19.8,"A",0,0,0,100,0,0,0,0,0,0,0,0,0,0,0,0,0,0,4.868493151,0,307.907496,0.03079075,0.024052819,0.472425436,13.83986921,2767.860938,3853.406863,6621.267801,32,1212.416936,370.7753568,1583.192293,14.0208
"1520","6552",-0.0432144612113429,-0.0200570436837269,-0.00877080400674654,2309084,"QULA",17.3,"A",21.4,"A",0,0,0,95,0,0,0,0,0,0,0,0,0,0,0,0,0,0,4.868493151,0,359.6809429,0.035968094,0.023506182,0.84214969,25.59706314,2716.087491,3853.406863,6569.494354,32,1140.192825,369.8668901,1510.059715,14.0208
"1521","6557",0.0212395459122677,-0.0333448175932702,-0.0103431934648928,2309089,"QULA",26.7,"A",28.2,"AU",1,1,0,90,0,0,0,0,0,0,0,0,0,0,0,0,0,0,4.868493151,0,624.5800355,0.062458004,0.05599025,0.308103545,13.28491933,2360.875463,3086.096419,5446.971883,30,203.5347796,335.0908949,538.6256745,14.0208
"1522","6559",-0.0432144612113429,-0.0200570436837269,-0.00877080400674654,2311001,"QULA",18,"A",19.8,"A",0,0,0,95,0,0,0,0,0,0,0,0,0,0,0,0,0,0,4.868493151,0,307.907496,0.03079075,0.0254469,0.369724254,10.97639236,2484.803439,2220.116404,4704.919844,29,270.0439695,189.1894048,459.2333742,14.3256
"1523","6562",-0.0432144612113429,-0.0200570436837269,-0.00877080400674654,2311021,"QULA",15.3,"A",16,"A",0,0,0,80,0,0,0,0,0,0,0,0,0,0,0,0,0,0,4.868493151,0,201.0619298,0.020106193,0.018385386,0.143781654,3.534579022,3523.979457,1348.905638,4872.885095,30,491.9612877,175.4300456,667.3913332,14.0208
"1524","6563",-0.0432144612113429,-0.0200570436837269,-0.00877080400674654,2311022,"QULA",10.2,"A",11.1,"A",0,0,0,100,0,0,0,0,0,0,0,0,0,0,0,0,0,0,4.868493151,0,96.76890771,0.009676891,0.008171282,0.184862127,3.092554991,3285.650385,3479.690855,6765.34124,33,445.116388,392.3686977,837.4850857,14.0208
"1525","6565",-0.0432144612113429,-0.0200570436837269,-0.00877080400674654,2311025,"QULA",32.9,"A",34.5,"A",0,0,0,100,0,0,0,0,0,0,0,0,0,0,0,0,0,0,4.868493151,0,934.820164,0.093482016,0.085012283,0.328643782,17.3970334,2448.78508,1895.589883,4344.374963,34,332.7817275,210.9084748,543.6902023,14.0208
"1526","6566",-0.0432144612113429,-0.0200570436837269,-0.00877080400674654,2311027,"QULA",17.4,"A",18.3,"A",0,0,0,95,0,0,0,0,0,0,0,0,0,0,0,0,0,0,4.868493151,0,263.0219909,0.026302199,0.023778715,0.184862127,5.183296394,3388.027035,2866.349867,6254.376903,36,352.5416759,398.7749983,751.3166742,14.0208
"1527","6567",-0.0432144612113429,-0.0200570436837269,-0.00877080400674654,2311028,"QULA",11.8,"A",13.4,"A",0,0,0,100,0,0,0,0,0,0,0,0,0,0,0,0,0,0,4.868493151,0,141.0260942,0.014102609,0.010935884,0.328643782,6.504528808,4513.204152,2692.305634,7205.509786,37,990.7993488,319.6606551,1310.460004,14.0208
"1528","6568",-0.0102760787350005,-0.0249701991717412,-0.00922952053995914,2311029,"QULA",17.8,"A",19.7,"AU",1,0,0,100,0,0,0,0,0,0,0,0,0,0,0,0,0,0,4.868493151,0,304.8051732,0.030480517,0.024884555,0.390264491,11.49423803,4349.425073,2723.509503,7072.934576,39,689.4992135,315.5389577,1005.038171,14.0208
"1529","6569",0.0212395459122677,-0.0333448175932702,-0.0103431934648928,2311030,"QULA",22.4,"A",22.9,"AU",1,1,0,95,0,0,0,0,0,0,0,0,0,0,0,0,0,0,4.868493151,0,411.8706509,0.041187065,0.039408138,0.102701182,3.653957775,3352.542746,1961.202046,5313.744792,40,533.9863423,196.175784,730.1621264,14.0208
"1530","6572",-0.0432144612113429,-0.0200570436837269,-0.00877080400674654,2311034,"QULA",11.1,"A",12.3,"A",0,0,0,100,0,0,0,0,0,0,0,0,0,0,0,0,0,0,4.868493151,0,118.8228881,0.011882289,0.009676891,0.246482836,4.529939705,3580.543833,2796.119563,6376.663397,41,551.6997694,263.5312125,815.2309819,14.0208
"1531","6573",-0.0432144612113429,-0.0200570436837269,-0.00877080400674654,2311036,"QULA",6,"A",6.5,"A",0,0,0,100,0,0,0,0,0,0,0,0,0,0,0,0,0,0,4.868493151,0,33.1830724,0.003318307,0.002827433,0.102701182,1.008266494,3762.834747,2188.417735,5951.252481,36,487.4829146,286.8128814,774.295796,14.0208
"1532","6574",-0.0102760787350005,-0.0249701991717412,-0.00922952053995915,2311037,"QULA",8.7,"A",9.4,"AU",1,0,0,100,0,0,0,0,0,0,0,0,0,0,0,0,0,0,4.868493151,0,69.39778172,0.006939778,0.005944679,0.143781654,2.043957837,3223.894527,2045.349605,5269.244132,35,394.2576486,302.8387555,697.096404,14.0208
"1533","6575",0.00469763960886292,0.12461467361094,-0.0412666759538861,2311038,"QULA",4.3,"A",5.1,"AU",1,0,0,93,1,1,0,0,0,0,0,0,0,0,0,0,0,0,4.868493151,0,20.42820623,0.002042821,0.001452201,0.164321891,1.213146246,3803.628327,2399.603447,6203.231774,38,439.618366,307.1759371,746.7943031,14.0208
"1534","6577",-0.0432144612113429,-0.0200570436837269,-0.00877080400674654,2311040,"QULA",10.4,"A",10.9,"A",0,0,0,100,0,0,0,0,0,0,0,0,0,0,0,0,0,0,4.868493151,0,93.31315579,0.009331316,0.008494867,0.102701182,1.718086106,2682.15829,2212.568728,4894.727018,36,312.9008445,279.670039,592.5708836,14.0208
"1535","6579",0.0212395459122677,-0.0333448175932702,-0.0103431934648928,2311044,"QULA",3.4,"A",4.4,"AU",1,1,0,90,0,0,0,0,0,0,0,0,0,0,0,0,0,0,4.868493151,0,15.20530844,0.001520531,0.00090792,0.205402364,1.258316585,2693.169572,2087.713982,4780.883554,35,274.7949071,384.6501244,659.4450315,14.0208
"1536","6581",-0.0432144612113429,-0.0200570436837269,-0.00877080400674654,2311046,"QULA",3.9,"A",4.6,"A",0,0,0,100,0,0,0,0,0,0,0,0,0,0,0,0,0,0,4.868493151,0,16.61902514,0.001661903,0.001194591,0.143781654,0.959869703,3526.27282,1723.485584,5249.758404,38,344.201981,323.3398119,667.5417928,14.0208
"1537","6583",0.00469763960886292,0.12461467361094,-0.0412666759538861,2311048,"QULA",12.5,"A",13.1,"AU",1,0,0,85,1,1,0,0,0,0,0,0,0,0,0,0,0,0,4.868493151,0,134.7821788,0.013478218,0.012271846,0.123241418,2.477915736,3756.29238,2325.124139,6081.416519,48,384.7203369,250.7339977,635.4543346,14.0208
"1538","6584",-0.0432144612113429,-0.0200570436837269,-0.00877080400674654,2311049,"QULA",4.1,"A",5.7,"A",0,0,0,100,0,0,0,0,0,0,0,0,0,0,0,0,0,0,4.868493151,0,25.51758633,0.002551759,0.001320254,0.328643782,2.529538981,867.9435104,2911.557386,3779.500896,33,93.60048628,298.0428673,391.6433536,14.0208
"1539","6585",-0.124660362515124,-0.0527426716465483,-0.0651749365955119,2311050,"QULA",3.8,"A",3.5,"AU",0,0,0,70,1,0,0,0,1,0,0,0,0,0,0,0,0,0,4.868493151,0,9.621127502,0.000962113,0.001134115,-0.061620709,-0.35329658,883.8399692,2885.60783,3769.447799,33,111.7210158,288.9605491,400.6815649,14.0208
"1540","6590",0.0212395459122677,-0.0333448175932703,-0.0103431934648928,2311062,"QULA",4.8,"A",5.5,"AU",1,1,0,100,0,0,0,0,0,0,0,0,0,0,0,0,0,0,4.868493151,0,23.75829444,0.002375829,0.001809557,0.143781654,1.163136228,2768.096557,1154.763066,3922.859623,39,257.7834404,762.6826861,1020.466127,14.0208
"1541","6598",0.16835915363,0.158786785546402,-0.0782029503436883,2311071,"QULA",16.5,"A",17.1,"AU",2,2,0,65,1,1,0,0,1,0,0,0,0,0,0,0,0,0,4.868493151,0,229.658277,0.022965828,0.021382465,0.123241418,3.252264404,973.7523509,2052.072613,3025.824964,29,125.4061424,332.4664805,457.8726229,14.0208
"1542","6600",-0.0432144612113429,-0.0200570436837269,-0.00877080400674652,2311073,"QULA",1.2,"A",1.1,"A",0,0,0,100,0,0,0,0,0,0,0,0,0,0,0,0,0,0,4.868493151,0,0.950331778,9.50331777710913e-05,0.000113097,-0.020540236,-0.037104207,2684.593024,1203.410628,3888.003652,30,382.8407157,192.1919541,575.0326698,14.0208
"1543","6601",0.0212395459122677,-0.0333448175932703,-0.0103431934648928,2311074,"QULA",2.1,"A",2.1,"AU",1,1,0,90,0,0,0,0,0,0,0,0,0,0,0,0,0,0,4.868493151,0,3.463605901,0.000346361,0.000346361,0,0,2666.968689,1126.433754,3793.402443,27,417.0786315,159.9071822,576.9858136,14.0208
"1544","6602",-0.0432144612113429,-0.0200570436837269,-0.00877080400674653,2311075,"QULA",3.1,"A",5.1,"A",0,0,0,100,0,0,0,0,0,0,0,0,0,0,0,0,0,0,4.868493151,0,20.42820623,0.002042821,0.000754768,0.410804727,2.645691281,2635.929754,3149.030374,5784.960128,29,441.5638253,292.854486,734.4183113,14.0208
"1545","6603",-0.0432144612113429,-0.0200570436837269,-0.00877080400674653,2311076,"QULA",3.5,"A",4.8,"A",0,0,0,100,0,0,0,0,0,0,0,0,0,0,0,0,0,0,4.868493151,0,18.09557368,0.001809557,0.000962113,0.267023073,1.740671276,2785.57952,1192.415054,3977.994574,29,402.9237667,145.0522738,547.9760405,14.0208
"1546","6604",0.0154730195733712,-0.0345633975905652,-0.0147495839768903,2311077,"QULA",10.6,"A",10.6,"AU",2,0,0,100,0,0,0,0,0,0,0,0,0,0,0,0,0,0,4.868493151,0,88.24733764,0.008824734,0.008824734,0,0,1559.596549,3829.365825,5388.962374,30,169.543278,344.8144384,514.3577164,14.0208
"1547","6605",0.0212395459122677,-0.0333448175932703,-0.0103431934648928,2311078,"QULA",14.5,"A",14.6,"AU",1,1,0,100,0,0,0,0,0,0,0,0,0,0,0,0,0,0,4.868493151,0,167.4154725,0.016741547,0.016512996,0.020540236,0.46944888,2367.57491,4161.259381,6528.834291,28,400.890353,355.8214145,756.7117675,14.0208
"1548","6606",-0.0432144612113429,-0.0200570436837269,-0.00877080400674653,2311079,"QULA",14.2,"A",15.7,"A",0,0,0,100,0,0,0,0,0,0,0,0,0,0,0,0,0,0,4.868493151,0,193.5927933,0.019359279,0.015836769,0.308103545,7.235320363,2460.220477,3125.27208,5585.492557,27,405.5538301,277.4601681,683.0139982,14.0208
"1549","6620",-0.043214461211343,-0.0200570436837269,-0.00877080400674652,2313033,"QULA",27.1,"A",28.4,"A",0,0,0,100,0,0,0,0,0,0,0,0,0,0,0,0,0,0,4.868493151,0,633.4707427,0.063347074,0.057680427,0.267023073,11.63942841,359.9951022,4080.096335,4440.091437,17,80.22714003,450.045615,530.2727551,14.0208
"1550","6622",-0.0683108667975619,-0.0418557233500826,-0.0355707369132505,2313035,"QULA",9.9,"A",11,"AU",0,0,0,90,1,0,0,0,0,0,0,0,0,0,0,0,0,0,4.868493151,0,95.03317777,0.009503318,0.007697687,0.2259426,3.708807472,898.4326671,4941.740952,5840.173619,19,250.1177164,432.2370549,682.3547713,14.0208
"1551","6623",0.00140265207779257,0.0934709252610172,-0.0193403460192343,2313036,"QULA",14,"A",15,"AU",1,0,0,90,0,1,0,0,0,0,0,0,0,0,0,0,0,0,4.868493151,0,176.7145868,0.017671459,0.015393804,0.205402364,4.678356533,816.7512581,3721.860525,4538.611783,18,206.9070733,362.2394091,569.1464824,14.0208
"1552","6638",0.0212395459122677,-0.0333448175932703,-0.0103431934648928,2313057,"QULA",20.9,"A",21.4,"AU",1,1,0,100,0,0,0,0,0,0,0,0,0,0,0,0,0,0,4.868493151,0,359.6809429,0.035968094,0.034306977,0.102701182,3.411973816,179.0786352,6773.642898,6952.721534,28,18.21183164,751.2693838,769.4812155,14.0208
"1553","6647",0.0212395459122677,-0.0333448175932703,-0.0103431934648928,2313066,"QULA",14.6,"A",15.1,"AU",1,1,0,100,0,0,0,0,0,0,0,0,0,0,0,0,0,0,4.868493151,0,179.0786352,0.017907864,0.016741547,0.102701182,2.39564119,1388.898112,7070.177829,8459.075941,39,112.8291519,889.9648998,1002.794052,14.0208
"1554","667",-0.0383873819401652,0.10011198935303,-0.0211765268763414,323016,"QULA",27.8,"A",29.3,"AU",0,0,0,94,0,1,0,0,0,0,0,0,0,0,0,0,0,0,5.438356164,0,674.2564693,0.067425647,0.060698712,0.27581864,12.36942757,1371.407295,2529.712506,3901.119801,10,233.6058102,267.8552479,501.4610582,11.8872
"1555","668",0.201820276481247,-0.160645016824749,-0.111492572626218,323017,"QULA",36.1,"A",39.3,"AU",3,2,0,90,0,0,1,0,0,1,0,0,0,0,0,0,0,0,5.438356164,0,1213.039609,0.121303961,0.102353874,0.588413098,34.84524793,832.624155,2945.486586,3778.110741,10,176.6982565,251.9397452,428.6380017,11.8872
"1556","6681",0.211055221472315,-0.132872761779354,0.195485885858084,2315105,"QULA",9.6,"A",10.5,"AU",3,3,0,80,1,0,0,0,1,0,0,0,0,0,0,0,0,0,4.868493151,1,86.59014751,0.008659015,0.007238229,0.184862127,2.918326541,608.9820279,4042.059502,4651.04153,13,55.47752643,841.6099747,897.0875012,13.716
"1557","6683",0.148310494231709,0.110340733623649,0.13283097932961,2315108,"QULA",11.6,"A",11.7,"AU",2,2,0,70,0,1,0,0,0,0,0,0,0,0,0,0,0,0,4.868493151,1,107.5131546,0.010751315,0.010568318,0.020540236,0.375881749,153.93804,7799.977656,7953.915696,19,20.30347444,1174.178695,1194.482169,13.716
"1558","6684",0.0123310739890004,0.115811555947166,0.127852668008519,2315109,"QULA",13.6,"A",14,"AU",1,0,0,80,0,1,0,0,0,0,0,0,0,0,0,0,0,0,4.868493151,1,153.93804,0.015393804,0.014526724,0.082160945,1.781001935,1381.130524,7176.198727,8557.329251,13,126.3789082,1060.863052,1187.24196,13.716
"1559","6689",0.221453405018856,-0.126107033186264,0.1234149080898,2317001,"QULA",12.5,"A",13.5,"AU",3,2,0,90,0,0,1,0,0,0,0,0,0,0,0,0,0,0,4.81369863,1,143.1388153,0.014313882,0.012271846,0.207740467,4.242133506,165.1299639,6629.29457,6794.424534,27,22.3117283,707.6832588,729.9949871,13.716
"1560","669",0.0103016112460859,-0.0669551692580097,-0.0443367288980339,323018,"QULA",12.5,"A",14.2,"AU",0,2,0,8,1,0,0,0,0,0,0,0,0,0,0,0,0,0,5.438356164,0,158.3676857,0.015836769,0.012271846,0.312594458,6.555146732,1887.296079,2263.83952,4151.135599,8,519.7357339,208.402484,728.1382178,11.8872
"1561","6703",-0.0432144612113429,-0.0200570436837269,-0.00877080400674651,2317067,"QULA",12.4,"A",13.4,"A",0,0,0,95,0,0,0,0,0,0,0,0,0,0,0,0,0,0,4.81369863,0,141.0260942,0.014102609,0.012076282,0.207740467,4.20950171,1632.261587,4091.571002,5723.832589,21,437.7530973,460.9321956,898.6852929,13.716
"1562","6705",0.141820474539664,-0.0924678640940144,-0.0663887017802125,2317070,"QULA",31,"A",34.1,"AU",2,2,0,90,0,0,1,0,0,0,0,0,0,0,0,0,0,0,4.81369863,0,913.2688384,0.091326884,0.075476764,0.643995447,32.92711396,561.3711913,6755.947878,7317.319069,20,95.11315709,625.0050545,720.1182116,13.716
"1563","6707",-0.0383873819401657,0.100111989353029,-0.0211765268763411,2317080,"QULA",10.1,"A",10.4,"AU",0,0,0,90,0,1,0,0,0,0,0,0,0,0,0,0,0,0,4.81369863,0,84.94866535,0.008494867,0.008011847,0.06232214,1.003427733,1140.88508,3643.359978,4784.245058,13,115.1037137,429.6091317,544.7128454,13.716
"1564","6716",-0.0102760787350005,-0.0249701991717412,-0.00922952053995912,2317096,"QULA",13.6,"A",14.5,"AU",1,0,0,90,0,0,0,0,0,0,0,0,0,0,0,0,0,0,4.81369863,0,165.1299639,0.016512996,0.014526724,0.18696642,4.12629063,143.1388153,8485.363218,8628.502033,20,19.34036853,975.1726872,994.5130557,13.716
"1565","6745",-0.0605241941155987,-0.0380067103928628,0.128296470681815,2319043,"QULA",8.2,"A",9.9,"A",0,0,0,100,0,0,0,0,0,0,0,0,0,0,0,0,0,0,4.81369863,1,76.97687399,0.007697687,0.005281017,0.353158793,5.020401846,490.8738521,6998.313897,7489.187749,33,80.42039243,755.3470511,835.7674436,14.0208
"1566","6749",0.105276677421283,-0.0874858680623097,0.112117943009772,2319049,"QULA",23.2,"A",25,"AU",1,1,0,90,0,0,1,0,0,0,0,0,0,0,0,0,0,0,4.81369863,1,490.8738521,0.049087385,0.042273271,0.37393284,14.15567319,76.97687399,9107.107966,9184.08484,27,12.61120426,925.6355805,938.2467848,14.0208
"1567","677",-0.0432144612113425,-0.0200570436837264,-0.00877080400674633,501005,"QULA",5.2,"A",6,"A",0,0,0,100,0,0,0,0,0,0,0,0,0,0,0,0,0,0,5.44109589,0,28.27433388,0.002827433,0.002123717,0.147029204,1.293336432,4.908738521,4494.700171,4499.60891,17,0.479938808,442.4911524,442.9710912,12.192
"1568","680",0.0154730195733715,-0.0345633975905645,-0.01474958397689,501010,"QULA",2.2,"A",2.5,"AU",2,0,0,100,0,0,0,0,0,0,0,0,0,0,0,0,0,0,5.44109589,0,4.908738521,0.000490874,0.000380133,0.055135952,0.203527273,28.27433388,4044.965475,4073.239809,9,2.764447532,350.057818,352.8222655,12.192
"1569","698",0.0268778981805111,-0.0512461823590906,0.121384398192313,503004,"QULA",4.9,"A",4.1,"AU",1,1,0,95,0,0,0,0,0,0,0,0,0,0,0,0,0,0,5.44109589,1,13.20254313,0.001320254,0.001885741,-0.147029204,-1.039288204,652.587334,2961.862138,3614.449472,19,78.43829201,299.2278882,377.6661802,11.8872
"1570","702",-0.0432144612113425,-0.0200570436837264,-0.00877080400674632,503010,"QULA",3.1,"A",3.4,"A",0,0,0,99,0,0,0,0,0,0,0,0,0,0,0,0,0,0,5.44109589,0,9.079202769,0.00090792,0.000754768,0.055135952,0.281473889,573.6234026,2563.680977,3137.30438,19,54.22510812,218.471257,272.6963651,11.8872
"1571","703",0.0268778981805111,-0.0512461823590906,0.121384398192313,503012,"QULA",4.4,"A",4.5,"AU",1,1,0,99,0,0,0,0,0,0,0,0,0,0,0,0,0,0,5.44109589,1,15.90431281,0.001590431,0.001520531,0.018378651,0.12846757,381.5621357,1614.57442,1996.136556,15,31.32216321,175.1854349,206.5075981,11.8872
"1572","704",0.0489340034040684,-0.0738134666573853,0.145499562637674,503014,"QULA",9.1,"A",9.6,"AU",1,1,0,95,1,0,0,0,0,0,0,0,0,0,0,0,0,0,5.44109589,1,72.38229474,0.007238229,0.006503882,0.091893253,1.34963121,524.1747343,1717.697199,2241.871934,18,59.11699153,150.5894941,209.7064857,11.8872
"1573","706",-0.0432144612113425,-0.0200570436837264,-0.00877080400674633,503017,"QULA",2.8,"A",3.1,"A",0,0,0,97,0,0,0,0,0,0,0,0,0,0,0,0,0,0,5.44109589,0,7.54767635,0.000754768,0.000615752,0.055135952,0.255491684,589.0093526,2966.810146,3555.819499,22,88.2260842,256.5547169,344.7808011,11.8872
"1574","708",-0.0160244577199245,-0.0426346407482653,0.122762133488253,503024,"QULA",18.1,"A",19.3,"AU",1,0,0,95,0,0,0,0,0,0,0,0,0,0,0,0,0,0,5.44109589,1,292.5529619,0.029255296,0.025730429,0.220543807,6.478229806,290.801524,6730.398875,7021.200399,27,25.44368781,802.5253603,827.9690481,12.192
"1575","710",0.0992518162468033,-0.0723213065808395,0.12320724701658,503026,"QULA",13.9,"A",14.8,"AU",2,2,0,78,0,0,0,0,0,0,0,0,0,0,0,0,0,0,5.44109589,1,172.0336137,0.017203361,0.015174678,0.165407855,3.728446432,786.3092253,3956.765261,4743.074487,29,74.1463979,350.7238123,424.8702102,12.192
"1576","714",0.0268778981805111,-0.0512461823590906,0.121384398192313,503031,"QULA",3,"A",4.2,"AU",1,1,0,98,0,0,0,0,0,0,0,0,0,0,0,0,0,0,5.44109589,1,13.8544236,0.001385442,0.000706858,0.220543807,1.247145845,899.0924015,6281.355329,7180.447731,33,101.5190479,682.2731411,783.792189,12.192
"1577","734",0.0992518162468033,-0.0723213065808396,0.12320724701658,503060,"QULA",13.6,"A",14.8,"AU",2,2,0,90,0,0,0,0,0,0,0,0,0,0,0,0,0,0,5.438356164,1,172.0336137,0.017203361,0.014526724,0.220654912,4.921775735,302.3861469,7818.583739,8120.969886,41,65.60767274,1087.044026,1152.651699,12.192
"1578","739",-0.0160244577199245,-0.0426346407482654,0.122762133488253,503067,"QULA",16.9,"A",19,"AU",1,0,0,96,0,0,0,0,0,0,0,0,0,0,0,0,0,0,5.438356164,1,283.528737,0.028352874,0.022431757,0.386146096,10.88769579,190.8910236,7474.995604,7665.886628,40,41.10020261,940.7583352,981.8585378,12.192
"1579","74",-0.0383873819401651,0.10011198935303,-0.0211765268763413,105055,"QULA",6.6,"A",7,"AU",0,0,0,92,0,1,0,0,0,0,0,0,0,0,0,0,0,0,5.55890411,0,38.48451001,0.003848451,0.003421194,0.071956629,0.768598617,1191.967377,2515.543924,3707.5113,15,128.5452011,249.6895993,378.2348004,10.9728
"1580","743",0.143364012953743,-0.0986284132252321,0.147403298024852,503075,"QULA",3.5,"A",4.3,"AU",2,2,0,80,1,0,0,0,0,0,0,0,0,0,0,0,0,0,5.438356164,1,14.52201204,0.001452201,0.000962113,0.147103275,0.901170205,581.1161011,6145.709213,6726.825314,31,444.6412824,622.1909649,1066.832247,12.192
"1581","745",0.0529618309828843,0.145974153093196,0.17186899869023,503077,"QULA",19.9,"A",20.4,"AU",1,1,0,81,0,1,0,0,0,0,0,0,1,0,0,0,0,0,5.438356164,1,326.8512997,0.03268513,0.031102553,0.091939547,2.910028787,576.6943094,5739.438451,6316.13276,29,63.12359398,602.9335758,666.0571697,12.192
"1582","754",0.148310494231707,0.110340733623648,0.13283097932961,503088,"QULA",20,"A",19.8,"AU",2,2,0,74,0,1,0,0,0,0,0,0,0,0,0,0,0,0,5.438356164,1,307.907496,0.03079075,0.031415927,-0.036775819,-1.149569685,412.7188809,3377.65978,3790.37866,25,31.0286907,511.1550483,542.183739,11.8872
"1583","757",0.194646928581266,-0.111317008674674,0.11547999223786,503094,"QULA",5.9,"A",6.8,"AU",2,2,0,97,0,0,1,0,0,0,0,0,0,0,0,0,0,0,5.438356164,1,36.31681108,0.003631681,0.002733971,0.165491184,1.650701193,848.3713881,3349.778145,4198.149533,21,88.42631465,399.9744042,488.4007188,11.8872
"1584","758",-0.0605241941155989,-0.0380067103928628,0.128296470681816,503095,"QULA",3.8,"A",4.2,"A",0,0,0,99,0,0,0,0,0,0,0,0,0,0,0,0,0,0,5.438356164,1,13.8544236,0.001385442,0.001134115,0.073551637,0.462138567,354.9057221,5251.926103,5606.831825,19,35.65888647,448.4340047,484.0928911,11.8872
"1585","790",0.0168569583130087,-0.061036034318965,-0.0401448088227308,505035,"QULA",19.7,"A",20.5,"AU",2,0,0,29,1,0,0,0,0,0,0,0,0,0,0,0,0,0,5.438356164,0,330.0635782,0.033006358,0.030480517,0.147103275,4.644492595,2185.087646,5408.377417,7593.465063,19,199.3401463,710.5633974,909.9035437,11.8872
"1586","791",-0.0432144612113424,-0.0200570436837264,-0.00877080400674629,505037,"QULA",34,"A",35.3,"A",0,0,0,95,0,0,0,0,0,0,0,0,0,0,0,0,0,0,5.438356164,0,978.6767974,0.09786768,0.090792028,0.239042821,13.01064483,1607.356611,3226.250722,4833.607333,22,252.552807,331.5181919,584.0709988,11.8872
"1587","792",0.0625235631014818,0.110622867623045,0.12830303941008,505038,"QULA",3.9,"A",4.8,"AU",1,1,0,40,0,1,0,0,0,0,0,0,0,0,0,0,0,0,5.438356164,1,18.09557368,0.001809557,0.001194591,0.165491184,1.130795305,2567.937835,4320.860142,6888.797977,27,352.6155785,390.2057924,742.8213709,11.8872
"1588","8",-0.0432144612113411,-0.0200570436837257,-0.0087708040067462,101021,"QULA",16.4,"A",18.4,"A",0,0,0,98,0,0,0,0,0,0,0,0,0,0,0,0,0,0,5.539726027,0,265.9044022,0.02659044,0.021124069,0.361028684,9.867584047,545.8045997,5124.314609,5670.119209,28,64.37337243,579.7204456,644.093818,11.8872
"1589","817",-0.0383873819401652,0.10011198935303,-0.0211765268763414,507015,"QULA",13.1,"A",14.5,"AU",0,0,0,89,0,1,0,0,0,0,0,0,0,0,0,0,0,0,5.438356164,0,165.1299639,0.016512996,0.013478218,0.25743073,5.580323193,211.9082785,3474.051696,3685.959975,26,217.8776922,391.8904571,609.7681493,11.8872
"1590","819",-0.0432144612113424,-0.0200570436837264,-0.00877080400674629,507017,"QULA",11.6,"A",13.4,"A",0,0,0,95,0,0,0,0,0,0,0,0,0,0,0,0,0,0,5.438356164,0,141.0260942,0.014102609,0.010568318,0.330982368,6.498823594,236.0121481,3392.338871,3628.351019,25,253.092792,383.3246728,636.4174648,11.8872
"1591","823",0.272431130411339,-0.143756660408606,0.129719504192503,507022,"QULA",8.6,"A",9.5,"AU",2,2,0,86,1,0,1,0,0,0,0,0,0,0,0,0,0,0,5.438356164,1,70.88218425,0.007088218,0.005808805,0.165491184,2.352574141,1302.928429,3801.052221,5103.980651,26,121.7900566,439.7260993,561.5161559,11.8872
"1592","858",0.108830399273619,-0.0791479844606881,-0.0599074695109698,511012,"QULA",4.5,"A",5.4,"AU",2,1,0,96,0,0,1,0,0,0,0,0,0,0,0,0,0,0,5.438356164,0,22.90221044,0.002290221,0.001590431,0.165491184,1.286767072,28.27433388,1211.908636,1240.18297,5,2.257766854,94.25264112,96.51040797,11.8872
"1593","859",0.106719160094331,0.109803249898192,0.129918163693937,511022,"QULA",5.4,"A",6,"AU",2,1,0,27,0,1,0,0,0,0,0,0,0,0,0,0,0,0,5.438356164,1,28.27433388,0.002827433,0.002290221,0.110327456,0.987821186,45.72588107,498.7592497,544.4851308,4,3.425094368,46.4848108,49.90990517,11.8872
"1594","892",-0.0383873819401652,0.10011198935303,-0.0211765268763414,513011,"QULA",18.4,"A",18.4,"AU",0,0,0,83,0,1,0,0,0,0,0,0,0,0,0,0,0,0,5.435616438,0,265.9044022,0.02659044,0.02659044,0,0,679.6285927,4978.819599,5658.448192,19,123.8789459,541.2971534,665.1760993,12.8016
"1595","919",-0.0432144612113424,-0.0200570436837263,-0.00877080400674631,515001,"QULA",5.3,"A",5.5,"A",0,0,0,70,0,0,0,0,0,0,0,0,0,0,0,0,0,0,5.435616438,0,23.75829444,0.002375829,0.002206183,0.036794355,0.312100762,2729.04656,1006.951131,3735.997692,24,373.3493793,156.2426836,529.5920628,12.8016
"1596","920",-0.0383873819401652,0.10011198935303,-0.0211765268763414,515002,"QULA",12.5,"A",13.8,"AU",0,0,0,72,0,1,0,0,0,0,0,0,0,0,0,0,0,0,5.435616438,0,149.5712262,0.014957123,0.012271846,0.239163306,4.940150489,2603.233629,1379.449772,3982.683401,24,257.6130653,201.5716564,459.1847217,12.8016
"1597","927",-0.0432144612113424,-0.0200570436837263,-0.00877080400674631,515010,"QULA",12.6,"A",13.8,"A",0,0,0,95,0,0,0,0,0,0,0,0,0,0,0,0,0,0,5.435616438,0,149.5712262,0.014957123,0.012468981,0.220766129,4.577477844,1209.081203,1829.058805,3038.140008,21,338.3951906,230.7476904,569.142881,12.8016
"1598","928",-0.0432144612113424,-0.0200570436837263,-0.00877080400674631,515011,"QULA",12.2,"A",14.5,"A",0,0,0,100,0,0,0,0,0,0,0,0,0,0,0,0,0,0,5.435616438,0,165.1299639,0.016512996,0.011689866,0.423135081,8.873198056,1193.522465,1899.940989,3093.463454,22,316.3566186,233.6147783,549.9713969,12.8016
"1599","93",-0.0432144612113426,-0.0200570436837264,-0.00877080400674633,107022,"QULA",9.2,"A",10,"A",0,0,0,98,0,0,0,0,0,0,0,0,0,0,0,0,0,0,5.542465753,0,78.53981634,0.007853982,0.00664761,0.144340089,2.176597263,600.1305906,2110.270617,2710.401208,20,49.86167031,230.2647553,280.1264256,9.7536
"1600","932",-0.0432144612113424,-0.0200570436837263,-0.00877080400674631,515017,"QULA",18.4,"A",20.9,"A",0,0,0,97,0,0,0,0,0,0,0,0,0,0,0,0,0,0,5.435616438,0,343.0697718,0.034306977,0.02659044,0.459929435,14.19624994,908.0695025,4210.346766,5118.416269,26,352.2693931,428.212131,780.4815241,12.8016
"1601","933",-0.0102760787349999,-0.0249701991717408,-0.00922952053995901,515018,"QULA",12,"A",13,"AU",1,0,0,89,0,0,0,0,0,0,0,0,0,0,0,0,0,0,5.435616438,0,132.7322896,0.013273229,0.011309734,0.183971774,3.612277339,1118.406985,4210.346766,5328.753751,26,791.9095237,424.5656708,1216.475195,12.8016
"1602","959",-0.0432144612113424,-0.0200570436837263,-0.00877080400674631,515052,"QULA",3,"A",3.8,"A",0,0,0,94,0,0,0,0,0,0,0,0,0,0,0,0,0,0,5.435616438,0,11.34114948,0.001134115,0.000706858,0.147177419,0.786031549,749.222724,1061.025795,1810.248519,7,78.7983224,71.99647368,150.7947961,11.8872
"1603","960",-0.0432144612113424,-0.0200570436837263,-0.00877080400674631,515053,"QULA",8,"A",9.8,"A",0,0,0,86,0,0,0,0,0,0,0,0,0,0,0,0,0,0,5.435616438,0,75.42963961,0.007542964,0.005026548,0.331149194,4.629494638,685.1342339,922.0967137,1607.230948,6,48.92061323,67.76573268,116.6863459,11.8872
"1604","963",-0.0432144612113424,-0.0200570436837264,-0.00877080400674631,515063,"QULA",1.5,"A",2.5,"A",0,0,0,96,0,0,0,0,0,0,0,0,0,0,0,0,0,0,5.435616438,0,4.908738521,0.000490874,0.000176715,0.183971774,0.577964374,263.9016369,486.8604675,750.7621044,10,24.64822179,43.88216021,68.530382,11.8872
"1605","964",-0.0432144612113424,-0.0200570436837263,-0.00877080400674631,515064,"QULA",2.1,"A",2.2,"A",0,0,0,93,0,0,0,0,0,0,0,0,0,0,0,0,0,0,5.435616438,0,3.801327111,0.000380133,0.000346361,0.018397177,0.06213117,1872.122186,573.450615,2445.572801,13,133.725375,45.65032916,179.3757042,11.8872
"1606","970",0.0740849815369315,-0.0551053752455032,-0.0227031457643077,517006,"QULA",30.9,"A",31.4,"AU",2,2,0,96,0,0,0,0,0,0,0,0,0,0,0,0,0,0,5.452054795,0,774.3711732,0.077437117,0.074990602,0.091708543,4.487327019,0,4905.840402,4905.840402,11,0,1098.388131,1098.388131,13.1064
"1607","980",-0.0432144612113424,-0.0200570436837263,-0.00877080400674631,517018,"QULA",14.9,"A",16.6,"A",0,0,0,94,0,0,0,0,0,0,0,0,0,0,0,0,0,0,5.452054795,0,216.4243179,0.021642432,0.017436625,0.311809045,7.714168921,1896.995746,3606.909649,5503.905395,24,166.4187762,368.4485605,534.8673366,13.1064
"1608","981",-0.0432144612113424,-0.0200570436837263,-0.00877080400674631,517020,"QULA",9.9,"A",11.7,"A",0,0,0,95,0,0,0,0,0,0,0,0,0,0,0,0,0,0,5.452054795,0,107.5131546,0.010751315,0.007697687,0.330150754,5.600875586,2160.779573,2084.077589,4244.857162,21,256.6203658,227.38838,484.0087457,13.1064
"1609","982",0.0489340034040685,-0.0738134666573858,0.145499562637674,517021,"QULA",7.7,"A",9.5,"AU",1,1,0,73,1,0,0,0,0,0,0,0,0,0,0,0,0,0,5.452054795,1,70.88218425,0.007088218,0.004656626,0.330150754,4.459956485,2673.212605,2030.58412,4703.796724,23,312.4986859,215.0054395,527.5041255,13.1064
"1610","983",0.190286803175674,0.127551231062889,0.155241495842766,517023,"QULA",40.8,"A",42,"AU",3,3,0,33,0,1,0,0,0,0,0,0,0,0,0,0,0,0,5.452054795,1,1385.44236,0.138544236,0.13074052,0.220100503,14.31334872,1550.336705,2136.447938,3686.784643,17,127.5031215,178.8512369,306.3543584,13.1064
"1611","984",-0.0432144612113424,-0.0200570436837263,-0.00877080400674632,517024,"QULA",13.8,"A",16.8,"A",0,0,0,99,0,0,0,0,0,0,0,0,0,0,0,0,0,0,5.452054795,0,221.6707776,0.022167078,0.014957123,0.550251256,13.22428958,3440.617296,1021.064736,4461.682033,11,454.2978443,155.4392404,609.7370847,12.192
"1612","985",0.106466858625705,0.0875515926963152,-0.0282807734508207,517025,"QULA",34,"A",35.2,"AU",2,2,0,81,0,1,0,0,0,0,0,0,0,0,0,0,0,0,5.452054795,0,973.1397404,0.097313974,0.090792028,0.220100503,11.96236391,3835.460515,1116.121476,4951.581991,12,319.6156612,286.1616294,605.7772907,12.192
"1613","990",-0.0432144612113424,-0.0200570436837263,-0.00877080400674633,517034,"QULA",1.1,"A",3.5,"A",0,0,0,100,0,0,0,0,0,0,0,0,0,0,0,0,0,0,5.452054795,0,9.621127502,0.000962113,9.50331777710913e-05,0.440201005,1.59037208,3185.496411,1893.4536,5078.950011,11,301.1059171,197.4734455,498.5793626,12.192
"1614","991",-0.0432144612113424,-0.0200570436837263,-0.00877080400674634,517035,"QULA",1.5,"A",4,"A",0,0,0,100,0,0,0,0,0,0,0,0,0,0,0,0,0,0,5.452054795,0,12.56637061,0.001256637,0.000176715,0.458542714,1.980762328,3182.551168,1893.4536,5076.004768,11,295.0127662,190.9536539,485.9664201,12.192
